499 ,6.19 ,0.20
504 ,6.19 ,0.20
509 ,6.19 ,0.20
514 ,0.00 ,-0.10
519 ,6.19 ,0.20
524 ,0.00 ,-0.56
529 ,0.00 ,-0.10
544 ,0.00 ,-0.10
562 ,0.00 ,-0.56
578 ,0.00 ,-0.56
594 ,6.19 ,0.20
610 ,0.00 ,-0.10
627 ,6.19 ,0.20
643 ,0.00 ,-0.10
659 ,6.19 ,0.20
674 ,0.00 ,-0.10
692 ,0.00 ,-0.10
708 ,0.00 ,-0.10
724 ,0.00 ,-0.10
741 ,0.00 ,-0.10
758 ,0.00 ,-0.10
775 ,0.00 ,-0.56
791 ,6.19 ,0.20
806 ,6.19 ,0.20
823 ,9.78 ,0.51
838 ,6.19 ,0.20
854 ,6.19 ,0.20
869 ,6.19 ,0.20
884 ,9.78 ,0.51
901 ,0.00 ,-0.10
917 ,0.00 ,-0.10
933 ,6.19 ,0.20
949 ,0.00 ,-0.10
966 ,0.00 ,-0.10
983 ,0.00 ,-0.10
999 ,0.00 ,-0.56
1015 ,0.00 ,-0.10
1034 ,0.00 ,-0.10
1051 ,6.19 ,0.20
1068 ,6.19 ,0.20
1084 ,6.19 ,0.20
1101 ,6.19 ,0.20
1118 ,6.19 ,0.20
1134 ,6.19 ,0.20
1150 ,6.19 ,0.20
1168 ,6.19 ,0.20
1184 ,6.19 ,0.20
1201 ,9.78 ,0.51
1217 ,9.78 ,0.51
1234 ,6.19 ,0.20
1251 ,9.78 ,0.51
1267 ,6.19 ,0.20
1284 ,6.19 ,0.20
1301 ,6.19 ,0.20
1317 ,6.19 ,0.20
1334 ,6.19 ,0.20
1350 ,6.19 ,0.20
1368 ,0.00 ,-0.10
1385 ,6.19 ,0.20
1401 ,6.19 ,0.20
1418 ,0.00 ,-0.10
1436 ,0.00 ,-0.10
1454 ,0.00 ,-0.10
1471 ,0.00 ,-0.10
1489 ,0.00 ,-0.56
1507 ,6.19 ,0.20
1523 ,0.00 ,-0.10
1541 ,0.00 ,-0.10
1559 ,0.00 ,-0.56
1576 ,0.00 ,-0.10
1594 ,0.00 ,-0.56
1611 ,0.00 ,-0.10
1630 ,9.78 ,0.51
1646 ,0.00 ,-0.10
1664 ,6.19 ,0.20
1680 ,9.78 ,0.51
1697 ,6.19 ,0.20
1714 ,6.19 ,0.20
1730 ,0.00 ,-0.10
1747 ,6.19 ,0.20
1765 ,6.19 ,0.20
1781 ,6.19 ,0.20
1798 ,6.19 ,0.20
1814 ,6.19 ,0.20
1831 ,6.19 ,0.20
1848 ,6.19 ,0.20
1864 ,9.78 ,0.51
1881 ,6.19 ,0.20
1898 ,6.19 ,0.20
1914 ,6.19 ,0.20
1931 ,6.19 ,0.20
1947 ,6.19 ,0.20
1965 ,6.19 ,0.20
1981 ,0.00 ,-0.10
1998 ,6.19 ,0.20
2015 ,9.78 ,0.51
2032 ,6.19 ,0.20
2049 ,0.00 ,-0.10
2066 ,0.00 ,-0.10
2083 ,6.19 ,0.20
2101 ,0.00 ,-0.10
2118 ,0.00 ,-0.10
2136 ,0.00 ,-0.10
2154 ,6.19 ,0.20
2170 ,6.19 ,0.20
2187 ,9.78 ,0.51
2203 ,9.78 ,0.51
2221 ,0.00 ,-0.10
2238 ,0.00 ,-0.10
2255 ,0.00 ,-0.10
2273 ,0.00 ,-0.10
2291 ,0.00 ,-0.56
2309 ,0.00 ,-0.10
2326 ,6.19 ,0.20
2342 ,0.00 ,-0.10
2361 ,0.00 ,-0.10
2378 ,0.00 ,-0.56
2396 ,0.00 ,-0.10
2413 ,0.00 ,-0.56
2432 ,0.00 ,-0.10
2449 ,0.00 ,-0.10
2466 ,6.19 ,0.20
2483 ,6.19 ,0.20
2500 ,0.00 ,-0.10
2518 ,0.00 ,-0.10
2535 ,9.78 ,0.51
2552 ,12.36 ,0.81
2570 ,9.78 ,0.51
2586 ,9.78 ,0.51
2603 ,6.19 ,0.20
2620 ,6.19 ,0.20
2636 ,0.00 ,-0.86
2654 ,6.19 ,0.20
2670 ,0.00 ,-0.10
2689 ,0.00 ,-0.56
2706 ,6.19 ,0.20
2722 ,0.00 ,-0.10
2740 ,0.00 ,-0.10
2758 ,6.19 ,0.20
2775 ,6.19 ,0.20
2791 ,6.19 ,0.20
2807 ,9.78 ,0.51
2825 ,6.19 ,0.20
2841 ,6.19 ,0.20
2857 ,6.19 ,0.20
2874 ,0.00 ,-0.10
2892 ,6.19 ,0.20
2909 ,6.19 ,0.20
2925 ,6.19 ,0.20
2941 ,0.00 ,-0.10
2960 ,6.19 ,0.20
2976 ,6.19 ,0.20
2993 ,6.19 ,0.20
3009 ,0.00 ,-0.10
3027 ,9.78 ,0.51
3044 ,0.00 ,-0.10
3061 ,0.00 ,-0.10
3079 ,0.00 ,-0.56
3097 ,0.00 ,-0.56
3115 ,0.00 ,-0.10
3132 ,0.00 ,-0.56
3149 ,0.00 ,-0.56
3168 ,0.00 ,-0.10
3185 ,0.00 ,-0.10
3203 ,6.19 ,0.20
3220 ,0.00 ,-0.10
3237 ,0.00 ,-0.10
3255 ,0.00 ,-0.10
3272 ,6.19 ,0.20
3290 ,0.00 ,-0.10
3307 ,6.19 ,0.20
3323 ,0.00 ,-0.10
3341 ,6.19 ,0.20
3358 ,0.00 ,-0.10
3376 ,0.00 ,-0.10
3393 ,0.00 ,-0.10
3410 ,0.00 ,-0.56
3429 ,0.00 ,-0.56
3446 ,0.00 ,-0.10
3464 ,0.00 ,-0.10
3481 ,6.19 ,0.20
3499 ,6.19 ,0.20
3515 ,6.19 ,0.20
3531 ,9.78 ,0.51
3548 ,0.00 ,-0.56
3566 ,6.19 ,0.20
3582 ,6.19 ,0.20
3599 ,9.78 ,0.51
3615 ,0.00 ,-0.10
3634 ,0.00 ,-0.56
3651 ,0.00 ,-0.10
3668 ,0.00 ,-0.86
3687 ,0.00 ,-0.56
3704 ,0.00 ,-0.10
3722 ,0.00 ,-0.56
3739 ,0.00 ,-0.10
3758 ,6.19 ,0.20
3774 ,6.19 ,0.20
3790 ,6.19 ,0.20
3807 ,6.19 ,0.20
3824 ,0.00 ,-0.10
3842 ,0.00 ,-0.10
3859 ,6.19 ,0.20
3875 ,6.19 ,0.20
3893 ,6.19 ,0.20
3909 ,0.00 ,-0.10
3927 ,6.19 ,0.20
3943 ,0.00 ,-0.10
3961 ,0.00 ,-0.10
3979 ,0.00 ,-0.10
3996 ,0.00 ,-0.10
4014 ,6.19 ,0.20
4031 ,0.00 ,-0.10
4048 ,6.19 ,0.20
4065 ,6.19 ,0.20
4081 ,9.78 ,0.51
4099 ,6.19 ,0.20
4115 ,6.19 ,0.20
4131 ,6.19 ,0.20
4148 ,6.19 ,0.20
4165 ,0.00 ,-0.10
4183 ,0.00 ,-0.10
4200 ,0.00 ,-0.56
4218 ,18.02 ,1.73
4236 ,0.00 ,-1.17
4253 ,0.00 ,-0.56
4271 ,9.78 ,0.51
4288 ,6.19 ,0.20
4304 ,6.19 ,0.20
4321 ,9.78 ,0.51
4337 ,6.19 ,0.20
4355 ,6.19 ,0.20
4371 ,0.00 ,-0.56
4388 ,0.00 ,-0.56
4406 ,0.00 ,-0.10
4424 ,0.00 ,-0.10
4442 ,0.00 ,-0.10
4459 ,0.00 ,-0.10
4476 ,6.19 ,0.20
4494 ,0.00 ,-0.10
4511 ,9.78 ,0.51
4528 ,6.19 ,0.20
4544 ,6.19 ,0.20
4561 ,9.78 ,0.51
4578 ,0.00 ,-0.56
4595 ,0.00 ,-0.10
4613 ,0.00 ,-0.56
4631 ,0.00 ,-0.10
4648 ,0.00 ,-0.56
4666 ,0.00 ,-0.10
4684 ,0.00 ,-0.56
4702 ,0.00 ,-0.56
4719 ,0.00 ,-0.10
4737 ,0.00 ,-0.10
4755 ,6.19 ,0.20
4771 ,0.00 ,-0.86
4789 ,12.36 ,0.81
4806 ,0.00 ,-0.10
4825 ,0.00 ,-0.10
4842 ,0.00 ,-0.56
4859 ,0.00 ,-0.10
4877 ,12.36 ,0.81
4895 ,0.00 ,-0.86
4913 ,14.50 ,1.12
4930 ,9.78 ,0.51
4946 ,0.00 ,-0.86
4965 ,0.00 ,-1.47
4982 ,14.50 ,1.12
5000 ,0.00 ,-0.56
5018 ,0.00 ,-0.86
5036 ,0.00 ,-0.10
5053 ,0.00 ,-0.86
5070 ,9.78 ,0.51
5088 ,6.19 ,0.20
5104 ,0.00 ,-0.10
5122 ,0.00 ,-0.10
5139 ,0.00 ,-0.10
5157 ,9.78 ,0.51
5174 ,0.00 ,-0.10
5191 ,0.00 ,-0.10
5209 ,6.19 ,0.20
5226 ,6.19 ,0.20
5242 ,6.19 ,0.20
5259 ,6.19 ,0.20
5275 ,6.19 ,0.20
5293 ,6.19 ,0.20
5309 ,9.78 ,0.51
5325 ,0.00 ,-0.10
5343 ,9.78 ,0.51
5360 ,9.78 ,0.51
5377 ,6.19 ,0.20
5393 ,6.19 ,0.20
5409 ,6.19 ,0.20
5427 ,6.19 ,0.20
5443 ,6.19 ,0.20
5459 ,6.19 ,0.20
5476 ,9.78 ,0.51
5493 ,14.50 ,1.12
5511 ,9.78 ,0.51
5527 ,9.78 ,0.51
5543 ,12.36 ,0.81
5562 ,14.50 ,1.12
5579 ,9.78 ,0.51
5596 ,12.36 ,0.81
5614 ,9.78 ,0.51
5630 ,9.78 ,0.51
5647 ,9.78 ,0.51
5663 ,6.19 ,0.20
5681 ,6.19 ,0.20
5697 ,0.00 ,-0.10
5714 ,0.00 ,-0.56
5732 ,0.00 ,-0.10
5750 ,0.00 ,-0.56
5768 ,0.00 ,-0.56
5785 ,6.19 ,0.20
5801 ,6.19 ,0.20
5819 ,6.19 ,0.20
5835 ,0.00 ,-0.10
5853 ,0.00 ,-0.10
5870 ,0.00 ,-0.10
5889 ,0.00 ,-0.10
5906 ,0.00 ,-0.56
5923 ,0.00 ,-0.56
5941 ,0.00 ,-0.10
5959 ,0.00 ,-0.10
5977 ,0.00 ,-0.10
5994 ,9.78 ,0.51
6010 ,6.19 ,0.20
6028 ,9.78 ,0.51
6044 ,9.78 ,0.51
6061 ,6.19 ,0.20
6077 ,6.19 ,0.20
6094 ,6.19 ,0.20
6111 ,0.00 ,-0.10
6128 ,9.78 ,0.51
6145 ,0.00 ,-0.56
6163 ,0.00 ,-0.56
6180 ,0.00 ,-0.10
6198 ,0.00 ,-0.10
6216 ,0.00 ,-0.10
6234 ,6.19 ,0.20
6250 ,6.19 ,0.20
6266 ,6.19 ,0.20
6284 ,0.00 ,-0.10
6301 ,6.19 ,0.20
6318 ,6.19 ,0.20
6334 ,0.00 ,-0.10
6352 ,6.19 ,0.20
6369 ,6.19 ,0.20
6385 ,0.00 ,-0.10
6403 ,9.78 ,0.51
6420 ,9.78 ,0.51
6436 ,6.19 ,0.20
6453 ,0.00 ,-0.10
6470 ,0.00 ,-0.10
6489 ,6.19 ,0.20
6505 ,0.00 ,-0.10
6522 ,0.00 ,-0.56
6540 ,0.00 ,-0.56
6558 ,0.00 ,-0.10
6576 ,0.00 ,-0.10
6593 ,6.19 ,0.20
6609 ,6.19 ,0.20
6627 ,0.00 ,-0.10
6644 ,0.00 ,-0.10
6662 ,6.19 ,0.20
6679 ,0.00 ,-0.10
6696 ,0.00 ,-0.10
6714 ,0.00 ,-0.86
6731 ,0.00 ,-0.10
6750 ,0.00 ,-0.10
6767 ,0.00 ,-0.10
6785 ,6.19 ,0.20
6801 ,6.19 ,0.20
6818 ,9.78 ,0.51
6835 ,6.19 ,0.20
6851 ,0.00 ,-0.10
6868 ,6.19 ,0.20
6886 ,6.19 ,0.20
6902 ,0.00 ,-0.56
6920 ,0.00 ,-0.10
6937 ,6.19 ,0.20
6955 ,0.00 ,-0.56
6972 ,0.00 ,-0.10
6989 ,0.00 ,-0.56
7007 ,0.00 ,-0.56
7025 ,0.00 ,-0.10
7043 ,0.00 ,-0.10
7060 ,0.00 ,-0.56
7078 ,0.00 ,-0.56
7096 ,6.19 ,0.20
7112 ,0.00 ,-0.10
7130 ,0.00 ,-0.56
7148 ,0.00 ,-0.56
7165 ,0.00 ,-0.56
7183 ,0.00 ,-0.56
7200 ,0.00 ,-0.86
7219 ,0.00 ,-0.56
7236 ,0.00 ,-0.10
7254 ,0.00 ,-0.10
7271 ,0.00 ,-0.56
7289 ,0.00 ,-0.56
7307 ,0.00 ,-0.56
7324 ,0.00 ,-0.10
7342 ,0.00 ,-0.56
7360 ,0.00 ,-0.10
7377 ,0.00 ,-0.10
7395 ,0.00 ,-0.10
7413 ,0.00 ,-0.10
7431 ,6.19 ,0.20
7447 ,6.19 ,0.20
7463 ,6.19 ,0.20
7481 ,0.00 ,-0.56
7498 ,0.00 ,-0.10
7516 ,6.19 ,0.20
7532 ,0.00 ,-0.10
7550 ,6.19 ,0.20
7567 ,0.00 ,-0.10
7584 ,0.00 ,-0.10
7602 ,0.00 ,-0.10
7620 ,0.00 ,-0.10
7638 ,6.19 ,0.20
7654 ,6.19 ,0.20
7670 ,6.19 ,0.20
7688 ,6.19 ,0.20
7704 ,6.19 ,0.20
7720 ,9.78 ,0.51
7737 ,6.19 ,0.20
7754 ,0.00 ,-0.10
7772 ,6.19 ,0.20
7788 ,0.00 ,-0.10
7805 ,6.19 ,0.20
7823 ,0.00 ,-0.56
7840 ,0.00 ,-0.56
7858 ,0.00 ,-0.10
7875 ,0.00 ,-0.10
7894 ,0.00 ,-0.10
7911 ,0.00 ,-0.56
7928 ,6.19 ,0.20
7946 ,0.00 ,-0.10
7963 ,6.19 ,0.20
7980 ,6.19 ,0.20
7996 ,6.19 ,0.20
8013 ,9.78 ,0.51
8030 ,0.00 ,-0.10
8047 ,0.00 ,-0.10
8065 ,0.00 ,-0.10
8083 ,6.19 ,0.20
8099 ,0.00 ,-0.10
8117 ,9.78 ,0.51
8133 ,6.19 ,0.20
8151 ,0.00 ,-0.10
8168 ,0.00 ,-0.10
8185 ,0.00 ,-0.10
8203 ,9.78 ,0.51
8220 ,9.78 ,0.51
8237 ,0.00 ,-0.10
8254 ,0.00 ,-0.10
8271 ,0.00 ,-0.10
8290 ,6.19 ,0.20
8306 ,0.00 ,-0.10
8324 ,6.19 ,0.20
8340 ,0.00 ,-0.10
8358 ,6.19 ,0.20
8375 ,6.19 ,0.20
8391 ,6.19 ,0.20
8408 ,0.00 ,-0.10
8426 ,0.00 ,-0.10
8443 ,0.00 ,-0.56
8461 ,0.00 ,-0.10
8479 ,0.00 ,-0.10
8497 ,0.00 ,-0.10
8514 ,0.00 ,-0.10
8531 ,6.19 ,0.20
8549 ,0.00 ,-0.10
8566 ,6.19 ,0.20
8583 ,6.19 ,0.20
8599 ,6.19 ,0.20
8616 ,6.19 ,0.20
8633 ,0.00 ,-0.10
8650 ,6.19 ,0.20
8667 ,6.19 ,0.20
8684 ,0.00 ,-0.10
8701 ,6.19 ,0.20
8718 ,0.00 ,-0.10
8735 ,6.19 ,0.20
8753 ,0.00 ,-0.10
8770 ,6.19 ,0.20
8786 ,6.19 ,0.20
8803 ,0.00 ,-0.10
8821 ,9.78 ,0.51
8838 ,6.19 ,0.20
8854 ,0.00 ,-0.56
8871 ,0.00 ,-0.10
8890 ,0.00 ,-0.10
8907 ,0.00 ,-0.10
8925 ,6.19 ,0.20
8942 ,0.00 ,-0.10
8960 ,0.00 ,-0.10
8977 ,0.00 ,-0.10
8994 ,0.00 ,-0.10
9013 ,0.00 ,-0.10
9030 ,0.00 ,-0.56
9048 ,0.00 ,-0.10
9065 ,0.00 ,-0.10
9083 ,0.00 ,-0.10
9101 ,0.00 ,-0.56
9118 ,0.00 ,-0.56
9136 ,0.00 ,-0.56
9154 ,0.00 ,-0.10
9171 ,0.00 ,-0.86
9189 ,0.00 ,-0.10
9206 ,0.00 ,-0.10
9225 ,6.19 ,0.20
9241 ,0.00 ,-0.10
9259 ,6.19 ,0.20
9276 ,6.19 ,0.20
9292 ,6.19 ,0.20
9309 ,6.19 ,0.20
9325 ,9.78 ,0.51
9342 ,0.00 ,-0.10
9360 ,0.00 ,-0.10
9377 ,0.00 ,-0.10
9395 ,0.00 ,-0.10
9413 ,0.00 ,-0.10
9431 ,0.00 ,-0.10
9448 ,0.00 ,-0.10
9465 ,0.00 ,-0.56
9484 ,6.19 ,0.20
9500 ,0.00 ,-0.56
9518 ,0.00 ,-0.10
9535 ,0.00 ,-0.10
9553 ,6.19 ,0.20
9570 ,6.19 ,0.20
9586 ,6.19 ,0.20
9603 ,9.78 ,0.51
9620 ,6.19 ,0.20
9636 ,6.19 ,0.20
9653 ,0.00 ,-0.10
9670 ,0.00 ,-0.10
9689 ,0.00 ,-0.10
9706 ,0.00 ,-0.56
9723 ,6.19 ,0.20
9741 ,0.00 ,-0.56
9758 ,0.00 ,-0.56
9776 ,0.00 ,-0.56
9793 ,0.00 ,-0.86
9811 ,0.00 ,-0.86
9829 ,6.19 ,0.20
9845 ,0.00 ,-0.10
9863 ,0.00 ,-0.10
9881 ,0.00 ,-0.10
9899 ,0.00 ,-0.10
9916 ,6.19 ,0.20
9932 ,6.19 ,0.20
9950 ,9.78 ,0.51
9966 ,12.36 ,0.81
9984 ,0.00 ,-0.10
10001 ,6.19 ,0.20
10019 ,0.00 ,-0.10
10038 ,6.19 ,0.20
10055 ,6.19 ,0.20
10074 ,0.00 ,-0.10
10092 ,0.00 ,-0.10
10110 ,0.00 ,-0.56
10129 ,0.00 ,-0.10
10148 ,0.00 ,-0.10
10167 ,6.19 ,0.20
10184 ,0.00 ,-0.10
10203 ,0.00 ,-0.10
10222 ,6.19 ,0.20
10240 ,6.19 ,0.20
10257 ,0.00 ,-0.10
10276 ,6.19 ,0.20
10294 ,6.19 ,0.20
10311 ,0.00 ,-0.10
10330 ,0.00 ,-0.10
10349 ,0.00 ,-0.86
10368 ,12.36 ,0.81
10386 ,9.78 ,0.51
10403 ,6.19 ,0.20
10422 ,9.78 ,0.51
10439 ,6.19 ,0.20
10457 ,0.00 ,-0.56
10476 ,0.00 ,-0.56
10494 ,0.00 ,-0.56
10513 ,6.19 ,0.20
10530 ,0.00 ,-0.56
10550 ,0.00 ,-0.56
10568 ,0.00 ,-0.56
10587 ,0.00 ,-0.86
10606 ,0.00 ,-0.86
10625 ,0.00 ,-0.56
10643 ,0.00 ,-0.86
10661 ,6.19 ,0.20
10680 ,6.19 ,0.20
10697 ,9.78 ,0.51
10715 ,6.19 ,0.20
10732 ,6.19 ,0.20
10750 ,0.00 ,-0.10
10769 ,0.00 ,-0.10
10787 ,0.00 ,-0.10
10807 ,0.00 ,-0.10
10825 ,0.00 ,-0.56
10844 ,0.00 ,-0.10
10862 ,0.00 ,-0.10
10882 ,0.00 ,-0.10
10900 ,6.19 ,0.20
10917 ,6.19 ,0.20
10935 ,6.19 ,0.20
10953 ,6.19 ,0.20
10971 ,0.00 ,-0.10
10989 ,0.00 ,-0.10
11009 ,0.00 ,-0.10
11027 ,6.19 ,0.20
11044 ,0.00 ,-0.10
11063 ,0.00 ,-0.56
11082 ,6.19 ,0.20
11100 ,0.00 ,-0.10
11118 ,0.00 ,-0.10
11137 ,0.00 ,-0.10
11156 ,0.00 ,-0.10
11174 ,6.19 ,0.20
11192 ,6.19 ,0.20
11210 ,6.19 ,0.20
11228 ,0.00 ,-0.10
11246 ,0.00 ,-0.10
11265 ,6.19 ,0.20
11283 ,0.00 ,-0.56
11301 ,6.19 ,0.20
11319 ,6.19 ,0.20
11336 ,0.00 ,-0.10
11356 ,0.00 ,-0.10
11374 ,0.00 ,-0.10
11393 ,6.19 ,0.20
11411 ,0.00 ,-0.10
11429 ,6.19 ,0.20
11447 ,0.00 ,-0.10
11465 ,6.19 ,0.20
11484 ,0.00 ,-0.10
11502 ,6.19 ,0.20
11520 ,6.19 ,0.20
11538 ,6.19 ,0.20
11555 ,0.00 ,-0.10
11574 ,9.78 ,0.51
11591 ,6.19 ,0.20
11610 ,0.00 ,-0.10
11628 ,6.19 ,0.20
11645 ,6.19 ,0.20
11663 ,0.00 ,-0.10
11682 ,0.00 ,-0.10
11701 ,0.00 ,-0.10
11719 ,0.00 ,-0.86
11739 ,0.00 ,-0.56
11757 ,0.00 ,-0.86
11776 ,0.00 ,-0.10
11794 ,0.00 ,-0.10
11813 ,0.00 ,-0.10
11832 ,0.00 ,-0.56
11850 ,0.00 ,-0.56
11869 ,0.00 ,-0.10
11888 ,0.00 ,-0.56
11907 ,0.00 ,-0.56
11925 ,0.00 ,-0.10
11944 ,0.00 ,-0.10
11963 ,0.00 ,-0.56
11981 ,0.00 ,-0.10
12000 ,6.19 ,0.20
12018 ,0.00 ,-0.10
12037 ,0.00 ,-0.10
12055 ,0.00 ,-0.10
12075 ,6.19 ,0.20
12092 ,0.00 ,-0.10
12110 ,6.19 ,0.20
12128 ,9.78 ,0.51
12146 ,0.00 ,-0.10
12165 ,0.00 ,-0.10
12183 ,0.00 ,-0.10
12201 ,6.19 ,0.20
12220 ,6.19 ,0.20
12237 ,6.19 ,0.20
12255 ,0.00 ,-0.10
12274 ,9.78 ,0.51
12292 ,0.00 ,-0.10
12310 ,6.19 ,0.20
12327 ,6.19 ,0.20
12346 ,0.00 ,-0.10
12364 ,6.19 ,0.20
12382 ,0.00 ,-0.10
12400 ,6.19 ,0.20
12419 ,0.00 ,-0.10
12437 ,0.00 ,-0.10
12455 ,6.19 ,0.20
12474 ,0.00 ,-0.10
12492 ,6.19 ,0.20
12510 ,0.00 ,-0.10
12528 ,6.19 ,0.20
12547 ,6.19 ,0.20
12564 ,6.19 ,0.20
12581 ,6.19 ,0.20
12599 ,9.78 ,0.51
12617 ,6.19 ,0.20
12635 ,6.19 ,0.20
12652 ,6.19 ,0.20
12670 ,9.78 ,0.51
12688 ,0.00 ,-0.10
12706 ,0.00 ,-0.10
12725 ,0.00 ,-0.10
12744 ,6.19 ,0.20
12762 ,0.00 ,-0.10
12780 ,6.19 ,0.20
12797 ,6.19 ,0.20
12816 ,9.78 ,0.51
12833 ,0.00 ,-0.10
12852 ,0.00 ,-0.10
12871 ,6.19 ,0.20
12889 ,6.19 ,0.20
12906 ,6.19 ,0.20
12923 ,0.00 ,-0.10
12943 ,0.00 ,-0.10
12961 ,6.19 ,0.20
12979 ,0.00 ,-0.10
12997 ,0.00 ,-0.10
13017 ,0.00 ,-0.10
13035 ,0.00 ,-0.10
13053 ,6.19 ,0.20
13072 ,0.00 ,-0.10
13090 ,6.19 ,0.20
13108 ,6.19 ,0.20
13125 ,6.19 ,0.20
13144 ,6.19 ,0.20
13161 ,0.00 ,-0.10
13179 ,6.19 ,0.20
13197 ,0.00 ,-0.10
13216 ,6.19 ,0.20
13234 ,9.78 ,0.51
13251 ,0.00 ,-0.10
13271 ,6.19 ,0.20
13288 ,6.19 ,0.20
13305 ,6.19 ,0.20
13323 ,6.19 ,0.20
13341 ,6.19 ,0.20
13359 ,6.19 ,0.20
13376 ,9.78 ,0.51
13393 ,0.00 ,-0.10
13413 ,6.19 ,0.20
13430 ,6.19 ,0.20
13448 ,6.19 ,0.20
13465 ,9.78 ,0.51
13484 ,6.19 ,0.20
13501 ,0.00 ,-0.10
13519 ,6.19 ,0.20
13538 ,6.19 ,0.20
13555 ,6.19 ,0.20
13573 ,0.00 ,-0.10
13591 ,0.00 ,-0.10
13611 ,6.19 ,0.20
13628 ,6.19 ,0.20
13645 ,0.00 ,-0.10
13664 ,0.00 ,-0.10
13683 ,6.19 ,0.20
13701 ,6.19 ,0.20
13718 ,0.00 ,-0.10
13737 ,9.78 ,0.51
13755 ,0.00 ,-0.10
13773 ,6.19 ,0.20
13791 ,6.19 ,0.20
13809 ,6.19 ,0.20
13827 ,0.00 ,-0.56
13845 ,6.19 ,0.20
13862 ,0.00 ,-0.10
13882 ,6.19 ,0.20
13899 ,6.19 ,0.20
13917 ,6.19 ,0.20
13935 ,6.19 ,0.20
13953 ,0.00 ,-0.10
13971 ,6.19 ,0.20
13988 ,6.19 ,0.20
14007 ,6.19 ,0.20
14024 ,0.00 ,-0.10
14043 ,0.00 ,-0.10
14061 ,9.78 ,0.51
14080 ,6.19 ,0.20
14097 ,0.00 ,-0.10
14115 ,0.00 ,-0.10
14135 ,6.19 ,0.20
14152 ,6.19 ,0.20
14170 ,0.00 ,-0.10
14188 ,6.19 ,0.20
14206 ,9.78 ,0.51
14224 ,9.78 ,0.51
14241 ,6.19 ,0.20
14259 ,0.00 ,-0.10
14278 ,0.00 ,-0.10
14297 ,6.19 ,0.20
14314 ,6.19 ,0.20
14331 ,6.19 ,0.20
14350 ,0.00 ,-0.56
14368 ,0.00 ,-0.56
14387 ,0.00 ,-0.10
14406 ,0.00 ,-0.10
14425 ,0.00 ,-0.56
14443 ,0.00 ,-1.17
14461 ,0.00 ,-0.86
14481 ,0.00 ,-0.86
14499 ,0.00 ,-0.56
14518 ,6.19 ,0.20
14536 ,0.00 ,-0.10
14555 ,0.00 ,-0.10
14573 ,6.19 ,0.20
14590 ,9.78 ,0.51
14609 ,0.00 ,-0.10
14627 ,0.00 ,-0.10
14646 ,0.00 ,-0.10
14664 ,0.00 ,-0.10
14684 ,0.00 ,-0.86
14702 ,6.19 ,0.20
14720 ,0.00 ,-0.10
14739 ,0.00 ,-0.10
14757 ,6.19 ,0.20
14775 ,6.19 ,0.20
14792 ,6.19 ,0.20
14811 ,0.00 ,-0.10
14829 ,0.00 ,-0.10
14848 ,6.19 ,0.20
14866 ,0.00 ,-0.10
14884 ,6.19 ,0.20
14902 ,0.00 ,-0.10
14920 ,0.00 ,-0.10
14940 ,0.00 ,-0.10
14958 ,0.00 ,-0.56
14977 ,0.00 ,-0.10
14995 ,0.00 ,-0.10
15014 ,0.00 ,-0.86
15033 ,0.00 ,-0.10
15051 ,0.00 ,-0.10
15071 ,0.00 ,-0.56
15089 ,0.00 ,-0.86
15108 ,6.19 ,0.20
15125 ,0.00 ,-0.56
15144 ,0.00 ,-0.10
15163 ,0.00 ,-0.10
15181 ,0.00 ,-0.56
15201 ,0.00 ,-0.10
15219 ,0.00 ,-0.10
15238 ,6.19 ,0.20
15255 ,6.19 ,0.20
15273 ,6.19 ,0.20
15291 ,6.19 ,0.20
15308 ,0.00 ,-0.10
15327 ,6.19 ,0.20
15345 ,6.19 ,0.20
15363 ,0.00 ,-0.10
15381 ,0.00 ,-0.10
15400 ,6.19 ,0.20
15418 ,9.78 ,0.51
15435 ,6.19 ,0.20
15453 ,6.19 ,0.20
15471 ,6.19 ,0.20
15489 ,0.00 ,-0.10
15507 ,0.00 ,-0.10
15525 ,0.00 ,-0.10
15545 ,0.00 ,-0.10
15563 ,0.00 ,-0.56
15582 ,0.00 ,-0.56
15601 ,0.00 ,-0.56
15620 ,0.00 ,-0.10
15638 ,6.19 ,0.20
15655 ,0.00 ,-0.10
15675 ,0.00 ,-0.10
15693 ,0.00 ,-0.10
15712 ,6.19 ,0.20
15729 ,6.19 ,0.20
15748 ,0.00 ,-0.10
15766 ,0.00 ,-0.10
15784 ,0.00 ,-0.10
15804 ,0.00 ,-0.10
15822 ,0.00 ,-0.10
15841 ,0.00 ,-0.10
15859 ,0.00 ,-0.10
15879 ,6.19 ,0.20
15896 ,6.19 ,0.20
15913 ,0.00 ,-0.10
15933 ,0.00 ,-0.10
15951 ,0.00 ,-0.56
15970 ,6.19 ,0.20
15987 ,0.00 ,-0.10
16007 ,0.00 ,-0.10
16025 ,0.00 ,-0.10
16044 ,6.19 ,0.20
16061 ,6.19 ,0.20
16079 ,0.00 ,-0.10
16098 ,0.00 ,-0.10
16116 ,6.19 ,0.20
16135 ,0.00 ,-0.10
16153 ,0.00 ,-0.56
16172 ,0.00 ,-0.10
16190 ,0.00 ,-0.10
16209 ,0.00 ,-0.10
16228 ,0.00 ,-0.10
16246 ,6.19 ,0.20
16265 ,0.00 ,-0.10
16283 ,0.00 ,-0.10
16302 ,0.00 ,-0.56
16320 ,6.19 ,0.20
16338 ,0.00 ,-0.10
16357 ,0.00 ,-0.56
16375 ,0.00 ,-0.56
16394 ,0.00 ,-0.10
16413 ,0.00 ,-0.56
16432 ,0.00 ,-0.10
16450 ,0.00 ,-0.10
16470 ,0.00 ,-0.10
16488 ,6.19 ,0.20
16505 ,0.00 ,-0.56
16524 ,0.00 ,-0.10
16543 ,0.00 ,-0.56
16562 ,0.00 ,-0.10
16580 ,0.00 ,-0.56
16600 ,0.00 ,-0.10
16618 ,0.00 ,-0.10
16636 ,0.00 ,-0.86
16655 ,9.78 ,0.51
16673 ,6.19 ,0.20
16691 ,0.00 ,-0.10
16709 ,0.00 ,-0.10
16728 ,0.00 ,-0.10
16747 ,9.78 ,0.51
16764 ,6.19 ,0.20
16782 ,9.78 ,0.51
16800 ,9.78 ,0.51
16818 ,6.19 ,0.20
16835 ,6.19 ,0.20
16852 ,9.78 ,0.51
16871 ,0.00 ,-0.56
16889 ,0.00 ,-0.56
16908 ,0.00 ,-0.10
16926 ,0.00 ,-0.10
16946 ,0.00 ,-0.86
16964 ,0.00 ,-0.10
16983 ,0.00 ,-0.86
17002 ,0.00 ,-0.56
17020 ,0.00 ,-0.10
17039 ,0.00 ,-0.10
17057 ,6.19 ,0.20
17076 ,6.19 ,0.20
17093 ,9.78 ,0.51
17111 ,6.19 ,0.20
17129 ,0.00 ,-0.10
17147 ,6.19 ,0.20
17165 ,6.19 ,0.20
17182 ,6.19 ,0.20
17201 ,9.78 ,0.51
17218 ,6.19 ,0.20
17235 ,6.19 ,0.20
17253 ,6.19 ,0.20
17271 ,9.78 ,0.51
17289 ,6.19 ,0.20
17306 ,6.19 ,0.20
17324 ,6.19 ,0.20
17342 ,0.00 ,-0.10
17360 ,6.19 ,0.20
17378 ,9.78 ,0.51
17396 ,9.78 ,0.51
17414 ,12.36 ,0.81
17432 ,12.36 ,0.81
17451 ,14.50 ,1.12
17470 ,12.36 ,0.81
17488 ,9.78 ,0.51
17506 ,9.78 ,0.51
17523 ,9.78 ,0.51
17542 ,9.78 ,0.51
17559 ,9.78 ,0.51
17576 ,6.19 ,0.20
17595 ,6.19 ,0.20
17612 ,6.19 ,0.20
17630 ,9.78 ,0.51
17647 ,9.78 ,0.51
17666 ,12.36 ,0.81
17684 ,9.78 ,0.51
17701 ,6.19 ,0.20
17719 ,6.19 ,0.20
17737 ,0.00 ,-0.56
17756 ,9.78 ,0.51
17773 ,0.00 ,-0.10
17792 ,0.00 ,-0.56
17811 ,6.19 ,0.20
17828 ,0.00 ,-0.10
17847 ,0.00 ,-0.56
17866 ,9.78 ,0.51
17884 ,0.00 ,-0.10
17902 ,6.19 ,0.20
17920 ,6.19 ,0.20
17938 ,6.19 ,0.20
17955 ,12.36 ,0.81
17974 ,0.00 ,-0.10
17992 ,0.00 ,-0.10
18012 ,0.00 ,-0.86
18030 ,0.00 ,-0.56
18049 ,0.00 ,-0.56
18068 ,0.00 ,-0.10
18086 ,0.00 ,-0.10
18105 ,0.00 ,-0.10
18123 ,6.19 ,0.20
18142 ,9.78 ,0.51
18159 ,12.36 ,0.81
18178 ,0.00 ,-0.86
18197 ,0.00 ,-4.22
18215 ,0.00 ,-10.48
18235 ,0.00 ,-17.34
18254 ,0.00 ,-15.05
18275 ,0.00 ,-17.34
18294 ,0.00 ,-70.59
18314 ,0.00 ,-85.39
18334 ,0.00 ,-96.99
18354 ,0.00 ,-109.04
18374 ,0.00 ,-120.94
18396 ,0.00 ,-128.42
18416 ,0.00 ,-138.34
18437 ,0.00 ,-179.69
18457 ,0.00 ,-244.07
18479 ,0.00 ,-272.00
18499 ,0.00 ,-300.38
18520 ,0.00 ,-326.77
18541 ,0.00 ,-349.05
18562 ,0.00 ,-374.07
18582 ,0.00 ,-394.06
18604 ,0.00 ,-409.16
18624 ,0.00 ,-411.15
18644 ,0.00 ,-409.93
18666 ,0.00 ,-402.30
18686 ,0.00 ,-395.43
18707 ,0.00 ,-386.89
18728 ,0.00 ,-373.00
18749 ,0.00 ,-344.78
18769 ,0.00 ,-318.53
18790 ,0.00 ,-301.60
18811 ,0.00 ,-294.43
18832 ,0.00 ,-281.91
18852 ,0.00 ,-269.71
18874 ,0.00 ,-258.87
18894 ,0.00 ,-261.16
18915 ,0.00 ,-271.39
18936 ,0.00 ,-278.25
18957 ,0.00 ,-277.34
18977 ,0.00 ,-267.72
18999 ,0.00 ,-258.87
19019 ,0.00 ,-254.60
19040 ,0.00 ,-249.11
19061 ,0.00 ,-243.16
19082 ,0.00 ,-236.29
19102 ,0.00 ,-226.38
19123 ,0.00 ,-202.73
19144 ,0.00 ,-164.28
19165 ,0.00 ,-148.56
19185 ,0.00 ,-166.26
19207 ,0.00 ,-193.11
19227 ,0.00 ,-210.66
19248 ,0.00 ,-218.14
19269 ,0.00 ,-228.05
19290 ,0.00 ,-235.53
19310 ,0.00 ,-226.99
19332 ,0.00 ,-223.48
19352 ,0.00 ,-227.29
19373 ,0.00 ,-216.15
19394 ,0.00 ,-179.99
19415 ,0.00 ,-119.88
19435 ,0.00 ,-76.24
19454 ,0.00 ,-66.01
19475 ,0.00 ,-68.30
19494 ,0.00 ,-82.49
19514 ,0.00 ,-103.09
19535 ,0.00 ,-120.94
19556 ,0.00 ,-133.45
19576 ,0.00 ,-131.01
19598 ,0.00 ,-127.81
19618 ,0.00 ,-134.68
19639 ,0.00 ,-147.80
19660 ,0.00 ,-160.31
19681 ,0.00 ,-170.53
19701 ,0.00 ,-180.75
19722 ,0.00 ,-196.77
19743 ,0.00 ,-212.95
19764 ,0.00 ,-230.34
19784 ,0.00 ,-247.43
19806 ,0.00 ,-254.91
19826 ,0.00 ,-264.21
19847 ,0.00 ,-273.98
19868 ,0.00 ,-268.79
19889 ,0.00 ,-255.21
19909 ,0.00 ,-242.55
19931 ,0.00 ,-232.33
19951 ,0.00 ,-224.70
19972 ,0.00 ,-207.00
19993 ,0.00 ,-193.57
20014 ,0.00 ,-181.67
20034 ,0.00 ,-171.45
20055 ,0.00 ,-161.38
20076 ,0.00 ,-151.76
20097 ,0.00 ,-144.59
20117 ,0.00 ,-138.95
20139 ,0.00 ,-133.45
20159 ,0.00 ,-122.16
20179 ,0.00 ,-112.70
20201 ,0.00 ,-102.18
20221 ,0.00 ,-86.77
20241 ,0.00 ,-73.64
20261 ,0.00 ,-63.73
20281 ,0.00 ,-60.52
20300 ,0.00 ,-62.35
20320 ,0.00 ,-62.05
20340 ,0.00 ,-53.20
20360 ,0.00 ,-43.74
20379 ,0.00 ,-39.16
20400 ,0.00 ,-32.45
20419 ,0.00 ,-23.90
20439 ,0.00 ,-16.43
20459 ,0.00 ,-14.75
20478 ,0.00 ,-17.80
20498 ,0.00 ,-15.05
20517 ,6.19 ,0.20
20536 ,27.98 ,4.17
20554 ,20.26 ,2.19
20573 ,35.64 ,6.77
20592 ,59.44 ,18.82
20612 ,92.44 ,45.52
20631 ,106.14 ,60.01
20652 ,109.46 ,63.83
20673 ,108.67 ,62.91
20694 ,110.63 ,65.20
20714 ,110.89 ,65.51
20736 ,106.41 ,60.32
20756 ,105.87 ,59.71
20776 ,113.07 ,68.10
20798 ,121.49 ,78.63
20818 ,127.25 ,86.26
20839 ,139.28 ,103.35
20861 ,168.16 ,150.65
20883 ,169.60 ,153.24
20904 ,153.38 ,125.32
20927 ,157.79 ,132.64
20948 ,134.58 ,96.48
20969 ,133.83 ,95.41
20990 ,142.54 ,108.23
21012 ,151.78 ,122.72
21033 ,200.77 ,214.73
21056 ,211.81 ,238.99
21078 ,189.84 ,192.00
21099 ,253.71 ,342.90
21121 ,234.77 ,293.61
21143 ,269.15 ,385.92
21165 ,245.27 ,320.47
21186 ,235.92 ,296.51
21209 ,256.57 ,350.68
21230 ,263.94 ,371.12
21252 ,224.99 ,269.66
21274 ,216.55 ,249.82
21296 ,206.81 ,227.85
21317 ,201.98 ,217.32
21340 ,195.64 ,203.90
21361 ,113.44 ,68.56
21382 ,210.79 ,236.70
21404 ,154.40 ,127.00
21426 ,177.12 ,167.13
21447 ,139.49 ,103.65
21470 ,150.55 ,120.74
21491 ,150.17 ,120.13
21513 ,133.83 ,95.41
21534 ,134.36 ,96.18
21555 ,164.98 ,145.00
21576 ,176.55 ,166.06
21599 ,99.45 ,52.69
21618 ,130.36 ,90.53
21639 ,83.31 ,36.98
21659 ,105.46 ,59.25
21680 ,105.46 ,59.25
21700 ,121.84 ,79.09
21722 ,104.65 ,58.34
21742 ,128.70 ,88.24
21763 ,108.41 ,62.61
21783 ,121.49 ,78.63
21805 ,122.08 ,79.39
21825 ,124.06 ,81.99
21846 ,130.36 ,90.53
21867 ,107.88 ,62.00
21888 ,9.78 ,0.51
21905 ,67.34 ,24.16
21925 ,54.14 ,15.61
21945 ,108.41 ,62.61
21965 ,82.97 ,36.67
21985 ,113.95 ,69.17
22006 ,73.83 ,29.04
22026 ,72.66 ,28.13
22045 ,67.77 ,24.46
22066 ,66.49 ,23.55
22085 ,96.08 ,49.18
22105 ,78.35 ,32.70
22125 ,24.14 ,3.10
22144 ,48.86 ,12.72
22163 ,72.66 ,28.13
22182 ,65.40 ,22.79
22203 ,55.70 ,16.53
22222 ,66.49 ,23.55
22242 ,56.98 ,17.29
22262 ,26.40 ,3.71
22281 ,51.15 ,13.94
22300 ,21.63 ,2.49
22319 ,41.23 ,9.05
22338 ,0.00 ,-4.53
22356 ,46.76 ,11.65
22376 ,55.70 ,16.53
22396 ,38.72 ,7.99
22415 ,20.26 ,2.19
22433 ,50.58 ,13.63
22454 ,35.64 ,6.77
22472 ,31.81 ,5.39
22491 ,25.29 ,3.41
22509 ,35.64 ,6.77
22529 ,40.52 ,8.75
22547 ,36.43 ,7.07
22565 ,86.18 ,39.57
22585 ,91.03 ,44.15
22605 ,89.77 ,42.93
22625 ,107.88 ,62.00
22645 ,77.99 ,32.40
22666 ,94.13 ,47.20
22685 ,90.08 ,43.23
22705 ,102.29 ,55.74
22726 ,89.77 ,42.93
22746 ,82.10 ,35.91
22765 ,82.97 ,36.67
22785 ,55.19 ,16.22
22805 ,27.98 ,4.17
22823 ,0.00 ,-3.31
22842 ,0.00 ,-9.56
22861 ,0.00 ,-19.02
22881 ,0.00 ,-10.17
22900 ,43.26 ,9.97
22920 ,50.58 ,13.63
22939 ,0.00 ,-3.61
22958 ,0.00 ,-13.07
22977 ,0.00 ,-7.88
22996 ,37.21 ,7.38
23015 ,61.10 ,19.89
23034 ,73.05 ,28.43
23055 ,72.27 ,27.82
23074 ,64.52 ,22.18
23094 ,52.26 ,14.55
23113 ,48.86 ,12.72
23134 ,53.61 ,15.31
23153 ,70.05 ,26.14
23173 ,103.13 ,56.66
23194 ,118.75 ,75.12
23215 ,116.56 ,72.37
23235 ,105.19 ,58.95
23257 ,88.64 ,41.86
23276 ,77.99 ,32.40
23296 ,70.05 ,26.14
23315 ,56.98 ,17.29
23335 ,43.92 ,10.27
23355 ,22.92 ,2.80
23373 ,20.26 ,2.19
23393 ,26.40 ,3.71
23411 ,0.00 ,-0.56
23430 ,0.00 ,-3.31
23448 ,0.00 ,-2.39
23468 ,0.00 ,-5.29
23486 ,0.00 ,-4.98
23504 ,0.00 ,-2.08
23524 ,0.00 ,-1.47
23542 ,0.00 ,-1.47
23561 ,0.00 ,-1.17
23579 ,0.00 ,-0.86
23599 ,0.00 ,-1.47
23617 ,0.00 ,-1.47
23635 ,0.00 ,-0.56
23655 ,6.19 ,0.20
23672 ,0.00 ,-0.86
23691 ,0.00 ,-0.86
23709 ,0.00 ,-0.10
23729 ,6.19 ,0.20
23746 ,0.00 ,-0.86
23764 ,0.00 ,-1.47
23783 ,0.00 ,-1.47
23802 ,0.00 ,-1.78
23821 ,0.00 ,-1.78
23839 ,0.00 ,-1.78
23859 ,0.00 ,-3.00
23877 ,0.00 ,-4.53
23896 ,0.00 ,-4.98
23914 ,0.00 ,-3.00
23933 ,0.00 ,-3.92
23952 ,0.00 ,-3.92
23970 ,0.00 ,-4.22
23990 ,0.00 ,-3.00
24008 ,0.00 ,-3.00
24027 ,0.00 ,-1.78
24045 ,0.00 ,-1.17
24065 ,0.00 ,-1.78
24083 ,0.00 ,-1.47
24101 ,6.19 ,0.20
24120 ,0.00 ,-2.08
24138 ,0.00 ,-1.47
24157 ,0.00 ,-0.86
24175 ,0.00 ,-1.17
24195 ,0.00 ,-1.78
24213 ,0.00 ,-1.17
24231 ,0.00 ,-0.86
24251 ,12.36 ,0.81
24269 ,0.00 ,-0.56
24288 ,0.00 ,-1.78
24306 ,0.00 ,-1.17
24326 ,0.00 ,-0.10
24344 ,0.00 ,-0.56
24363 ,0.00 ,-0.86
24381 ,0.00 ,-0.86
24400 ,0.00 ,-0.86
24419 ,6.19 ,0.20
24436 ,0.00 ,-1.78
24456 ,0.00 ,-0.86
24474 ,14.50 ,1.12
24493 ,6.19 ,0.20
24510 ,6.19 ,0.20
24528 ,6.19 ,0.20
24546 ,0.00 ,-0.86
24564 ,0.00 ,-1.17
24584 ,0.00 ,-0.10
24602 ,0.00 ,-0.10
24621 ,0.00 ,-0.56
24639 ,0.00 ,-0.56
24658 ,6.19 ,0.20
24676 ,6.19 ,0.20
24693 ,6.19 ,0.20
24711 ,0.00 ,-0.56
24730 ,0.00 ,-0.56
24749 ,0.00 ,-0.86
24767 ,0.00 ,-0.10
24786 ,0.00 ,-0.56
24805 ,0.00 ,-0.10
24823 ,0.00 ,-0.10
24842 ,0.00 ,-0.56
24861 ,0.00 ,-0.10
24880 ,0.00 ,-0.56
24898 ,0.00 ,-0.10
24918 ,6.19 ,0.20
24935 ,6.19 ,0.20
24952 ,6.19 ,0.20
24970 ,6.19 ,0.20
24988 ,6.19 ,0.20
25006 ,14.50 ,1.12
25024 ,0.00 ,-0.10
25042 ,6.19 ,0.20
25061 ,0.00 ,-0.10
25079 ,0.00 ,-0.10
25098 ,6.19 ,0.20
25116 ,6.19 ,0.20
25134 ,12.36 ,0.81
25152 ,6.19 ,0.20
25169 ,6.19 ,0.20
25188 ,0.00 ,-0.10
25206 ,0.00 ,-0.56
25225 ,6.19 ,0.20
25242 ,0.00 ,-0.10
25262 ,0.00 ,-0.56
25280 ,0.00 ,-0.10
25298 ,9.78 ,0.51
25317 ,6.19 ,0.20
25334 ,6.19 ,0.20
25352 ,6.19 ,0.20
25369 ,9.78 ,0.51
25388 ,0.00 ,-0.56
25406 ,0.00 ,-0.56
25424 ,0.00 ,-0.56
25443 ,0.00 ,-0.10
25462 ,0.00 ,-0.56
25481 ,0.00 ,-0.10
25499 ,0.00 ,-0.10
25519 ,0.00 ,-0.10
25537 ,0.00 ,-0.56
25555 ,0.00 ,-1.47
25574 ,0.00 ,-1.78
25593 ,0.00 ,-1.47
25612 ,0.00 ,-1.78
25630 ,0.00 ,-3.31
25650 ,0.00 ,-40.69
25669 ,0.00 ,-114.08
25690 ,0.00 ,-121.55
25710 ,0.00 ,-111.33
25732 ,0.00 ,-155.73
25752 ,0.00 ,-238.28
25773 ,0.00 ,-317.16
25794 ,0.00 ,-381.24
25815 ,0.00 ,-420.76
25835 ,0.00 ,-443.65
25857 ,0.00 ,-455.85
25877 ,0.00 ,-476.30
25897 ,0.00 ,-491.71
25919 ,0.00 ,-500.86
25939 ,0.00 ,-511.39
25960 ,0.00 ,-526.19
25981 ,0.00 ,-540.69
26002 ,0.00 ,-548.16
26022 ,0.00 ,-546.18
26043 ,0.00 ,-554.72
26064 ,0.00 ,-562.66
26085 ,0.00 ,-567.24
26105 ,0.00 ,-568.61
26127 ,0.00 ,-574.86
26147 ,0.00 ,-573.80
26168 ,0.00 ,-572.88
26189 ,0.00 ,-571.51
26210 ,0.00 ,-562.66
26230 ,0.00 ,-550.15
26252 ,0.00 ,-537.03
26272 ,0.00 ,-530.46
26293 ,0.00 ,-526.50
26314 ,0.00 ,-525.12
26335 ,0.00 ,-527.57
26355 ,0.00 ,-528.18
26376 ,0.00 ,-536.41
26397 ,0.00 ,-535.04
26418 ,0.00 ,-534.74
26438 ,0.00 ,-533.67
26460 ,0.00 ,-526.80
26480 ,0.00 ,-521.92
26501 ,0.00 ,-524.21
26522 ,0.00 ,-526.80
26543 ,0.00 ,-520.55
26563 ,0.00 ,-522.84
26585 ,0.00 ,-517.34
26605 ,0.00 ,-505.75
26626 ,0.00 ,-502.24
26647 ,0.00 ,-488.05
26668 ,0.00 ,-483.16
26688 ,0.00 ,-474.01
26708 ,0.00 ,-469.74
26730 ,0.00 ,-466.99
26750 ,0.00 ,-463.79
26771 ,0.00 ,-462.11
26792 ,0.00 ,-452.19
26813 ,0.00 ,-448.99
26833 ,0.00 ,-449.29
26855 ,0.00 ,-446.39
26875 ,0.00 ,-437.09
26896 ,0.00 ,-427.32
26917 ,0.00 ,-412.22
26938 ,0.00 ,-410.23
26958 ,0.00 ,-408.55
26980 ,0.00 ,-400.01
27000 ,0.00 ,-389.48
27021 ,0.00 ,-380.94
27041 ,0.00 ,-373.77
27063 ,0.00 ,-374.99
27083 ,0.00 ,-370.41
27104 ,0.00 ,-366.44
27125 ,0.00 ,-361.25
27146 ,0.00 ,-357.29
27166 ,0.00 ,-354.69
27188 ,0.00 ,-353.02
27208 ,0.00 ,-349.05
27229 ,0.00 ,-338.83
27250 ,0.00 ,-318.23
27271 ,0.00 ,-282.22
27291 ,0.00 ,-177.40
27313 ,0.00 ,-127.50
27333 ,0.00 ,-94.55
27353 ,0.00 ,-73.64
27372 ,0.00 ,-60.52
27393 ,0.00 ,-55.79
27412 ,0.00 ,-57.78
27431 ,0.00 ,-64.79
27452 ,0.00 ,-72.88
27471 ,0.00 ,-78.53
27491 ,0.00 ,-85.09
27510 ,0.00 ,-89.66
27531 ,0.00 ,-96.53
27550 ,0.00 ,-102.79
27571 ,0.00 ,-103.85
27592 ,0.00 ,-104.46
27613 ,0.00 ,-102.18
27633 ,0.00 ,-101.57
27655 ,0.00 ,-108.43
27675 ,0.00 ,-115.91
27696 ,0.00 ,-117.89
27717 ,0.00 ,-115.60
27738 ,0.00 ,-122.16
27758 ,0.00 ,-125.22
27780 ,0.00 ,-137.73
27800 ,0.00 ,-153.14
27821 ,0.00 ,-168.55
27841 ,0.00 ,-182.28
27863 ,0.00 ,-193.88
27883 ,0.00 ,-196.47
27904 ,0.00 ,-188.54
27925 ,0.00 ,-183.96
27945 ,0.00 ,-174.80
27966 ,0.00 ,-171.45
27987 ,0.00 ,-173.43
28008 ,0.00 ,-173.13
28028 ,0.00 ,-169.92
28050 ,0.00 ,-167.17
28070 ,0.00 ,-173.13
28091 ,0.00 ,-176.48
28112 ,0.00 ,-169.92
28133 ,0.00 ,-161.99
28153 ,0.00 ,-142.91
28174 ,0.00 ,-120.18
28195 ,0.00 ,-110.42
28216 ,0.00 ,-111.03
28236 ,0.00 ,-105.84
28258 ,0.00 ,-88.75
28277 ,0.00 ,-71.97
28297 ,0.00 ,-64.03
28317 ,0.00 ,-66.63
28337 ,0.00 ,-67.69
28356 ,0.00 ,-67.08
28376 ,0.00 ,-67.39
28396 ,0.00 ,-66.32
28416 ,0.00 ,-67.69
28435 ,0.00 ,-66.01
28455 ,0.00 ,-57.78
28475 ,0.00 ,-42.67
28494 ,0.00 ,-22.99
28515 ,0.00 ,-7.88
28533 ,0.00 ,-10.17
28553 ,0.00 ,-17.34
28572 ,0.00 ,-22.99
28593 ,0.00 ,-30.16
28612 ,0.00 ,-34.89
28632 ,0.00 ,-33.82
28652 ,0.00 ,-24.97
28672 ,0.00 ,-5.29
28690 ,24.14 ,3.10
28708 ,9.78 ,0.51
28727 ,0.00 ,-0.86
28745 ,42.59 ,9.66
28764 ,71.67 ,27.36
28784 ,60.15 ,19.28
28804 ,0.00 ,-11.09
28823 ,0.00 ,-58.08
28844 ,0.00 ,-93.02
28863 ,0.00 ,-73.19
28882 ,0.00 ,-35.50
28902 ,42.59 ,9.66
28921 ,84.00 ,37.59
28941 ,114.45 ,69.78
28961 ,175.17 ,163.46
28984 ,150.55 ,120.74
29005 ,137.00 ,99.99
29026 ,143.84 ,110.21
29048 ,135.21 ,97.40
29069 ,183.09 ,178.57
29090 ,197.82 ,208.47
29113 ,218.73 ,254.86
29134 ,260.28 ,360.90
29156 ,280.16 ,418.12
29178 ,281.79 ,423.00
29200 ,295.38 ,464.81
29221 ,256.46 ,350.37
29244 ,253.42 ,342.13
29265 ,278.26 ,412.47
29287 ,272.91 ,396.76
29309 ,232.75 ,288.58
29331 ,202.76 ,219.00
29352 ,221.91 ,262.33
29374 ,220.55 ,259.13
29396 ,263.13 ,368.83
29418 ,237.86 ,301.39
29440 ,231.02 ,284.31
29462 ,216.02 ,248.60
29484 ,189.09 ,190.47
29505 ,203.67 ,220.99
29528 ,135.21 ,97.40
29548 ,133.40 ,94.80
29569 ,134.36 ,96.18
29590 ,159.15 ,134.93
29612 ,108.67 ,62.91
29632 ,139.08 ,103.04
29655 ,138.15 ,101.67
29676 ,133.19 ,94.50
29697 ,117.41 ,73.44
29718 ,76.69 ,31.33
29737 ,111.15 ,65.81
29758 ,114.45 ,69.78
29779 ,94.73 ,47.81
29799 ,58.46 ,18.21
29818 ,43.26 ,9.97
29837 ,90.40 ,43.54
29857 ,115.07 ,70.54
29878 ,85.52 ,38.96
29897 ,87.67 ,40.94
29918 ,69.23 ,25.53
29937 ,61.57 ,20.19
29957 ,83.66 ,37.28
29977 ,67.77 ,24.46
29997 ,86.18 ,39.57
30016 ,76.69 ,31.33
30035 ,57.97 ,17.90
30056 ,64.52 ,22.18
30075 ,43.26 ,9.97
30094 ,46.14 ,11.34
30114 ,41.91 ,9.36
30133 ,60.63 ,19.58
30152 ,61.10 ,19.89
30172 ,55.19 ,16.22
30192 ,51.15 ,13.94
30212 ,60.15 ,19.28
30231 ,58.46 ,18.21
30252 ,43.92 ,10.27
30271 ,16.35 ,1.42
30289 ,37.97 ,7.68
30309 ,29.96 ,4.78
30327 ,53.07 ,15.00
30347 ,58.46 ,18.21
30366 ,37.97 ,7.68
30386 ,58.95 ,18.51
30405 ,38.72 ,7.99
30424 ,43.92 ,10.27
30444 ,46.14 ,11.34
30464 ,43.92 ,10.27
30483 ,50.58 ,13.63
30502 ,60.15 ,19.28
30523 ,50.01 ,13.33
30542 ,33.57 ,6.00
30561 ,53.61 ,15.31
30581 ,20.26 ,2.19
30600 ,39.81 ,8.44
30618 ,47.37 ,11.95
30638 ,73.83 ,29.04
30658 ,89.77 ,42.93
30678 ,91.03 ,44.15
30697 ,91.03 ,44.15
30717 ,96.68 ,49.79
30737 ,98.88 ,52.08
30756 ,105.46 ,59.25
30778 ,100.74 ,54.06
30798 ,103.41 ,56.96
30819 ,105.87 ,59.71
30840 ,98.59 ,51.78
30860 ,98.00 ,51.17
30879 ,96.38 ,49.49
30899 ,94.43 ,47.50
30919 ,91.35 ,44.45
30939 ,88.32 ,41.55
30958 ,90.40 ,43.54
30979 ,88.32 ,41.55
30998 ,85.18 ,38.65
31017 ,87.34 ,40.64
31037 ,45.52 ,11.04
31057 ,0.00 ,-19.02
31077 ,0.00 ,-45.72
31096 ,0.00 ,-60.06
31117 ,0.00 ,-53.20
31136 ,0.00 ,-37.48
31156 ,0.00 ,-30.92
31176 ,0.00 ,-7.27
31195 ,0.00 ,-4.22
31213 ,0.00 ,-4.98
31232 ,0.00 ,-6.51
31251 ,0.00 ,-5.59
31269 ,0.00 ,-4.22
31288 ,0.00 ,-3.00
31307 ,0.00 ,-2.39
31326 ,0.00 ,-2.39
31344 ,0.00 ,-3.61
31363 ,0.00 ,-3.61
31382 ,6.19 ,0.20
31399 ,6.19 ,0.20
31417 ,0.00 ,-0.10
31435 ,0.00 ,-0.86
31455 ,0.00 ,-2.08
31473 ,0.00 ,-3.92
31492 ,0.00 ,-4.53
31511 ,0.00 ,-4.98
31529 ,0.00 ,-4.53
31548 ,0.00 ,-5.90
31566 ,0.00 ,-9.87
31586 ,0.00 ,-13.83
31605 ,0.00 ,-12.15
31625 ,0.00 ,-10.78
31645 ,0.00 ,-10.78
31665 ,0.00 ,-8.80
31683 ,0.00 ,-5.59
31702 ,0.00 ,-3.92
31721 ,0.00 ,-3.31
31739 ,0.00 ,-3.31
31758 ,0.00 ,-3.61
31777 ,0.00 ,-3.00
31796 ,0.00 ,-3.00
31814 ,0.00 ,-5.29
31833 ,0.00 ,-5.29
31852 ,0.00 ,-4.53
31870 ,0.00 ,-2.39
31889 ,0.00 ,-2.08
31908 ,0.00 ,-3.31
31927 ,0.00 ,-4.22
31945 ,0.00 ,-4.22
31964 ,0.00 ,-2.39
31983 ,0.00 ,-4.53
32002 ,0.00 ,-3.92
32020 ,0.00 ,-3.92
32039 ,0.00 ,-4.22
32058 ,0.00 ,-5.59
32076 ,0.00 ,-3.31
32095 ,0.00 ,-3.31
32114 ,0.00 ,-3.31
32133 ,0.00 ,-3.31
32151 ,0.00 ,-4.53
32169 ,0.00 ,-6.20
32189 ,0.00 ,-7.27
32207 ,0.00 ,-5.59
32226 ,0.00 ,-6.81
32245 ,0.00 ,-5.59
32264 ,0.00 ,-4.53
32282 ,0.00 ,-4.98
32301 ,0.00 ,-5.29
32320 ,0.00 ,-3.92
32338 ,0.00 ,-2.39
32357 ,0.00 ,-3.00
32376 ,0.00 ,-3.00
32395 ,0.00 ,-3.00
32413 ,0.00 ,-1.78
32432 ,0.00 ,-44.96
32452 ,0.00 ,-47.71
32472 ,0.00 ,-41.75
32491 ,0.00 ,-36.41
32512 ,0.00 ,-34.13
32531 ,0.00 ,-37.79
32550 ,0.00 ,-45.72
32571 ,0.00 ,-51.21
32590 ,0.00 ,-57.17
32610 ,0.00 ,-64.03
32629 ,0.00 ,-69.68
32650 ,0.00 ,-73.19
32669 ,0.00 ,-74.86
32689 ,0.00 ,-78.83
32709 ,0.00 ,-77.92
32729 ,0.00 ,-75.93
32748 ,0.00 ,-71.97
32768 ,0.00 ,-68.61
32788 ,0.00 ,-67.39
32807 ,0.00 ,-65.40
32827 ,0.00 ,-64.34
32847 ,0.00 ,-87.68
32867 ,0.00 ,-108.13
32887 ,0.00 ,-114.08
32909 ,0.00 ,-110.72
32929 ,0.00 ,-106.14
32950 ,0.00 ,-97.90
32970 ,0.00 ,-95.92
32990 ,0.00 ,-110.42
33010 ,0.00 ,-122.16
33031 ,0.00 ,-126.44
33052 ,0.00 ,-132.39
33073 ,0.00 ,-176.79
33093 ,0.00 ,-241.48
33115 ,0.00 ,-286.80
33135 ,0.00 ,-296.71
33156 ,0.00 ,-281.91
33177 ,0.00 ,-267.42
33198 ,0.00 ,-271.08
33218 ,0.00 ,-284.81
33240 ,0.00 ,-303.88
33260 ,0.00 ,-318.23
33281 ,0.00 ,-331.35
33301 ,0.00 ,-348.44
33323 ,0.00 ,-366.14
33343 ,0.00 ,-381.24
33363 ,0.00 ,-392.84
33385 ,0.00 ,-402.91
33405 ,0.00 ,-412.22
33426 ,0.00 ,-422.74
33447 ,0.00 ,-440.14
33468 ,0.00 ,-450.21
33488 ,0.00 ,-458.75
33510 ,0.00 ,-481.79
33530 ,0.00 ,-506.81
33551 ,0.00 ,-537.94
33572 ,0.00 ,-571.81
33593 ,0.00 ,-598.21
33613 ,0.00 ,-602.02
33634 ,0.00 ,-583.71
33655 ,0.00 ,-569.22
33676 ,0.00 ,-553.20
33696 ,0.00 ,-527.87
33718 ,0.00 ,-510.02
33738 ,0.00 ,-504.22
33759 ,0.00 ,-494.30
33780 ,0.00 ,-489.73
33801 ,0.00 ,-480.88
33821 ,0.00 ,-474.93
33843 ,0.00 ,-478.28
33863 ,0.00 ,-479.81
33884 ,0.00 ,-478.59
33905 ,0.00 ,-467.75
33926 ,0.00 ,-456.16
33946 ,0.00 ,-444.10
33967 ,0.00 ,-430.22
33988 ,0.00 ,-423.66
34009 ,0.00 ,-430.83
34029 ,0.00 ,-440.75
34051 ,0.00 ,-441.05
34071 ,0.00 ,-443.04
34092 ,0.00 ,-442.43
34113 ,0.00 ,-436.17
34134 ,0.00 ,-425.03
34154 ,0.00 ,-417.40
34176 ,0.00 ,-404.59
34196 ,0.00 ,-388.11
34216 ,0.00 ,-270.47
34238 ,0.00 ,-208.37
34258 ,0.00 ,-162.60
34279 ,0.00 ,-130.71
34299 ,0.00 ,-125.22
34321 ,0.00 ,-123.84
34341 ,0.00 ,-121.86
34362 ,0.00 ,-116.67
34383 ,0.00 ,-116.98
34404 ,0.00 ,-119.26
34424 ,0.00 ,-123.23
34446 ,0.00 ,-126.13
34466 ,0.00 ,-134.37
34487 ,0.00 ,-136.96
34508 ,0.00 ,-135.74
34529 ,0.00 ,-134.98
34549 ,0.00 ,-137.27
34571 ,0.00 ,-132.08
34591 ,0.00 ,-127.20
34612 ,0.00 ,-125.52
34632 ,0.00 ,-127.50
34654 ,0.00 ,-129.18
34674 ,0.00 ,-130.40
34695 ,0.00 ,-123.84
34716 ,0.00 ,-122.93
34737 ,0.00 ,-121.86
34757 ,0.00 ,-117.89
34779 ,0.00 ,-111.33
34799 ,0.00 ,-110.42
34820 ,0.00 ,-103.55
34841 ,0.00 ,-96.23
34861 ,0.00 ,-83.71
34880 ,0.00 ,-74.86
34900 ,0.00 ,-63.12
34920 ,0.00 ,-53.50
34939 ,0.00 ,-46.94
34959 ,0.00 ,-40.08
34979 ,0.00 ,-38.40
34999 ,0.00 ,-43.74
35018 ,0.00 ,-63.12
35039 ,0.00 ,-89.05
35058 ,0.00 ,-110.11
35079 ,0.00 ,-124.45
35100 ,0.00 ,-140.93
35121 ,0.00 ,-139.25
35141 ,0.00 ,-117.89
35162 ,0.00 ,-52.59
35182 ,108.41 ,62.61
35203 ,154.77 ,127.61
35224 ,143.24 ,109.30
35247 ,141.43 ,106.55
35268 ,182.77 ,177.96
35290 ,242.21 ,312.53
35312 ,239.54 ,305.67
35334 ,228.77 ,278.81
35355 ,306.29 ,499.75
35378 ,273.48 ,398.43
35399 ,349.60 ,651.10
35421 ,279.80 ,417.05
35443 ,337.35 ,606.25
35465 ,269.69 ,387.45
35486 ,350.50 ,654.46
35509 ,289.26 ,445.73
35530 ,296.84 ,469.38
35552 ,269.69 ,387.45
35574 ,256.01 ,349.15
35596 ,264.27 ,372.04
35617 ,242.75 ,313.91
35640 ,247.65 ,326.72
35661 ,200.63 ,214.42
35683 ,201.84 ,217.02
35705 ,209.63 ,234.11
35727 ,154.21 ,126.69
35748 ,168.16 ,150.65
35771 ,192.61 ,197.64
35792 ,138.36 ,101.97
35814 ,152.63 ,124.10
35836 ,125.78 ,84.27
35857 ,150.36 ,120.44
35878 ,108.15 ,62.30
35900 ,120.31 ,77.10
35920 ,70.87 ,26.75
35940 ,99.45 ,52.69
35959 ,72.27 ,27.82
35980 ,89.45 ,42.62
35999 ,85.18 ,38.65
36019 ,82.62 ,36.37
36039 ,79.98 ,34.08
36059 ,65.40 ,22.79
36078 ,61.10 ,19.89
36099 ,64.07 ,21.87
36118 ,60.63 ,19.58
36137 ,64.07 ,21.87
36157 ,43.92 ,10.27
36177 ,67.34 ,24.16
36197 ,53.07 ,15.00
36216 ,49.44 ,13.02
36237 ,58.46 ,18.21
36256 ,50.01 ,13.33
36276 ,47.97 ,12.26
36295 ,44.88 ,10.73
36316 ,48.86 ,12.72
36335 ,47.37 ,11.95
36355 ,45.52 ,11.04
36375 ,47.37 ,11.95
36395 ,47.37 ,11.95
36414 ,52.26 ,14.55
36434 ,69.64 ,25.84
36454 ,78.72 ,33.01
36473 ,80.69 ,34.69
36493 ,79.98 ,34.08
36513 ,69.23 ,25.53
36533 ,79.08 ,33.31
36552 ,79.08 ,33.31
36573 ,82.10 ,35.91
36592 ,84.00 ,37.59
36612 ,88.32 ,41.55
36632 ,89.77 ,42.93
36652 ,81.75 ,35.60
36671 ,79.08 ,33.31
36690 ,73.45 ,28.74
36711 ,57.97 ,17.90
36730 ,0.00 ,-50.30
36750 ,0.00 ,-117.28
36771 ,0.00 ,-183.96
36792 ,0.00 ,-160.31
36812 ,0.00 ,-168.85
36834 ,0.00 ,-134.98
36854 ,0.00 ,-108.43
36875 ,0.00 ,-83.10
36894 ,0.00 ,-65.71
36915 ,0.00 ,-55.18
36934 ,0.00 ,-46.33
36954 ,0.00 ,-38.40
36974 ,0.00 ,-32.45
36994 ,0.00 ,-28.94
37013 ,0.00 ,-25.28
37033 ,0.00 ,-22.68
37053 ,0.00 ,-20.39
37072 ,0.00 ,-17.80
37092 ,0.00 ,-14.14
37112 ,0.00 ,-10.78
37132 ,0.00 ,-7.58
37150 ,0.00 ,-3.31
37170 ,0.00 ,-2.08
37188 ,0.00 ,-1.17
37207 ,0.00 ,-1.47
37225 ,0.00 ,-1.47
37244 ,0.00 ,-1.17
37263 ,0.00 ,-0.86
37281 ,0.00 ,-0.56
37301 ,0.00 ,-0.56
37319 ,6.19 ,0.20
37337 ,14.50 ,1.12
37355 ,9.78 ,0.51
37373 ,6.19 ,0.20
37391 ,0.00 ,-0.56
37409 ,0.00 ,-0.56
37428 ,0.00 ,-1.17
37447 ,0.00 ,-0.10
37466 ,0.00 ,-0.56
37484 ,0.00 ,-0.56
37504 ,0.00 ,-0.56
37522 ,0.00 ,-0.10
37540 ,6.19 ,0.20
37558 ,0.00 ,-0.56
37577 ,0.00 ,-0.86
37596 ,0.00 ,-0.86
37614 ,0.00 ,-0.56
37634 ,0.00 ,-0.56
37652 ,0.00 ,-0.10
37670 ,0.00 ,-0.56
37689 ,0.00 ,-0.56
37708 ,0.00 ,-0.56
37727 ,0.00 ,-0.56
37745 ,0.00 ,-0.86
37765 ,0.00 ,-0.56
37783 ,0.00 ,-0.86
37801 ,0.00 ,-0.10
37820 ,0.00 ,-0.86
37839 ,0.00 ,-0.86
37858 ,0.00 ,-1.17
37876 ,0.00 ,-0.86
37896 ,0.00 ,-0.56
37914 ,0.00 ,-0.56
37933 ,0.00 ,-0.56
37951 ,0.00 ,-0.10
37970 ,0.00 ,-0.56
37989 ,0.00 ,-0.56
38007 ,0.00 ,-0.56
38026 ,0.00 ,-0.10
38045 ,0.00 ,-0.56
38064 ,0.00 ,-0.86
38082 ,0.00 ,-0.86
38102 ,0.00 ,-1.17
38120 ,0.00 ,-0.86
38138 ,0.00 ,-0.86
38157 ,0.00 ,-1.17
38176 ,0.00 ,-0.56
38195 ,0.00 ,-0.56
38213 ,6.19 ,0.20
38232 ,6.19 ,0.20
38249 ,0.00 ,-0.86
38267 ,0.00 ,-0.56
38286 ,0.00 ,-0.56
38305 ,0.00 ,-0.10
38324 ,0.00 ,-1.17
38342 ,0.00 ,-1.17
38362 ,0.00 ,-1.78
38380 ,0.00 ,-1.78
38398 ,0.00 ,-1.47
38417 ,0.00 ,-0.86
38436 ,0.00 ,-1.17
38455 ,0.00 ,-1.47
38473 ,0.00 ,-1.17
38492 ,0.00 ,-1.78
38511 ,0.00 ,-2.39
38530 ,0.00 ,-2.08
38548 ,0.00 ,-0.86
38567 ,6.19 ,0.20
38585 ,0.00 ,-0.56
38603 ,9.78 ,0.51
38621 ,0.00 ,-0.86
38640 ,0.00 ,-0.86
38659 ,0.00 ,-1.17
38677 ,0.00 ,-2.08
38696 ,0.00 ,-0.86
38715 ,6.19 ,0.20
38732 ,0.00 ,-0.10
38751 ,0.00 ,-0.86
38770 ,0.00 ,-2.08
38789 ,0.00 ,-2.08
38807 ,0.00 ,-2.08
38825 ,0.00 ,-1.78
38845 ,0.00 ,-2.08
38863 ,0.00 ,-3.00
38882 ,0.00 ,-3.00
38901 ,0.00 ,-3.31
38920 ,0.00 ,-5.59
38938 ,0.00 ,-4.98
38957 ,0.00 ,-2.39
38976 ,0.00 ,-2.39
38994 ,0.00 ,-3.00
39013 ,0.00 ,-3.61
39032 ,0.00 ,-2.08
39051 ,0.00 ,-3.31
39069 ,0.00 ,-4.22
39088 ,0.00 ,-5.59
39107 ,0.00 ,-6.51
39126 ,0.00 ,-6.51
39144 ,0.00 ,-5.90
39163 ,0.00 ,-5.59
39182 ,0.00 ,-4.98
39200 ,0.00 ,-9.87
39219 ,0.00 ,-11.85
39239 ,0.00 ,-16.43
39259 ,0.00 ,-23.90
39278 ,0.00 ,-36.41
39299 ,0.00 ,-51.52
39318 ,0.00 ,-50.91
39337 ,0.00 ,-47.25
39357 ,0.00 ,-52.89
39377 ,0.00 ,-54.57
39397 ,0.00 ,-53.20
39416 ,0.00 ,-49.23
39437 ,0.00 ,-53.50
39456 ,0.00 ,-50.60
39476 ,0.00 ,-40.99
39496 ,0.00 ,-40.99
39516 ,0.00 ,-63.73
39535 ,0.00 ,-101.87
39556 ,0.00 ,-136.05
39577 ,0.00 ,-162.60
39598 ,0.00 ,-184.26
39618 ,0.00 ,-188.54
39640 ,0.00 ,-189.30
39660 ,0.00 ,-190.52
39681 ,0.00 ,-198.45
39702 ,0.00 ,-199.37
39723 ,0.00 ,-198.45
39743 ,0.00 ,-198.45
39764 ,0.00 ,-214.17
39785 ,0.00 ,-246.82
39805 ,0.00 ,-274.28
39827 ,0.00 ,-281.61
39847 ,0.00 ,-285.88
39868 ,0.00 ,-288.78
39888 ,0.00 ,-282.83
39910 ,0.00 ,-282.83
39930 ,0.00 ,-281.91
39951 ,0.00 ,-273.98
39972 ,0.00 ,-247.43
39993 ,0.00 ,-209.59
40013 ,0.00 ,-198.45
40035 ,0.00 ,-189.30
40055 ,0.00 ,-173.13
40076 ,0.00 ,-158.33
40097 ,0.00 ,-152.37
40118 ,0.00 ,-157.71
40138 ,0.00 ,-134.68
40160 ,0.00 ,-87.99
40179 ,0.00 ,-62.05
40199 ,0.00 ,-41.75
40218 ,0.00 ,-15.05
40239 ,53.07 ,15.00
40258 ,74.80 ,29.80
40278 ,82.62 ,36.37
40298 ,106.95 ,60.93
40318 ,158.88 ,134.47
40340 ,159.87 ,136.15
40363 ,161.83 ,139.51
40384 ,196.59 ,205.88
40406 ,188.25 ,188.79
40428 ,194.98 ,202.52
40450 ,214.03 ,244.02
40471 ,227.96 ,276.83
40494 ,269.15 ,385.92
40515 ,265.57 ,375.70
40537 ,248.75 ,329.62
40559 ,261.71 ,364.87
40581 ,251.95 ,338.17
40602 ,302.99 ,489.07
40625 ,298.18 ,473.66
40646 ,299.19 ,476.86
40668 ,328.53 ,574.97
40689 ,305.21 ,496.24
40712 ,316.59 ,533.92
40733 ,290.74 ,450.31
40755 ,349.19 ,649.58
40777 ,277.02 ,408.81
40799 ,249.49 ,331.60
40820 ,238.94 ,304.14
40843 ,145.52 ,112.81
40864 ,210.93 ,237.01
40886 ,170.70 ,155.22
40908 ,199.70 ,212.44
40930 ,96.68 ,49.79
40949 ,138.56 ,102.28
40972 ,136.58 ,99.38
40992 ,146.99 ,115.10
41014 ,131.35 ,91.90
41035 ,90.72 ,43.84
41055 ,77.06 ,31.64
41074 ,112.56 ,67.49
41096 ,89.45 ,42.62
41115 ,85.52 ,38.96
41135 ,0.00 ,-20.39
41154 ,25.29 ,3.41
41174 ,42.59 ,9.66
41192 ,74.80 ,29.80
41211 ,54.67 ,15.92
41232 ,41.91 ,9.36
41250 ,56.47 ,16.99
41270 ,54.67 ,15.92
41290 ,62.49 ,20.80
41310 ,61.57 ,20.19
41329 ,46.14 ,11.34
41349 ,61.10 ,19.89
41369 ,57.97 ,17.90
41389 ,50.01 ,13.33
41408 ,40.52 ,8.75
41427 ,41.91 ,9.36
41446 ,47.37 ,11.95
41465 ,43.92 ,10.27
41485 ,31.81 ,5.39
41504 ,51.15 ,13.94
41524 ,45.52 ,11.04
41543 ,53.07 ,15.00
41564 ,80.69 ,34.69
41583 ,81.05 ,34.99
41603 ,65.40 ,22.79
41623 ,83.31 ,36.98
41643 ,94.73 ,47.81
41662 ,82.62 ,36.37
41681 ,83.31 ,36.98
41702 ,77.99 ,32.40
41721 ,76.31 ,31.03
41741 ,79.44 ,33.62
41761 ,80.69 ,34.69
41781 ,0.00 ,-12.77
41800 ,0.00 ,-126.44
41821 ,0.00 ,-245.45
41842 ,0.00 ,-306.94
41863 ,0.00 ,-312.43
41883 ,0.00 ,-290.15
41905 ,0.00 ,-264.21
41925 ,0.00 ,-230.65
41946 ,0.00 ,-136.35
41967 ,0.00 ,-74.25
41987 ,0.00 ,-42.06
42006 ,0.00 ,-24.67
42027 ,0.00 ,-14.44
42046 ,0.00 ,-10.48
42065 ,0.00 ,-11.09
42085 ,0.00 ,-11.09
42105 ,0.00 ,-11.09
42125 ,0.00 ,-12.77
42144 ,0.00 ,-11.54
42165 ,0.00 ,-11.85
42184 ,0.00 ,-10.78
42204 ,0.00 ,-5.59
42223 ,0.00 ,-3.92
42242 ,0.00 ,-5.29
42260 ,0.00 ,-4.22
42278 ,0.00 ,-4.53
42298 ,0.00 ,-4.22
42316 ,0.00 ,-4.98
42335 ,0.00 ,-4.53
42353 ,0.00 ,-6.51
42373 ,0.00 ,-5.90
42391 ,0.00 ,-4.98
42409 ,0.00 ,-4.53
42429 ,0.00 ,-3.61
42447 ,0.00 ,-3.31
42466 ,0.00 ,-2.39
42484 ,0.00 ,-2.08
42504 ,0.00 ,-2.39
42522 ,0.00 ,-3.31
42541 ,0.00 ,-2.39
42560 ,0.00 ,-1.47
42578 ,0.00 ,-0.86
42597 ,0.00 ,-1.78
42615 ,0.00 ,-3.00
42635 ,0.00 ,-2.08
42653 ,0.00 ,-1.47
42672 ,0.00 ,-1.17
42691 ,0.00 ,-2.39
42710 ,0.00 ,-3.31
42728 ,0.00 ,-1.78
42746 ,0.00 ,-2.39
42766 ,0.00 ,-3.00
42784 ,0.00 ,-2.08
42803 ,0.00 ,-3.00
42822 ,0.00 ,-2.08
42841 ,0.00 ,-2.08
42859 ,0.00 ,-1.47
42877 ,0.00 ,-2.08
42897 ,0.00 ,-3.00
42915 ,0.00 ,-2.39
42934 ,0.00 ,-2.08
42952 ,0.00 ,-2.08
42972 ,0.00 ,-2.39
42990 ,0.00 ,-2.08
43009 ,0.00 ,-0.56
43028 ,0.00 ,-0.56
43046 ,0.00 ,-0.86
43065 ,6.19 ,0.20
43082 ,0.00 ,-1.47
43102 ,0.00 ,-2.39
43120 ,0.00 ,-1.17
43139 ,0.00 ,-1.47
43158 ,0.00 ,-3.00
43176 ,0.00 ,-1.78
43195 ,0.00 ,-1.17
43213 ,14.50 ,1.12
43233 ,6.19 ,0.20
43250 ,0.00 ,-1.47
43269 ,0.00 ,-1.47
43288 ,0.00 ,-0.86
43307 ,6.19 ,0.20
43324 ,0.00 ,-2.39
43342 ,0.00 ,-4.98
43362 ,0.00 ,-8.49
43380 ,0.00 ,-8.80
43399 ,0.00 ,-7.27
43417 ,0.00 ,-6.20
43437 ,0.00 ,-3.92
43455 ,0.00 ,-2.39
43473 ,0.00 ,-3.00
43493 ,0.00 ,-2.08
43511 ,0.00 ,-2.39
43530 ,0.00 ,-2.08
43548 ,0.00 ,-2.39
43568 ,0.00 ,-3.00
43586 ,0.00 ,-2.08
43604 ,0.00 ,-3.00
43624 ,0.00 ,-4.53
43642 ,0.00 ,-4.22
43661 ,0.00 ,-3.31
43679 ,0.00 ,-3.00
43699 ,0.00 ,-1.47
43717 ,0.00 ,-1.47
43736 ,0.00 ,-2.39
43755 ,0.00 ,-2.08
43773 ,0.00 ,-2.39
43792 ,0.00 ,-3.00
43810 ,0.00 ,-1.47
43830 ,0.00 ,-1.17
43848 ,0.00 ,-1.47
43867 ,0.00 ,-1.17
43886 ,0.00 ,-0.10
43905 ,9.78 ,0.51
43922 ,0.00 ,-0.10
43940 ,12.36 ,0.81
43960 ,20.26 ,2.19
43978 ,18.02 ,1.73
43997 ,0.00 ,-0.56
44015 ,0.00 ,-0.86
44035 ,0.00 ,-1.47
44053 ,0.00 ,-2.08
44071 ,0.00 ,-3.31
44091 ,0.00 ,-1.17
44109 ,0.00 ,-0.86
44128 ,0.00 ,-1.78
44146 ,0.00 ,-4.22
44166 ,0.00 ,-3.31
44184 ,0.00 ,-0.86
44203 ,12.36 ,0.81
44222 ,21.63 ,2.49
44240 ,18.02 ,1.73
44259 ,0.00 ,-0.86
44277 ,0.00 ,-4.53
44297 ,0.00 ,-7.88
44315 ,0.00 ,-4.98
44334 ,0.00 ,-1.47
44353 ,0.00 ,-1.78
44371 ,0.00 ,-1.78
44390 ,0.00 ,-1.47
44408 ,0.00 ,-0.56
44428 ,21.63 ,2.49
44446 ,24.14 ,3.10
44465 ,21.63 ,2.49
44483 ,14.50 ,1.12
44503 ,0.00 ,-1.47
44521 ,0.00 ,-0.10
44539 ,6.19 ,0.20
44558 ,0.00 ,-0.56
44576 ,0.00 ,-1.17
44595 ,0.00 ,-3.31
44613 ,0.00 ,-6.20
44633 ,0.00 ,-7.88
44651 ,0.00 ,-8.19
44669 ,0.00 ,-3.92
44689 ,0.00 ,-3.00
44707 ,0.00 ,-3.92
44726 ,0.00 ,-4.53
44744 ,0.00 ,-6.51
44764 ,0.00 ,-9.26
44782 ,0.00 ,-9.87
44801 ,0.00 ,-8.49
44820 ,0.00 ,-11.09
44839 ,0.00 ,-13.53
44859 ,0.00 ,-12.15
44878 ,0.00 ,-7.88
44898 ,0.00 ,-4.98
44916 ,0.00 ,-4.53
44935 ,0.00 ,-77.15
44955 ,0.00 ,-77.46
44975 ,0.00 ,-71.66
44994 ,0.00 ,-65.40
45014 ,0.00 ,-57.17
45034 ,0.00 ,-49.54
45053 ,0.00 ,-41.45
45073 ,0.00 ,-34.89
45093 ,0.00 ,-29.55
45113 ,0.00 ,-25.58
45132 ,0.00 ,-20.70
45153 ,0.00 ,-14.75
45172 ,0.00 ,-17.34
45192 ,0.00 ,-22.68
45211 ,0.00 ,-24.36
45232 ,0.00 ,-25.28
45251 ,0.00 ,-28.18
45271 ,0.00 ,-27.57
45291 ,0.00 ,-23.60
45310 ,0.00 ,-17.04
45330 ,0.00 ,-10.78
45350 ,0.00 ,-3.00
45369 ,28.99 ,4.48
45387 ,32.70 ,5.70
45406 ,22.92 ,2.80
45425 ,0.00 ,-1.47
45444 ,0.00 ,-4.22
45462 ,0.00 ,-7.88
45480 ,0.00 ,-11.54
45501 ,0.00 ,-12.15
45520 ,0.00 ,-9.87
45539 ,0.00 ,-9.56
45558 ,0.00 ,-11.09
45578 ,0.00 ,-12.46
45597 ,0.00 ,-10.78
45618 ,0.00 ,-9.56
45636 ,0.00 ,-9.56
45655 ,0.00 ,-7.27
45673 ,0.00 ,-3.61
45692 ,12.36 ,0.81
45711 ,21.63 ,2.49
45729 ,6.19 ,0.20
45747 ,0.00 ,-3.92
45766 ,0.00 ,-15.82
45786 ,0.00 ,-13.83
45805 ,0.00 ,-11.54
45826 ,0.00 ,-9.87
45844 ,0.00 ,-6.51
45862 ,0.00 ,-6.20
45881 ,0.00 ,-6.51
45900 ,0.00 ,-7.88
45919 ,0.00 ,-11.09
45938 ,0.00 ,-15.82
45959 ,0.00 ,-19.63
45978 ,0.00 ,-22.68
45998 ,0.00 ,-21.00
46018 ,0.00 ,-26.65
46038 ,0.00 ,-48.62
46057 ,0.00 ,-69.68
46076 ,0.00 ,-92.26
46097 ,0.00 ,-108.74
46117 ,0.00 ,-100.80
46138 ,0.00 ,-87.38
46158 ,0.00 ,-75.17
46178 ,0.00 ,-69.37
46197 ,0.00 ,-66.63
46218 ,0.00 ,-64.34
46237 ,0.00 ,-61.74
46257 ,0.00 ,-58.84
46276 ,0.00 ,-69.98
46297 ,0.00 ,-88.75
46316 ,0.00 ,-105.84
46337 ,0.00 ,-115.60
46358 ,0.00 ,-120.94
46379 ,0.00 ,-127.50
46399 ,0.00 ,-134.07
46420 ,0.00 ,-146.27
46441 ,0.00 ,-151.76
46461 ,0.00 ,-147.19
46483 ,0.00 ,-137.27
46503 ,0.00 ,-133.76
46524 ,0.00 ,-132.39
46544 ,0.00 ,-126.44
46566 ,0.00 ,-114.38
46586 ,0.00 ,-104.77
46607 ,0.00 ,-95.62
46627 ,0.00 ,-98.51
46647 ,0.00 ,-88.44
46666 ,0.00 ,-69.98
46687 ,0.00 ,-66.01
46706 ,0.00 ,-55.49
46726 ,0.00 ,-37.18
46745 ,0.00 ,-8.49
46765 ,56.98 ,17.29
46784 ,60.63 ,19.58
46803 ,46.76 ,11.65
46824 ,52.26 ,14.55
46843 ,81.75 ,35.60
46863 ,98.00 ,51.17
46883 ,104.37 ,58.03
46904 ,125.78 ,84.27
46924 ,183.63 ,179.64
46946 ,161.83 ,139.51
46968 ,141.43 ,106.55
46990 ,126.00 ,84.58
47010 ,150.93 ,121.35
47033 ,198.62 ,210.15
47054 ,244.39 ,318.18
47076 ,307.17 ,502.65
47098 ,354.28 ,668.65
47120 ,385.45 ,791.48
47141 ,363.54 ,704.05
47164 ,319.38 ,543.38
47185 ,380.63 ,771.79
47207 ,364.92 ,709.39
47229 ,346.52 ,639.66
47251 ,338.87 ,611.74
47272 ,360.49 ,692.30
47295 ,314.91 ,528.28
47316 ,334.28 ,595.26
47338 ,296.40 ,468.01
47361 ,304.60 ,494.25
47382 ,249.27 ,330.99
47404 ,254.89 ,346.10
47426 ,291.87 ,453.82
47448 ,174.84 ,162.85
47469 ,214.43 ,244.94
47492 ,183.24 ,178.87
47513 ,194.39 ,201.30
47535 ,180.01 ,172.62
47557 ,184.95 ,182.23
47579 ,146.99 ,115.10
47600 ,106.68 ,60.63
47622 ,114.70 ,70.09
47642 ,166.54 ,147.75
47664 ,100.46 ,53.76
47685 ,96.97 ,50.10
47705 ,107.48 ,61.54
47725 ,39.81 ,8.44
47744 ,63.17 ,21.26
47764 ,86.85 ,40.18
47783 ,39.81 ,8.44
47802 ,52.26 ,14.55
47822 ,79.98 ,34.08
47842 ,52.26 ,14.55
47861 ,71.67 ,27.36
47882 ,88.96 ,42.16
47901 ,31.81 ,5.39
47920 ,0.00 ,-3.31
47938 ,30.90 ,5.09
47958 ,87.99 ,41.25
47977 ,72.66 ,28.13
47996 ,24.14 ,3.10
48016 ,0.00 ,-13.53
48035 ,70.05 ,26.14
48055 ,51.15 ,13.94
48074 ,50.58 ,13.63
48095 ,40.52 ,8.75
48113 ,48.86 ,12.72
48133 ,0.00 ,-0.10
48152 ,56.47 ,16.99
48172 ,47.37 ,11.95
48191 ,48.86 ,12.72
48210 ,0.00 ,-4.53
48230 ,22.92 ,2.80
48248 ,29.96 ,4.78
48267 ,38.72 ,7.99
48286 ,16.35 ,1.42
48305 ,31.81 ,5.39
48323 ,26.40 ,3.71
48342 ,44.88 ,10.73
48362 ,12.36 ,0.81
48380 ,26.40 ,3.71
48399 ,35.64 ,6.77
48418 ,34.82 ,6.46
48437 ,25.29 ,3.41
48455 ,21.63 ,2.49
48474 ,25.29 ,3.41
48493 ,27.98 ,4.17
48512 ,22.92 ,2.80
48530 ,26.40 ,3.71
48549 ,29.96 ,4.78
48568 ,31.81 ,5.39
48586 ,36.43 ,7.07
48605 ,79.44 ,33.62
48625 ,74.22 ,29.35
48645 ,85.18 ,38.65
48664 ,93.06 ,46.13
48685 ,92.13 ,45.21
48704 ,106.14 ,60.01
48724 ,84.34 ,37.89
48745 ,98.59 ,51.78
48764 ,93.06 ,46.13
48784 ,95.04 ,48.11
48803 ,64.07 ,21.87
48824 ,75.94 ,30.72
48843 ,87.34 ,40.64
48863 ,88.32 ,41.55
48883 ,90.08 ,43.23
48903 ,84.85 ,38.35
48922 ,80.69 ,34.69
48942 ,84.34 ,37.89
48962 ,85.52 ,38.96
48982 ,78.72 ,33.01
49001 ,75.94 ,30.72
49021 ,31.81 ,5.39
49040 ,0.00 ,-51.21
49059 ,0.00 ,-100.50
49081 ,0.00 ,-81.73
49100 ,0.00 ,-44.35
49120 ,0.00 ,-37.18
49139 ,0.00 ,-41.45
49160 ,0.00 ,-41.45
49179 ,0.00 ,-21.00
49199 ,0.00 ,-4.53
49218 ,0.00 ,-1.47
49236 ,0.00 ,-0.86
49255 ,0.00 ,-0.10
49273 ,9.78 ,0.51
49292 ,6.19 ,0.20
49309 ,0.00 ,-0.56
49328 ,9.78 ,0.51
49346 ,29.96 ,4.78
49364 ,0.00 ,-1.78
49383 ,6.19 ,0.20
49400 ,18.02 ,1.73
49420 ,0.00 ,-3.31
49438 ,0.00 ,-1.47
49457 ,0.00 ,-0.10
49475 ,0.00 ,-0.56
49495 ,6.19 ,0.20
49512 ,0.00 ,-0.56
49530 ,0.00 ,-0.56
49550 ,0.00 ,-0.56
49568 ,0.00 ,-0.56
49587 ,0.00 ,-0.56
49605 ,6.19 ,0.20
49624 ,0.00 ,-0.10
49642 ,0.00 ,-0.56
49660 ,0.00 ,-0.56
49680 ,0.00 ,-0.86
49698 ,0.00 ,-0.56
49717 ,0.00 ,-0.56
49735 ,0.00 ,-0.86
49755 ,0.00 ,-0.10
49773 ,0.00 ,-0.10
49792 ,6.19 ,0.20
49810 ,0.00 ,-0.10
49828 ,9.78 ,0.51
49846 ,12.36 ,0.81
49864 ,9.78 ,0.51
49883 ,6.19 ,0.20
49900 ,0.00 ,-0.10
49918 ,0.00 ,-0.10
49937 ,0.00 ,-0.10
49956 ,0.00 ,-0.56
49975 ,0.00 ,-0.56
49993 ,0.00 ,-3.92
50013 ,0.00 ,-1.17
50031 ,0.00 ,-0.10
50050 ,0.00 ,-0.86
50068 ,6.19 ,0.20
50086 ,6.19 ,0.20
50104 ,0.00 ,-0.10
50122 ,0.00 ,-0.86
50141 ,0.00 ,-0.56
50160 ,0.00 ,-0.56
50179 ,6.19 ,0.20
50196 ,0.00 ,-0.10
50215 ,0.00 ,-0.10
50234 ,0.00 ,-0.56
50252 ,0.00 ,-0.86
50271 ,0.00 ,-0.10
50290 ,0.00 ,-0.10
50309 ,6.19 ,0.20
50326 ,6.19 ,0.20
50344 ,0.00 ,-0.10
50363 ,6.19 ,0.20
50380 ,0.00 ,-0.10
50399 ,0.00 ,-0.10
50418 ,0.00 ,-0.10
50437 ,0.00 ,-13.53
50456 ,18.02 ,1.73
50476 ,0.00 ,-1.17
50494 ,0.00 ,-0.56
50512 ,0.00 ,-0.56
50531 ,0.00 ,-0.56
50550 ,0.00 ,-0.86
50569 ,6.19 ,0.20
50586 ,0.00 ,-0.56
50605 ,6.19 ,0.20
50623 ,0.00 ,-0.10
50641 ,9.78 ,0.51
50659 ,0.00 ,-0.56
50678 ,9.78 ,0.51
50696 ,0.00 ,-0.10
50714 ,0.00 ,-0.56
50733 ,0.00 ,-0.10
50752 ,0.00 ,-0.10
50770 ,0.00 ,-0.10
50789 ,0.00 ,-0.10
50808 ,0.00 ,-0.10
50827 ,0.00 ,-0.10
50845 ,6.19 ,0.20
50863 ,6.19 ,0.20
50881 ,0.00 ,-0.10
50899 ,6.19 ,0.20
50917 ,0.00 ,-0.10
50935 ,0.00 ,-0.10
50955 ,0.00 ,-0.56
50973 ,6.19 ,0.20
50991 ,6.19 ,0.20
51009 ,0.00 ,-0.56
51027 ,0.00 ,-0.10
51046 ,0.00 ,-0.10
51064 ,6.19 ,0.20
51083 ,0.00 ,-0.10
51101 ,6.19 ,0.20
51119 ,0.00 ,-0.56
51137 ,6.19 ,0.20
51155 ,0.00 ,-5.90
51174 ,6.19 ,0.20
51191 ,0.00 ,-0.10
51211 ,0.00 ,-0.10
51229 ,0.00 ,-0.56
51248 ,0.00 ,-0.86
51266 ,0.00 ,-0.56
51286 ,0.00 ,-0.10
51304 ,0.00 ,-0.10
51322 ,0.00 ,-0.56
51342 ,0.00 ,-0.86
51360 ,0.00 ,-0.56
51379 ,6.19 ,0.20
51396 ,6.19 ,0.20
51415 ,6.19 ,0.20
51432 ,6.19 ,0.20
51449 ,6.19 ,0.20
51467 ,6.19 ,0.20
51485 ,0.00 ,-0.10
51504 ,0.00 ,-0.10
51522 ,0.00 ,-0.10
51542 ,0.00 ,-0.56
51560 ,0.00 ,-0.10
51578 ,0.00 ,-0.10
51597 ,0.00 ,-0.10
51616 ,6.19 ,0.20
51634 ,0.00 ,-0.10
51652 ,6.19 ,0.20
51670 ,6.19 ,0.20
51688 ,9.78 ,0.51
51705 ,6.19 ,0.20
51723 ,6.19 ,0.20
51741 ,0.00 ,-0.10
51760 ,6.19 ,0.20
51777 ,6.19 ,0.20
51794 ,6.19 ,0.20
51813 ,9.78 ,0.51
51830 ,0.00 ,-0.10
51849 ,6.19 ,0.20
51866 ,0.00 ,-0.10
51886 ,0.00 ,-0.56
51904 ,0.00 ,-0.10
51922 ,0.00 ,-0.10
51942 ,0.00 ,-0.10
51960 ,0.00 ,-0.56
51979 ,0.00 ,-0.56
51997 ,0.00 ,-0.10
52017 ,0.00 ,-0.10
52035 ,6.19 ,0.20
52052 ,0.00 ,-0.10
52071 ,0.00 ,-0.10
52090 ,0.00 ,-0.56
52109 ,0.00 ,-0.10
52127 ,0.00 ,-0.56
52147 ,0.00 ,-0.10
52165 ,0.00 ,-0.56
52184 ,0.00 ,-0.10
52202 ,6.19 ,0.20
52220 ,0.00 ,-0.10
52239 ,0.00 ,-0.56
52257 ,0.00 ,-0.10
52277 ,0.00 ,-0.10
52295 ,9.78 ,0.51
52313 ,0.00 ,-0.10
52331 ,6.19 ,0.20
52349 ,0.00 ,-0.10
52368 ,6.19 ,0.20
52385 ,0.00 ,-0.10
52404 ,6.19 ,0.20
52422 ,0.00 ,-0.10
52441 ,6.19 ,0.20
52458 ,6.19 ,0.20
52476 ,6.19 ,0.20
52494 ,0.00 ,-0.10
52512 ,0.00 ,-0.56
52531 ,0.00 ,-0.10
52550 ,0.00 ,-0.10
52569 ,6.19 ,0.20
52586 ,6.19 ,0.20
52603 ,0.00 ,-0.56
52623 ,0.00 ,-0.56
52641 ,0.00 ,-0.10
52660 ,0.00 ,-0.56
52679 ,0.00 ,-0.56
52698 ,6.19 ,0.20
52715 ,0.00 ,-0.10
52733 ,6.19 ,0.20
52752 ,9.78 ,0.51
52769 ,6.19 ,0.20
52787 ,0.00 ,-0.10
52806 ,0.00 ,-0.10
52825 ,0.00 ,-0.10
52843 ,6.19 ,0.20
52860 ,6.19 ,0.20
52879 ,6.19 ,0.20
52896 ,6.19 ,0.20
52914 ,0.00 ,-0.86
52932 ,0.00 ,-0.56
52952 ,0.00 ,-1.17
52970 ,0.00 ,-0.86
52988 ,0.00 ,-0.86
53008 ,6.19 ,0.20
53025 ,6.19 ,0.20
53043 ,6.19 ,0.20
53060 ,6.19 ,0.20
53079 ,0.00 ,-0.10
53097 ,6.19 ,0.20
53114 ,9.78 ,0.51
53132 ,9.78 ,0.51
53150 ,9.78 ,0.51
53168 ,6.19 ,0.20
53185 ,12.36 ,0.81
53204 ,6.19 ,0.20
53222 ,0.00 ,-0.56
53240 ,0.00 ,-0.10
53259 ,0.00 ,-0.10
53278 ,0.00 ,-0.10
53297 ,0.00 ,-0.56
53315 ,6.19 ,0.20
53332 ,0.00 ,-0.10
53352 ,6.19 ,0.20
53369 ,0.00 ,-0.10
53388 ,0.00 ,-0.10
53407 ,0.00 ,-0.10
53426 ,0.00 ,-0.10
53444 ,6.19 ,0.20
53462 ,6.19 ,0.20
53480 ,0.00 ,-0.10
53498 ,6.19 ,0.20
53516 ,9.78 ,0.51
53533 ,6.19 ,0.20
53552 ,0.00 ,-0.10
53570 ,6.19 ,0.20
53587 ,0.00 ,-0.10
53607 ,0.00 ,-0.10
53625 ,6.19 ,0.20
53643 ,6.19 ,0.20
53660 ,0.00 ,-0.10
53680 ,6.19 ,0.20
53697 ,6.19 ,0.20
53714 ,0.00 ,-0.10
53733 ,6.19 ,0.20
53751 ,9.78 ,0.51
53769 ,0.00 ,-0.10
53787 ,0.00 ,-0.10
53807 ,0.00 ,-0.10
53825 ,0.00 ,-0.10
53843 ,6.19 ,0.20
53861 ,6.19 ,0.20
53879 ,6.19 ,0.20
53897 ,6.19 ,0.20
53914 ,6.19 ,0.20
53932 ,6.19 ,0.20
53950 ,0.00 ,-0.10
53968 ,0.00 ,-0.10
53987 ,6.19 ,0.20
54005 ,0.00 ,-0.10
54024 ,0.00 ,-0.10
54042 ,6.19 ,0.20
54060 ,0.00 ,-0.10
54079 ,6.19 ,0.20
54096 ,6.19 ,0.20
54114 ,6.19 ,0.20
54131 ,0.00 ,-0.10
54151 ,0.00 ,-0.10
54169 ,0.00 ,-0.10
54188 ,0.00 ,-0.10
54207 ,0.00 ,-0.10
54225 ,0.00 ,-0.10
54244 ,0.00 ,-0.10
54262 ,0.00 ,-0.10
54282 ,0.00 ,-0.10
54300 ,0.00 ,-0.10
54319 ,9.78 ,0.51
54337 ,6.19 ,0.20
54354 ,6.19 ,0.20
54372 ,0.00 ,-0.10
54390 ,0.00 ,-0.10
54410 ,0.00 ,-0.10
54428 ,0.00 ,-0.10
54447 ,0.00 ,-0.10
54465 ,0.00 ,-0.10
54484 ,0.00 ,-0.10
54503 ,0.00 ,-0.56
54521 ,0.00 ,-0.10
54541 ,6.19 ,0.20
54558 ,0.00 ,-0.10
54577 ,0.00 ,-0.10
54595 ,6.19 ,0.20
54614 ,6.19 ,0.20
54631 ,0.00 ,-0.10
54649 ,9.78 ,0.51
54667 ,0.00 ,-0.10
54686 ,6.19 ,0.20
54704 ,0.00 ,-0.10
54722 ,6.19 ,0.20
54740 ,0.00 ,-0.10
54759 ,0.00 ,-0.10
54777 ,6.19 ,0.20
