499 ,12.36 ,0.81
504 ,12.36 ,0.81
509 ,9.78 ,0.51
514 ,6.19 ,0.20
519 ,9.78 ,0.51
524 ,6.19 ,0.20
529 ,12.36 ,0.81
544 ,9.78 ,0.51
561 ,9.78 ,0.51
576 ,9.78 ,0.51
591 ,12.36 ,0.81
608 ,6.19 ,0.20
624 ,12.36 ,0.81
641 ,9.78 ,0.51
656 ,9.78 ,0.51
671 ,9.78 ,0.51
687 ,9.78 ,0.51
703 ,14.50 ,1.12
719 ,14.50 ,1.12
736 ,14.50 ,1.12
752 ,9.78 ,0.51
769 ,14.50 ,1.12
785 ,12.36 ,0.81
801 ,12.36 ,0.81
818 ,12.36 ,0.81
835 ,9.78 ,0.51
850 ,12.36 ,0.81
867 ,12.36 ,0.81
883 ,12.36 ,0.81
901 ,6.19 ,0.20
916 ,9.78 ,0.51
931 ,14.50 ,1.12
948 ,14.50 ,1.12
965 ,14.50 ,1.12
982 ,12.36 ,0.81
998 ,14.50 ,1.12
1014 ,12.36 ,0.81
1033 ,14.50 ,1.12
1050 ,14.50 ,1.12
1068 ,14.50 ,1.12
1085 ,12.36 ,0.81
1103 ,12.36 ,0.81
1121 ,12.36 ,0.81
1138 ,12.36 ,0.81
1157 ,12.36 ,0.81
1174 ,12.36 ,0.81
1191 ,12.36 ,0.81
1209 ,12.36 ,0.81
1227 ,14.50 ,1.12
1245 ,12.36 ,0.81
1262 ,12.36 ,0.81
1280 ,14.50 ,1.12
1298 ,12.36 ,0.81
1315 ,12.36 ,0.81
1333 ,14.50 ,1.12
1350 ,12.36 ,0.81
1369 ,12.36 ,0.81
1386 ,14.50 ,1.12
1403 ,14.50 ,1.12
1422 ,12.36 ,0.81
1439 ,12.36 ,0.81
1457 ,12.36 ,0.81
1474 ,12.36 ,0.81
1492 ,12.36 ,0.81
1510 ,14.50 ,1.12
1527 ,14.50 ,1.12
1545 ,14.50 ,1.12
1563 ,14.50 ,1.12
1581 ,14.50 ,1.12
1598 ,16.35 ,1.42
1615 ,12.36 ,0.81
1634 ,12.36 ,0.81
1651 ,9.78 ,0.51
1668 ,14.50 ,1.12
1685 ,12.36 ,0.81
1703 ,9.78 ,0.51
1720 ,14.50 ,1.12
1737 ,14.50 ,1.12
1756 ,12.36 ,0.81
1773 ,12.36 ,0.81
1790 ,12.36 ,0.81
1808 ,12.36 ,0.81
1826 ,9.78 ,0.51
1843 ,12.36 ,0.81
1860 ,12.36 ,0.81
1878 ,12.36 ,0.81
1896 ,12.36 ,0.81
1913 ,12.36 ,0.81
1931 ,9.78 ,0.51
1947 ,14.50 ,1.12
1966 ,12.36 ,0.81
1983 ,14.50 ,1.12
2000 ,14.50 ,1.12
2018 ,14.50 ,1.12
2036 ,12.36 ,0.81
2054 ,14.50 ,1.12
2071 ,14.50 ,1.12
2089 ,14.50 ,1.12
2107 ,12.36 ,0.81
2124 ,12.36 ,0.81
2142 ,9.78 ,0.51
2159 ,12.36 ,0.81
2177 ,16.35 ,1.42
2194 ,12.36 ,0.81
2211 ,14.50 ,1.12
2230 ,12.36 ,0.81
2247 ,14.50 ,1.12
2265 ,14.50 ,1.12
2282 ,14.50 ,1.12
2300 ,16.35 ,1.42
2318 ,14.50 ,1.12
2335 ,14.50 ,1.12
2354 ,12.36 ,0.81
2371 ,14.50 ,1.12
2388 ,12.36 ,0.81
2406 ,12.36 ,0.81
2424 ,12.36 ,0.81
2442 ,12.36 ,0.81
2459 ,14.50 ,1.12
2477 ,12.36 ,0.81
2495 ,14.50 ,1.12
2512 ,12.36 ,0.81
2530 ,12.36 ,0.81
2547 ,12.36 ,0.81
2566 ,9.78 ,0.51
2582 ,9.78 ,0.51
2598 ,9.78 ,0.51
2615 ,12.36 ,0.81
2633 ,9.78 ,0.51
2650 ,16.35 ,1.42
2667 ,18.02 ,1.73
2685 ,16.35 ,1.42
2703 ,14.50 ,1.12
2720 ,14.50 ,1.12
2738 ,16.35 ,1.42
2756 ,14.50 ,1.12
2774 ,14.50 ,1.12
2791 ,6.19 ,0.20
2807 ,6.19 ,0.20
2825 ,9.78 ,0.51
2841 ,9.78 ,0.51
2857 ,14.50 ,1.12
2875 ,12.36 ,0.81
2893 ,14.50 ,1.12
2911 ,9.78 ,0.51
2927 ,14.50 ,1.12
2945 ,12.36 ,0.81
2963 ,14.50 ,1.12
2980 ,12.36 ,0.81
2998 ,14.50 ,1.12
3015 ,12.36 ,0.81
3034 ,12.36 ,0.81
3051 ,12.36 ,0.81
3068 ,14.50 ,1.12
3087 ,12.36 ,0.81
3104 ,12.36 ,0.81
3122 ,12.36 ,0.81
3139 ,9.78 ,0.51
3156 ,9.78 ,0.51
3173 ,12.36 ,0.81
3190 ,9.78 ,0.51
3207 ,9.78 ,0.51
3224 ,12.36 ,0.81
3241 ,12.36 ,0.81
3259 ,14.50 ,1.12
3276 ,14.50 ,1.12
3295 ,16.35 ,1.42
3312 ,12.36 ,0.81
3330 ,14.50 ,1.12
3347 ,14.50 ,1.12
3365 ,12.36 ,0.81
3383 ,14.50 ,1.12
3400 ,14.50 ,1.12
3419 ,16.35 ,1.42
3436 ,12.36 ,0.81
3453 ,14.50 ,1.12
3471 ,9.78 ,0.51
3488 ,9.78 ,0.51
3505 ,9.78 ,0.51
3521 ,9.78 ,0.51
3537 ,9.78 ,0.51
3555 ,9.78 ,0.51
3571 ,12.36 ,0.81
3589 ,9.78 ,0.51
3605 ,12.36 ,0.81
3623 ,12.36 ,0.81
3641 ,12.36 ,0.81
3658 ,12.36 ,0.81
3676 ,12.36 ,0.81
3694 ,12.36 ,0.81
3712 ,12.36 ,0.81
3729 ,12.36 ,0.81
3746 ,12.36 ,0.81
3765 ,9.78 ,0.51
3781 ,6.19 ,0.20
3798 ,9.78 ,0.51
3814 ,9.78 ,0.51
3831 ,0.00 ,-0.10
3849 ,9.78 ,0.51
3865 ,9.78 ,0.51
3881 ,12.36 ,0.81
3900 ,9.78 ,0.51
3916 ,9.78 ,0.51
3933 ,9.78 ,0.51
3950 ,12.36 ,0.81
3968 ,12.36 ,0.81
3985 ,12.36 ,0.81
4002 ,12.36 ,0.81
4021 ,6.19 ,0.20
4037 ,12.36 ,0.81
4055 ,9.78 ,0.51
4071 ,12.36 ,0.81
4089 ,14.50 ,1.12
4107 ,9.78 ,0.51
4123 ,9.78 ,0.51
4140 ,9.78 ,0.51
4157 ,6.19 ,0.20
4173 ,9.78 ,0.51
4190 ,9.78 ,0.51
4206 ,12.36 ,0.81
4225 ,12.36 ,0.81
4242 ,12.36 ,0.81
4259 ,12.36 ,0.81
4277 ,12.36 ,0.81
4295 ,9.78 ,0.51
4312 ,12.36 ,0.81
4329 ,12.36 ,0.81
4346 ,18.02 ,1.73
4365 ,16.35 ,1.42
4382 ,12.36 ,0.81
4400 ,9.78 ,0.51
4417 ,12.36 ,0.81
4434 ,9.78 ,0.51
4451 ,12.36 ,0.81
4468 ,12.36 ,0.81
4487 ,18.02 ,1.73
4504 ,18.02 ,1.73
4521 ,18.02 ,1.73
4539 ,18.02 ,1.73
4557 ,18.02 ,1.73
4575 ,16.35 ,1.42
4592 ,18.02 ,1.73
4610 ,20.26 ,2.19
4628 ,20.26 ,2.19
4645 ,20.26 ,2.19
4663 ,18.02 ,1.73
4680 ,18.02 ,1.73
4699 ,18.02 ,1.73
4716 ,18.02 ,1.73
4733 ,16.35 ,1.42
4752 ,14.50 ,1.12
4769 ,14.50 ,1.12
4787 ,9.78 ,0.51
4803 ,12.36 ,0.81
4822 ,12.36 ,0.81
4839 ,12.36 ,0.81
4856 ,9.78 ,0.51
4873 ,9.78 ,0.51
4890 ,12.36 ,0.81
4908 ,12.36 ,0.81
4925 ,12.36 ,0.81
4942 ,14.50 ,1.12
4961 ,9.78 ,0.51
4977 ,12.36 ,0.81
4995 ,12.36 ,0.81
5012 ,14.50 ,1.12
5030 ,12.36 ,0.81
5048 ,14.50 ,1.12
5065 ,12.36 ,0.81
5084 ,12.36 ,0.81
5101 ,12.36 ,0.81
5118 ,12.36 ,0.81
5136 ,14.50 ,1.12
5154 ,12.36 ,0.81
5172 ,12.36 ,0.81
5189 ,12.36 ,0.81
5207 ,9.78 ,0.51
5224 ,12.36 ,0.81
5241 ,14.50 ,1.12
5259 ,12.36 ,0.81
5276 ,12.36 ,0.81
5295 ,16.35 ,1.42
5312 ,14.50 ,1.12
5329 ,14.50 ,1.12
5348 ,12.36 ,0.81
5365 ,12.36 ,0.81
5383 ,12.36 ,0.81
5400 ,6.19 ,0.20
5417 ,6.19 ,0.20
5434 ,12.36 ,0.81
5451 ,9.78 ,0.51
5468 ,12.36 ,0.81
5486 ,12.36 ,0.81
5504 ,12.36 ,0.81
5521 ,12.36 ,0.81
5538 ,12.36 ,0.81
5557 ,12.36 ,0.81
5574 ,14.50 ,1.12
5592 ,14.50 ,1.12
5609 ,9.78 ,0.51
5626 ,9.78 ,0.51
5643 ,9.78 ,0.51
5659 ,12.36 ,0.81
5677 ,9.78 ,0.51
5694 ,9.78 ,0.51
5710 ,9.78 ,0.51
5727 ,9.78 ,0.51
5743 ,12.36 ,0.81
5762 ,9.78 ,0.51
5778 ,12.36 ,0.81
5795 ,12.36 ,0.81
5814 ,12.36 ,0.81
5831 ,12.36 ,0.81
5849 ,14.50 ,1.12
5866 ,9.78 ,0.51
5883 ,9.78 ,0.51
5900 ,12.36 ,0.81
5917 ,12.36 ,0.81
5935 ,9.78 ,0.51
5952 ,9.78 ,0.51
5968 ,9.78 ,0.51
5985 ,9.78 ,0.51
6001 ,14.50 ,1.12
6020 ,12.36 ,0.81
6037 ,14.50 ,1.12
6054 ,14.50 ,1.12
6072 ,12.36 ,0.81
6090 ,12.36 ,0.81
6108 ,9.78 ,0.51
6124 ,9.78 ,0.51
6140 ,12.36 ,0.81
6159 ,9.78 ,0.51
6175 ,9.78 ,0.51
6192 ,9.78 ,0.51
6208 ,12.36 ,0.81
6226 ,14.50 ,1.12
6244 ,12.36 ,0.81
6261 ,9.78 ,0.51
6278 ,14.50 ,1.12
6296 ,9.78 ,0.51
6312 ,9.78 ,0.51
6329 ,9.78 ,0.51
6346 ,9.78 ,0.51
6363 ,9.78 ,0.51
6379 ,12.36 ,0.81
6396 ,12.36 ,0.81
6415 ,14.50 ,1.12
6432 ,12.36 ,0.81
6450 ,12.36 ,0.81
6467 ,12.36 ,0.81
6486 ,12.36 ,0.81
6503 ,14.50 ,1.12
6520 ,12.36 ,0.81
6538 ,14.50 ,1.12
6556 ,9.78 ,0.51
6573 ,14.50 ,1.12
6590 ,14.50 ,1.12
6607 ,16.35 ,1.42
6626 ,12.36 ,0.81
6643 ,14.50 ,1.12
6661 ,14.50 ,1.12
6679 ,14.50 ,1.12
6696 ,12.36 ,0.81
6714 ,9.78 ,0.51
6730 ,9.78 ,0.51
6748 ,9.78 ,0.51
6764 ,9.78 ,0.51
6780 ,0.00 ,-1.17
6798 ,0.00 ,-1.17
6816 ,12.36 ,0.81
6834 ,12.36 ,0.81
6851 ,12.36 ,0.81
6868 ,12.36 ,0.81
6887 ,9.78 ,0.51
6903 ,12.36 ,0.81
6921 ,12.36 ,0.81
6938 ,12.36 ,0.81
6957 ,12.36 ,0.81
6974 ,12.36 ,0.81
6991 ,9.78 ,0.51
7008 ,12.36 ,0.81
7026 ,14.50 ,1.12
7044 ,9.78 ,0.51
7060 ,9.78 ,0.51
7076 ,12.36 ,0.81
7095 ,14.50 ,1.12
7112 ,12.36 ,0.81
7130 ,9.78 ,0.51
7147 ,9.78 ,0.51
7163 ,9.78 ,0.51
7180 ,6.19 ,0.20
7196 ,9.78 ,0.51
7214 ,9.78 ,0.51
7230 ,12.36 ,0.81
7247 ,12.36 ,0.81
7265 ,12.36 ,0.81
7283 ,9.78 ,0.51
7300 ,12.36 ,0.81
7317 ,9.78 ,0.51
7333 ,12.36 ,0.81
7352 ,12.36 ,0.81
7369 ,12.36 ,0.81
7387 ,12.36 ,0.81
7404 ,12.36 ,0.81
7422 ,14.50 ,1.12
7440 ,9.78 ,0.51
7456 ,14.50 ,1.12
7474 ,12.36 ,0.81
7492 ,12.36 ,0.81
7510 ,12.36 ,0.81
7527 ,9.78 ,0.51
7544 ,6.19 ,0.20
7561 ,9.78 ,0.51
7577 ,9.78 ,0.51
7593 ,9.78 ,0.51
7611 ,12.36 ,0.81
7628 ,14.50 ,1.12
7646 ,12.36 ,0.81
7663 ,14.50 ,1.12
7682 ,9.78 ,0.51
7698 ,12.36 ,0.81
7715 ,12.36 ,0.81
7733 ,12.36 ,0.81
7751 ,6.19 ,0.20
7768 ,12.36 ,0.81
7785 ,12.36 ,0.81
7802 ,12.36 ,0.81
7821 ,12.36 ,0.81
7838 ,12.36 ,0.81
7856 ,9.78 ,0.51
7872 ,9.78 ,0.51
7889 ,12.36 ,0.81
7907 ,12.36 ,0.81
7924 ,9.78 ,0.51
7941 ,14.50 ,1.12
7959 ,14.50 ,1.12
7976 ,9.78 ,0.51
7993 ,14.50 ,1.12
8011 ,14.50 ,1.12
8029 ,12.36 ,0.81
8046 ,12.36 ,0.81
8064 ,12.36 ,0.81
8082 ,9.78 ,0.51
8098 ,12.36 ,0.81
8116 ,9.78 ,0.51
8132 ,12.36 ,0.81
8151 ,12.36 ,0.81
8168 ,12.36 ,0.81
8185 ,12.36 ,0.81
8203 ,14.50 ,1.12
8221 ,12.36 ,0.81
8239 ,12.36 ,0.81
8256 ,14.50 ,1.12
8273 ,14.50 ,1.12
8292 ,14.50 ,1.12
8309 ,14.50 ,1.12
8327 ,14.50 ,1.12
8345 ,14.50 ,1.12
8363 ,12.36 ,0.81
8380 ,14.50 ,1.12
8397 ,14.50 ,1.12
8416 ,16.35 ,1.42
8433 ,14.50 ,1.12
8451 ,0.00 ,-0.10
8468 ,12.36 ,0.81
8486 ,9.78 ,0.51
8503 ,9.78 ,0.51
8519 ,9.78 ,0.51
8536 ,12.36 ,0.81
8554 ,12.36 ,0.81
8571 ,12.36 ,0.81
8589 ,9.78 ,0.51
8605 ,9.78 ,0.51
8623 ,9.78 ,0.51
8639 ,12.36 ,0.81
8656 ,9.78 ,0.51
8673 ,12.36 ,0.81
8691 ,9.78 ,0.51
8708 ,6.19 ,0.20
8724 ,9.78 ,0.51
8740 ,12.36 ,0.81
8759 ,6.19 ,0.20
8775 ,9.78 ,0.51
8792 ,9.78 ,0.51
8809 ,12.36 ,0.81
8826 ,9.78 ,0.51
8843 ,9.78 ,0.51
8859 ,14.50 ,1.12
8878 ,0.00 ,-0.10
8895 ,12.36 ,0.81
8912 ,12.36 ,0.81
8930 ,12.36 ,0.81
8948 ,12.36 ,0.81
8966 ,9.78 ,0.51
8982 ,12.36 ,0.81
8999 ,9.78 ,0.51
9017 ,12.36 ,0.81
9034 ,12.36 ,0.81
9052 ,12.36 ,0.81
9069 ,9.78 ,0.51
9086 ,12.36 ,0.81
9104 ,9.78 ,0.51
9120 ,14.50 ,1.12
9138 ,12.36 ,0.81
9156 ,12.36 ,0.81
9174 ,12.36 ,0.81
9191 ,12.36 ,0.81
9209 ,9.78 ,0.51
9226 ,6.19 ,0.20
9242 ,6.19 ,0.20
9259 ,0.00 ,-0.56
9277 ,6.19 ,0.20
9293 ,6.19 ,0.20
9310 ,6.19 ,0.20
9326 ,6.19 ,0.20
9344 ,9.78 ,0.51
9360 ,9.78 ,0.51
9376 ,9.78 ,0.51
9393 ,12.36 ,0.81
9411 ,12.36 ,0.81
9428 ,12.36 ,0.81
9446 ,9.78 ,0.51
9462 ,12.36 ,0.81
9481 ,12.36 ,0.81
9498 ,9.78 ,0.51
9515 ,12.36 ,0.81
9532 ,12.36 ,0.81
9550 ,9.78 ,0.51
9567 ,9.78 ,0.51
9583 ,0.00 ,-0.10
9601 ,6.19 ,0.20
9618 ,9.78 ,0.51
9634 ,6.19 ,0.20
9651 ,6.19 ,0.20
9667 ,9.78 ,0.51
9684 ,9.78 ,0.51
9701 ,9.78 ,0.51
9717 ,9.78 ,0.51
9734 ,6.19 ,0.20
9751 ,16.35 ,1.42
9768 ,9.78 ,0.51
9785 ,9.78 ,0.51
9801 ,6.19 ,0.20
9819 ,6.19 ,0.20
9835 ,9.78 ,0.51
9851 ,6.19 ,0.20
9868 ,9.78 ,0.51
9885 ,6.19 ,0.20
9902 ,9.78 ,0.51
9918 ,9.78 ,0.51
9934 ,6.19 ,0.20
9952 ,6.19 ,0.20
9968 ,6.19 ,0.20
9985 ,6.19 ,0.20
10001 ,6.19 ,0.20
10019 ,6.19 ,0.20
10037 ,6.19 ,0.20
10054 ,9.78 ,0.51
10072 ,9.78 ,0.51
10090 ,9.78 ,0.51
10107 ,9.78 ,0.51
10125 ,9.78 ,0.51
10143 ,9.78 ,0.51
10161 ,6.19 ,0.20
10178 ,0.00 ,-0.10
10196 ,0.00 ,-0.10
10216 ,0.00 ,-0.10
10234 ,0.00 ,-0.10
10253 ,0.00 ,-0.10
10271 ,6.19 ,0.20
10290 ,9.78 ,0.51
10307 ,9.78 ,0.51
10324 ,6.19 ,0.20
10343 ,9.78 ,0.51
10360 ,6.19 ,0.20
10378 ,6.19 ,0.20
10395 ,6.19 ,0.20
10414 ,9.78 ,0.51
10431 ,6.19 ,0.20
10448 ,6.19 ,0.20
10466 ,9.78 ,0.51
10484 ,6.19 ,0.20
10502 ,6.19 ,0.20
10519 ,6.19 ,0.20
10536 ,6.19 ,0.20
10555 ,0.00 ,-0.10
10573 ,0.00 ,-0.10
10592 ,9.78 ,0.51
10610 ,9.78 ,0.51
10628 ,6.19 ,0.20
10645 ,9.78 ,0.51
10662 ,6.19 ,0.20
10681 ,0.00 ,-0.10
10699 ,0.00 ,-0.10
10718 ,0.00 ,-0.10
10736 ,6.19 ,0.20
10755 ,9.78 ,0.51
10772 ,0.00 ,-0.10
10790 ,6.19 ,0.20
10809 ,6.19 ,0.20
10826 ,6.19 ,0.20
10844 ,9.78 ,0.51
10861 ,6.19 ,0.20
10880 ,6.19 ,0.20
10897 ,0.00 ,-0.10
10915 ,6.19 ,0.20
10933 ,0.00 ,-0.10
10952 ,6.19 ,0.20
10970 ,6.19 ,0.20
10987 ,9.78 ,0.51
11005 ,9.78 ,0.51
11023 ,9.78 ,0.51
11040 ,6.19 ,0.20
11058 ,9.78 ,0.51
11076 ,6.19 ,0.20
11094 ,0.00 ,-0.10
11112 ,0.00 ,-0.10
11130 ,0.00 ,-0.10
11150 ,6.19 ,0.20
11167 ,0.00 ,-0.10
11186 ,6.19 ,0.20
11203 ,9.78 ,0.51
11222 ,9.78 ,0.51
11239 ,9.78 ,0.51
11256 ,9.78 ,0.51
11275 ,9.78 ,0.51
11292 ,12.36 ,0.81
11311 ,6.19 ,0.20
11328 ,6.19 ,0.20
11346 ,9.78 ,0.51
11364 ,6.19 ,0.20
11381 ,6.19 ,0.20
11399 ,6.19 ,0.20
11417 ,9.78 ,0.51
11435 ,6.19 ,0.20
11452 ,0.00 ,-0.10
11471 ,6.19 ,0.20
11489 ,6.19 ,0.20
11506 ,6.19 ,0.20
11524 ,6.19 ,0.20
11542 ,6.19 ,0.20
11559 ,0.00 ,-0.10
11578 ,0.00 ,-0.10
11596 ,0.00 ,-0.10
11616 ,6.19 ,0.20
11633 ,9.78 ,0.51
11651 ,6.19 ,0.20
11668 ,9.78 ,0.51
11686 ,6.19 ,0.20
11704 ,9.78 ,0.51
11721 ,6.19 ,0.20
11740 ,6.19 ,0.20
11757 ,12.36 ,0.81
11776 ,9.78 ,0.51
11793 ,9.78 ,0.51
11811 ,0.00 ,-0.10
11830 ,6.19 ,0.20
11847 ,6.19 ,0.20
11865 ,9.78 ,0.51
11883 ,6.19 ,0.20
11900 ,0.00 ,-0.10
11919 ,6.19 ,0.20
11937 ,6.19 ,0.20
11955 ,0.00 ,-0.10
11973 ,6.19 ,0.20
11991 ,6.19 ,0.20
12009 ,9.78 ,0.51
12026 ,9.78 ,0.51
12044 ,6.19 ,0.20
12061 ,9.78 ,0.51
12080 ,6.19 ,0.20
12097 ,6.19 ,0.20
12114 ,6.19 ,0.20
12132 ,9.78 ,0.51
12150 ,6.19 ,0.20
12168 ,9.78 ,0.51
12185 ,9.78 ,0.51
12204 ,6.19 ,0.20
12221 ,6.19 ,0.20
12238 ,6.19 ,0.20
12256 ,6.19 ,0.20
12274 ,9.78 ,0.51
12292 ,9.78 ,0.51
12309 ,6.19 ,0.20
12326 ,9.78 ,0.51
12345 ,6.19 ,0.20
12362 ,6.19 ,0.20
12380 ,6.19 ,0.20
12397 ,6.19 ,0.20
12416 ,9.78 ,0.51
12433 ,9.78 ,0.51
12450 ,12.36 ,0.81
12470 ,6.19 ,0.20
12487 ,0.00 ,-0.10
12506 ,9.78 ,0.51
12523 ,0.00 ,-0.10
12542 ,6.19 ,0.20
12560 ,9.78 ,0.51
12577 ,12.36 ,0.81
12596 ,6.19 ,0.20
12614 ,9.78 ,0.51
12632 ,6.19 ,0.20
12649 ,0.00 ,-0.10
12667 ,6.19 ,0.20
12686 ,6.19 ,0.20
12703 ,0.00 ,-0.10
12722 ,9.78 ,0.51
12740 ,9.78 ,0.51
12758 ,0.00 ,-0.10
12776 ,9.78 ,0.51
12793 ,6.19 ,0.20
12812 ,6.19 ,0.20
12829 ,6.19 ,0.20
12847 ,6.19 ,0.20
12864 ,9.78 ,0.51
12882 ,12.36 ,0.81
12901 ,6.19 ,0.20
12918 ,0.00 ,-0.86
12938 ,0.00 ,-0.86
12956 ,0.00 ,-0.86
12975 ,18.02 ,1.73
12993 ,0.00 ,-0.10
13012 ,0.00 ,-0.56
13031 ,0.00 ,-0.56
13049 ,0.00 ,-0.10
13069 ,6.19 ,0.20
13086 ,0.00 ,-0.10
13105 ,0.00 ,-0.56
13123 ,0.00 ,-0.86
13143 ,9.78 ,0.51
13160 ,6.19 ,0.20
13177 ,6.19 ,0.20
13195 ,6.19 ,0.20
13213 ,6.19 ,0.20
13231 ,6.19 ,0.20
13248 ,6.19 ,0.20
13265 ,6.19 ,0.20
13284 ,6.19 ,0.20
13301 ,9.78 ,0.51
13319 ,6.19 ,0.20
13337 ,6.19 ,0.20
13355 ,9.78 ,0.51
13372 ,6.19 ,0.20
13389 ,9.78 ,0.51
13408 ,0.00 ,-0.10
13426 ,0.00 ,-0.10
13445 ,12.36 ,0.81
13463 ,6.19 ,0.20
13481 ,0.00 ,-0.10
13500 ,6.19 ,0.20
13517 ,0.00 ,-0.10
13537 ,9.78 ,0.51
13554 ,9.78 ,0.51
13572 ,6.19 ,0.20
13589 ,9.78 ,0.51
13607 ,6.19 ,0.20
13625 ,0.00 ,-0.10
13643 ,6.19 ,0.20
13661 ,0.00 ,-0.10
13680 ,6.19 ,0.20
13698 ,9.78 ,0.51
13715 ,0.00 ,-0.10
13734 ,0.00 ,-0.10
13753 ,0.00 ,-0.10
13771 ,0.00 ,-1.17
13790 ,0.00 ,-0.56
13809 ,0.00 ,-0.86
13828 ,0.00 ,-0.86
13846 ,0.00 ,-0.86
13864 ,0.00 ,-0.10
13884 ,6.19 ,0.20
13901 ,9.78 ,0.51
13919 ,9.78 ,0.51
13937 ,6.19 ,0.20
13955 ,12.36 ,0.81
13973 ,6.19 ,0.20
13990 ,6.19 ,0.20
14009 ,9.78 ,0.51
14026 ,6.19 ,0.20
14044 ,6.19 ,0.20
14061 ,0.00 ,-0.10
14081 ,6.19 ,0.20
14098 ,6.19 ,0.20
14115 ,6.19 ,0.20
14134 ,9.78 ,0.51
14151 ,9.78 ,0.51
14169 ,0.00 ,-0.10
14187 ,6.19 ,0.20
14205 ,6.19 ,0.20
14223 ,0.00 ,-0.10
14241 ,6.19 ,0.20
14259 ,6.19 ,0.20
14277 ,6.19 ,0.20
14295 ,9.78 ,0.51
14312 ,6.19 ,0.20
14329 ,9.78 ,0.51
14348 ,9.78 ,0.51
14365 ,6.19 ,0.20
14383 ,9.78 ,0.51
14401 ,6.19 ,0.20
14418 ,6.19 ,0.20
14436 ,9.78 ,0.51
14453 ,0.00 ,-0.10
14473 ,9.78 ,0.51
14490 ,6.19 ,0.20
14508 ,6.19 ,0.20
14525 ,6.19 ,0.20
14543 ,6.19 ,0.20
14561 ,9.78 ,0.51
14578 ,9.78 ,0.51
14596 ,6.19 ,0.20
14614 ,6.19 ,0.20
14631 ,6.19 ,0.20
14649 ,6.19 ,0.20
14667 ,6.19 ,0.20
14685 ,9.78 ,0.51
14702 ,9.78 ,0.51
14720 ,9.78 ,0.51
14738 ,0.00 ,-0.56
14756 ,0.00 ,-0.56
14775 ,0.00 ,-0.56
14793 ,0.00 ,-0.56
14813 ,0.00 ,-0.56
14831 ,0.00 ,-0.10
14850 ,6.19 ,0.20
14868 ,9.78 ,0.51
14885 ,6.19 ,0.20
14903 ,6.19 ,0.20
14920 ,6.19 ,0.20
14939 ,6.19 ,0.20
14956 ,9.78 ,0.51
14973 ,9.78 ,0.51
14991 ,6.19 ,0.20
15009 ,6.19 ,0.20
15027 ,6.19 ,0.20
15044 ,6.19 ,0.20
15062 ,9.78 ,0.51
15080 ,9.78 ,0.51
15097 ,6.19 ,0.20
15115 ,0.00 ,-0.10
15134 ,9.78 ,0.51
15152 ,6.19 ,0.20
15169 ,9.78 ,0.51
15186 ,6.19 ,0.20
15205 ,6.19 ,0.20
15222 ,6.19 ,0.20
15240 ,6.19 ,0.20
15257 ,9.78 ,0.51
15276 ,6.19 ,0.20
15293 ,9.78 ,0.51
15310 ,0.00 ,-0.10
15329 ,6.19 ,0.20
15347 ,0.00 ,-0.10
15366 ,9.78 ,0.51
15383 ,6.19 ,0.20
15401 ,6.19 ,0.20
15419 ,6.19 ,0.20
15436 ,9.78 ,0.51
15454 ,9.78 ,0.51
15472 ,6.19 ,0.20
15490 ,6.19 ,0.20
15507 ,9.78 ,0.51
15524 ,6.19 ,0.20
15543 ,9.78 ,0.51
15560 ,0.00 ,-0.10
15579 ,0.00 ,-0.56
15598 ,6.19 ,0.20
15616 ,6.19 ,0.20
15633 ,6.19 ,0.20
15650 ,9.78 ,0.51
15669 ,6.19 ,0.20
15686 ,9.78 ,0.51
15704 ,9.78 ,0.51
15721 ,6.19 ,0.20
15739 ,6.19 ,0.20
15757 ,0.00 ,-0.10
15775 ,6.19 ,0.20
15793 ,0.00 ,-0.10
15812 ,0.00 ,-0.10
15831 ,6.19 ,0.20
15848 ,0.00 ,-0.10
15867 ,6.19 ,0.20
15885 ,0.00 ,-0.10
15903 ,0.00 ,-0.10
15922 ,9.78 ,0.51
15940 ,0.00 ,-0.10
15959 ,6.19 ,0.20
15976 ,9.78 ,0.51
15993 ,6.19 ,0.20
16012 ,6.19 ,0.20
16029 ,6.19 ,0.20
16047 ,9.78 ,0.51
16065 ,0.00 ,-0.10
16083 ,6.19 ,0.20
16101 ,9.78 ,0.51
16118 ,9.78 ,0.51
16137 ,9.78 ,0.51
16154 ,9.78 ,0.51
16172 ,6.19 ,0.20
16189 ,0.00 ,-0.10
16208 ,6.19 ,0.20
16226 ,9.78 ,0.51
16243 ,6.19 ,0.20
16261 ,0.00 ,-0.10
16280 ,0.00 ,-0.10
16299 ,6.19 ,0.20
16316 ,0.00 ,-0.56
16335 ,6.19 ,0.20
16353 ,0.00 ,-0.10
16371 ,6.19 ,0.20
16389 ,0.00 ,-0.10
16408 ,0.00 ,-0.10
16427 ,0.00 ,-0.10
16445 ,0.00 ,-0.10
16464 ,0.00 ,-0.86
16483 ,0.00 ,-1.17
16501 ,0.00 ,-0.86
16520 ,0.00 ,-0.86
16539 ,0.00 ,-1.17
16558 ,0.00 ,-0.86
16576 ,0.00 ,-0.56
16594 ,0.00 ,-0.56
16614 ,0.00 ,-0.56
16632 ,0.00 ,-0.10
16651 ,0.00 ,-0.10
16670 ,6.19 ,0.20
16688 ,9.78 ,0.51
16705 ,6.19 ,0.20
16722 ,6.19 ,0.20
16741 ,9.78 ,0.51
16758 ,6.19 ,0.20
16776 ,0.00 ,-0.10
16794 ,6.19 ,0.20
16813 ,6.19 ,0.20
16830 ,0.00 ,-0.56
16848 ,0.00 ,-1.17
16868 ,0.00 ,-0.56
16886 ,0.00 ,-0.86
16905 ,0.00 ,-3.00
16923 ,0.00 ,-2.08
16943 ,0.00 ,-2.08
16961 ,0.00 ,-0.86
16979 ,0.00 ,-1.47
16999 ,0.00 ,-0.86
17017 ,0.00 ,-0.86
17036 ,0.00 ,-0.56
17054 ,0.00 ,-0.10
17074 ,0.00 ,-0.56
17092 ,0.00 ,-0.86
17111 ,0.00 ,-0.86
17130 ,0.00 ,-0.86
17148 ,0.00 ,-0.56
17167 ,0.00 ,-1.47
17185 ,0.00 ,-1.17
17205 ,0.00 ,-0.86
17223 ,0.00 ,-1.78
17242 ,0.00 ,-1.47
17260 ,0.00 ,-1.78
17280 ,0.00 ,-1.17
17298 ,0.00 ,-1.78
17316 ,0.00 ,-1.78
17336 ,0.00 ,-1.78
17354 ,0.00 ,-1.78
17373 ,6.19 ,0.20
17390 ,0.00 ,-1.47
17410 ,0.00 ,-1.47
17428 ,0.00 ,-1.78
17446 ,0.00 ,-0.86
17466 ,0.00 ,-1.17
17484 ,0.00 ,-1.17
17503 ,0.00 ,-2.08
17521 ,0.00 ,-1.17
17541 ,0.00 ,-1.47
17559 ,0.00 ,-0.86
17577 ,0.00 ,-0.56
17597 ,0.00 ,-0.86
17615 ,0.00 ,-0.86
17634 ,0.00 ,-0.86
17652 ,0.00 ,-0.86
17672 ,0.00 ,-0.86
17690 ,0.00 ,-0.56
17709 ,0.00 ,-0.56
17728 ,0.00 ,-0.56
17746 ,0.00 ,-0.56
17765 ,0.00 ,-0.56
17783 ,0.00 ,-0.10
17803 ,0.00 ,-0.56
17821 ,0.00 ,-0.10
17840 ,0.00 ,-0.10
17858 ,9.78 ,0.51
17876 ,6.19 ,0.20
17894 ,6.19 ,0.20
17911 ,6.19 ,0.20
17930 ,12.36 ,0.81
17948 ,6.19 ,0.20
17966 ,6.19 ,0.20
17983 ,6.19 ,0.20
18001 ,6.19 ,0.20
18019 ,9.78 ,0.51
18036 ,9.78 ,0.51
18054 ,0.00 ,-0.10
18073 ,0.00 ,-0.86
18092 ,0.00 ,-0.10
18110 ,0.00 ,-0.10
18129 ,0.00 ,-0.86
18148 ,0.00 ,-0.86
18166 ,0.00 ,-1.78
18185 ,0.00 ,-0.86
18204 ,0.00 ,-0.86
18223 ,6.19 ,0.20
18240 ,0.00 ,-0.56
18258 ,0.00 ,-0.10
18278 ,0.00 ,-0.10
18296 ,0.00 ,-2.08
18315 ,0.00 ,-3.31
18334 ,0.00 ,-4.22
18353 ,0.00 ,-5.59
18371 ,0.00 ,-6.20
18390 ,0.00 ,-8.80
18409 ,0.00 ,-9.56
18427 ,0.00 ,-9.26
18446 ,0.00 ,-9.26
18465 ,0.00 ,-8.19
18484 ,0.00 ,-8.80
18502 ,0.00 ,-9.87
18521 ,0.00 ,-7.88
18540 ,0.00 ,-7.27
18558 ,0.00 ,-7.58
18577 ,0.00 ,-6.20
18596 ,0.00 ,-5.29
18615 ,0.00 ,-7.88
18633 ,0.00 ,-8.19
18652 ,0.00 ,-8.19
18671 ,0.00 ,-8.19
18690 ,0.00 ,-7.27
18708 ,0.00 ,-6.81
18727 ,0.00 ,-7.27
18746 ,0.00 ,-6.51
18764 ,0.00 ,-6.51
18783 ,0.00 ,-7.27
18802 ,0.00 ,-8.49
18821 ,0.00 ,-7.58
18839 ,0.00 ,-8.49
18857 ,0.00 ,-7.88
18877 ,0.00 ,-8.19
18895 ,0.00 ,-9.56
18914 ,0.00 ,-9.56
18933 ,0.00 ,-9.56
18952 ,0.00 ,-8.80
18970 ,0.00 ,-6.81
18989 ,0.00 ,-5.90
19008 ,0.00 ,-3.61
19026 ,0.00 ,-3.61
19045 ,0.00 ,-3.92
19064 ,0.00 ,-4.22
19083 ,0.00 ,-4.98
19101 ,0.00 ,-3.31
19120 ,0.00 ,-3.00
19139 ,0.00 ,-2.08
19158 ,0.00 ,-2.39
19176 ,0.00 ,-3.00
19195 ,0.00 ,-3.31
19214 ,0.00 ,-3.61
19232 ,0.00 ,-3.92
19251 ,0.00 ,-3.00
19270 ,0.00 ,-1.17
19289 ,0.00 ,-0.56
19307 ,6.19 ,0.20
19325 ,0.00 ,-0.10
19344 ,6.19 ,0.20
19361 ,0.00 ,-0.10
19380 ,0.00 ,-0.10
19399 ,0.00 ,-0.10
19418 ,0.00 ,-0.56
19436 ,0.00 ,-0.10
19454 ,0.00 ,-0.10
19474 ,6.19 ,0.20
19491 ,6.19 ,0.20
19509 ,9.78 ,0.51
19527 ,9.78 ,0.51
19545 ,9.78 ,0.51
19562 ,9.78 ,0.51
19579 ,12.36 ,0.81
19599 ,9.78 ,0.51
19616 ,6.19 ,0.20
19634 ,0.00 ,-0.10
19652 ,0.00 ,-0.10
19672 ,0.00 ,-0.10
19690 ,6.19 ,0.20
19707 ,0.00 ,-0.10
19727 ,0.00 ,-0.86
19745 ,0.00 ,-0.86
19764 ,0.00 ,-0.56
19782 ,0.00 ,-0.86
19802 ,0.00 ,-0.56
19820 ,0.00 ,-0.56
19838 ,0.00 ,-0.86
19858 ,0.00 ,-0.86
19876 ,0.00 ,-0.86
19895 ,0.00 ,-1.17
19913 ,0.00 ,-1.47
19933 ,0.00 ,-1.17
19951 ,0.00 ,-1.17
19970 ,0.00 ,-1.17
19988 ,0.00 ,-1.47
20007 ,0.00 ,-1.47
20026 ,0.00 ,-1.78
20044 ,0.00 ,-1.78
20064 ,0.00 ,-2.08
20082 ,0.00 ,-2.08
20101 ,0.00 ,-2.39
20119 ,0.00 ,-2.08
20139 ,0.00 ,-2.08
20157 ,0.00 ,-2.39
20175 ,0.00 ,-2.39
20195 ,0.00 ,-3.00
20213 ,0.00 ,-3.61
20232 ,0.00 ,-4.98
20250 ,0.00 ,-5.59
20270 ,0.00 ,-5.90
20288 ,0.00 ,-6.51
20306 ,0.00 ,-9.87
20326 ,0.00 ,-10.17
20345 ,0.00 ,-10.78
20365 ,0.00 ,-12.77
20384 ,0.00 ,-19.02
20405 ,0.00 ,-27.57
20424 ,0.00 ,-36.11
20444 ,0.00 ,-48.01
20464 ,0.00 ,-61.74
20484 ,0.00 ,-77.92
20503 ,0.00 ,-91.95
20524 ,0.00 ,-105.53
20544 ,0.00 ,-115.91
20564 ,0.00 ,-118.35
20585 ,0.00 ,-113.62
20606 ,0.00 ,-101.57
20627 ,0.00 ,-102.48
20647 ,0.00 ,-110.11
20669 ,0.00 ,-112.40
20689 ,0.00 ,-111.64
20710 ,0.00 ,-111.03
20731 ,0.00 ,-112.70
20752 ,0.00 ,-115.30
20772 ,0.00 ,-115.60
20794 ,0.00 ,-120.64
20814 ,0.00 ,-128.42
20835 ,0.00 ,-132.39
20856 ,0.00 ,-139.56
20877 ,0.00 ,-148.10
20897 ,0.00 ,-166.26
20918 ,0.00 ,-183.04
20939 ,0.00 ,-191.89
20960 ,0.00 ,-200.74
20980 ,0.00 ,-210.96
21002 ,0.00 ,-221.49
21022 ,0.00 ,-230.95
21043 ,0.00 ,-239.19
21064 ,0.00 ,-242.55
21085 ,0.00 ,-246.36
21105 ,0.00 ,-248.04
21127 ,0.00 ,-247.74
21147 ,0.00 ,-245.14
21168 ,0.00 ,-242.85
21189 ,0.00 ,-241.79
21210 ,0.00 ,-237.51
21230 ,0.00 ,-232.94
21251 ,0.00 ,-222.10
21272 ,0.00 ,-217.53
21293 ,0.00 ,-217.22
21313 ,0.00 ,-214.93
21335 ,0.00 ,-209.90
21355 ,0.00 ,-202.42
21376 ,0.00 ,-190.52
21397 ,0.00 ,-187.93
21417 ,0.00 ,-188.23
21438 ,0.00 ,-189.91
21459 ,0.00 ,-185.94
21480 ,0.00 ,-181.67
21500 ,0.00 ,-182.74
21522 ,0.00 ,-174.80
21542 ,0.00 ,-166.87
21563 ,0.00 ,-170.23
21583 ,0.00 ,-174.50
21605 ,0.00 ,-168.55
21625 ,0.00 ,-160.31
21646 ,0.00 ,-152.07
21667 ,0.00 ,-148.87
21688 ,0.00 ,-146.88
21708 ,0.00 ,-138.95
21730 ,0.00 ,-130.40
21750 ,0.00 ,-126.89
21771 ,0.00 ,-122.93
21792 ,0.00 ,-115.60
21813 ,0.00 ,-113.62
21833 ,0.00 ,-108.43
21855 ,0.00 ,-101.57
21875 ,0.00 ,-96.53
21895 ,0.00 ,-93.63
21914 ,0.00 ,-88.44
21935 ,0.00 ,-87.07
21954 ,0.00 ,-87.38
21974 ,0.00 ,-85.39
21994 ,0.00 ,-77.15
22013 ,0.00 ,-69.98
22033 ,0.00 ,-67.08
22052 ,0.00 ,-66.01
22073 ,0.00 ,-64.03
22092 ,0.00 ,-63.42
22112 ,0.00 ,-59.76
22132 ,0.00 ,-49.99
22152 ,0.00 ,-36.72
22171 ,0.00 ,-29.85
22192 ,0.00 ,-29.85
22211 ,0.00 ,-32.91
22231 ,0.00 ,-28.94
22250 ,0.00 ,-24.97
22270 ,0.00 ,-23.29
22290 ,0.00 ,-21.61
22309 ,0.00 ,-21.61
22330 ,0.00 ,-30.16
22349 ,0.00 ,-42.98
22369 ,0.00 ,-52.59
22389 ,0.00 ,-59.76
22409 ,0.00 ,-55.49
22428 ,0.00 ,-39.77
22448 ,0.00 ,-6.20
22467 ,64.07 ,21.87
22487 ,81.75 ,35.60
22506 ,66.92 ,23.85
22526 ,39.81 ,8.44
22545 ,0.00 ,-3.61
22563 ,0.00 ,-10.17
22583 ,0.00 ,-0.56
22602 ,64.52 ,22.18
22622 ,96.97 ,50.10
22641 ,128.48 ,87.94
22663 ,160.67 ,137.52
22684 ,125.09 ,83.36
22705 ,151.21 ,121.81
22727 ,165.59 ,146.07
22749 ,279.13 ,415.07
22770 ,353.47 ,665.60
22793 ,409.69 ,894.16
22814 ,455.29 ,1104.26
22837 ,483.78 ,1246.77
22860 ,483.78 ,1246.77
22883 ,483.78 ,1246.77
22905 ,483.78 ,1246.77
22929 ,472.64 ,1190.01
22951 ,460.85 ,1131.42
22974 ,483.78 ,1246.77
22998 ,463.46 ,1144.24
23020 ,458.99 ,1122.27
23043 ,483.78 ,1246.77
23066 ,446.01 ,1059.71
23089 ,448.67 ,1072.37
23111 ,389.92 ,809.94
23134 ,346.06 ,637.98
23155 ,319.02 ,542.16
23177 ,281.58 ,422.39
23199 ,237.62 ,300.78
23221 ,180.88 ,174.30
23242 ,154.40 ,127.00
23265 ,130.58 ,90.84
23285 ,116.93 ,72.83
23306 ,114.45 ,69.78
23327 ,79.44 ,33.62
23347 ,73.83 ,29.04
23366 ,55.19 ,16.22
23387 ,66.92 ,23.85
23406 ,34.82 ,6.46
23425 ,36.43 ,7.07
23443 ,70.05 ,26.14
23463 ,90.08 ,43.23
23483 ,98.29 ,51.47
23502 ,98.88 ,52.08
23523 ,92.13 ,45.21
23542 ,81.40 ,35.30
23562 ,64.52 ,22.18
23581 ,26.40 ,3.71
23601 ,0.00 ,-20.39
23620 ,0.00 ,-40.69
23640 ,0.00 ,-67.39
23660 ,0.00 ,-91.95
23680 ,0.00 ,-112.40
23700 ,0.00 ,-127.20
23721 ,0.00 ,-144.90
23742 ,0.00 ,-164.89
23762 ,0.00 ,-183.65
23783 ,0.00 ,-191.28
23804 ,0.00 ,-179.38
23825 ,0.00 ,-156.34
23845 ,0.00 ,-133.45
23867 ,0.00 ,-117.59
23887 ,0.00 ,-103.55
23908 ,0.00 ,-88.75
23928 ,0.00 ,-75.17
23948 ,0.00 ,-65.10
23967 ,0.00 ,-66.63
23988 ,0.00 ,-68.30
24007 ,0.00 ,-70.29
24027 ,0.00 ,-70.59
24046 ,0.00 ,-63.73
24067 ,0.00 ,-65.40
24086 ,0.00 ,-71.66
24105 ,0.00 ,-78.22
24126 ,0.00 ,-87.68
24145 ,0.00 ,-90.27
24165 ,0.00 ,-89.05
24185 ,0.00 ,-95.31
24205 ,0.00 ,-97.60
24224 ,0.00 ,-97.60
24244 ,0.00 ,-95.00
24264 ,0.00 ,-96.99
24284 ,0.00 ,-103.09
24304 ,0.00 ,-98.82
24325 ,0.00 ,-93.02
24344 ,0.00 ,-91.95
24364 ,0.00 ,-93.94
24384 ,0.00 ,-93.02
24403 ,0.00 ,-83.71
24423 ,0.00 ,-67.39
24442 ,0.00 ,-45.72
24463 ,0.00 ,-27.26
24482 ,0.00 ,-22.68
24502 ,0.00 ,-24.36
24522 ,0.00 ,-25.89
24542 ,0.00 ,-29.24
24561 ,0.00 ,-36.11
24581 ,0.00 ,-42.37
24601 ,0.00 ,-44.04
24621 ,0.00 ,-45.26
24640 ,0.00 ,-48.93
24660 ,0.00 ,-48.93
24680 ,0.00 ,-47.71
24699 ,0.00 ,-46.94
24720 ,0.00 ,-52.28
24739 ,0.00 ,-64.34
24759 ,0.00 ,-69.68
24778 ,0.00 ,-66.63
24799 ,0.00 ,-65.10
24818 ,0.00 ,-66.32
24838 ,0.00 ,-69.37
24858 ,0.00 ,-75.63
24878 ,0.00 ,-82.80
24897 ,0.00 ,-81.12
24918 ,0.00 ,-76.85
24937 ,0.00 ,-53.81
24956 ,0.00 ,-34.43
24976 ,0.00 ,-17.34
24996 ,0.00 ,-6.20
25015 ,0.00 ,-1.47
25033 ,0.00 ,-0.86
25053 ,0.00 ,-0.10
25071 ,0.00 ,-0.56
25090 ,0.00 ,-0.10
25108 ,0.00 ,-0.56
25127 ,0.00 ,-1.17
25146 ,0.00 ,-1.17
25164 ,0.00 ,-1.47
25184 ,0.00 ,-2.08
25202 ,0.00 ,-4.53
25221 ,0.00 ,-9.56
25239 ,0.00 ,-10.17
25260 ,0.00 ,-10.17
25279 ,0.00 ,-12.15
25298 ,0.00 ,-13.53
25319 ,0.00 ,-19.63
25338 ,0.00 ,-28.18
25358 ,0.00 ,-32.14
25377 ,0.00 ,-38.09
25398 ,0.00 ,-44.65
25417 ,0.00 ,-60.83
25437 ,0.00 ,-71.66
25457 ,0.00 ,-90.73
25477 ,0.00 ,-126.89
25497 ,0.00 ,-205.01
25519 ,0.00 ,-282.52
25539 ,0.00 ,-319.91
25560 ,0.00 ,-351.34
25580 ,0.00 ,-383.84
25602 ,0.00 ,-415.11
25622 ,0.00 ,-449.60
25643 ,0.00 ,-483.16
25664 ,0.00 ,-492.01
25684 ,0.00 ,-470.35
25705 ,0.00 ,-450.97
25726 ,0.00 ,-358.36
25747 ,0.00 ,-387.80
25767 ,0.00 ,-372.09
25789 ,0.00 ,-354.08
25809 ,0.00 ,-348.13
25830 ,0.00 ,-339.28
25851 ,0.00 ,-326.01
25872 ,0.00 ,-332.26
25892 ,0.00 ,-325.70
25913 ,0.00 ,-321.43
25934 ,0.00 ,-326.47
25955 ,0.00 ,-335.32
25975 ,0.00 ,-267.72
25997 ,0.00 ,-218.75
26017 ,0.00 ,-190.21
26038 ,0.00 ,-221.80
26059 ,0.00 ,-268.49
26080 ,0.00 ,-311.51
26100 ,0.00 ,-329.37
26122 ,0.00 ,-343.56
26142 ,0.00 ,-335.93
26163 ,0.00 ,-317.46
26184 ,0.00 ,-274.74
26205 ,0.00 ,-227.29
26225 ,0.00 ,-198.45
26246 ,0.00 ,-184.72
26267 ,0.00 ,-183.35
26288 ,0.00 ,-172.82
26308 ,0.00 ,-170.84
26330 ,0.00 ,-156.65
26350 ,0.00 ,-148.87
26371 ,0.00 ,-138.34
26392 ,0.00 ,-153.75
26413 ,0.00 ,-168.55
26433 ,0.00 ,-173.74
26455 ,0.00 ,-185.94
26475 ,0.00 ,-183.96
26496 ,0.00 ,-165.65
26517 ,0.00 ,-157.10
26537 ,0.00 ,-142.91
26558 ,0.00 ,-138.95
26578 ,0.00 ,-136.05
26600 ,0.00 ,-135.29
26620 ,0.00 ,-134.68
26641 ,0.00 ,-133.76
26662 ,0.00 ,-131.47
26683 ,0.00 ,-119.57
26703 ,0.00 ,-116.98
26725 ,0.00 ,-105.53
26745 ,0.00 ,-101.26
26766 ,0.00 ,-109.81
26787 ,0.00 ,-111.33
26808 ,0.00 ,-106.45
26828 ,0.00 ,-111.03
26850 ,0.00 ,-111.03
26870 ,0.00 ,-112.40
26891 ,0.00 ,-106.14
26911 ,0.00 ,-115.30
26933 ,0.00 ,-105.08
26953 ,0.00 ,-103.55
26974 ,0.00 ,-103.85
26995 ,0.00 ,-102.79
27016 ,0.00 ,-102.79
27036 ,0.00 ,-100.80
27058 ,0.00 ,-106.14
27078 ,0.00 ,-103.85
27099 ,0.00 ,-99.89
27119 ,0.00 ,-103.09
27140 ,0.00 ,-107.82
27160 ,0.00 ,-98.21
27181 ,0.00 ,-93.63
27200 ,0.00 ,-91.34
27219 ,0.00 ,-87.99
27239 ,0.00 ,-83.71
27259 ,0.00 ,-88.75
27279 ,0.00 ,-87.38
27298 ,0.00 ,-78.53
27319 ,0.00 ,-84.17
27338 ,0.00 ,-82.19
27358 ,0.00 ,-81.73
27377 ,0.00 ,-75.63
27398 ,0.00 ,-68.61
27417 ,0.00 ,-67.39
27437 ,0.00 ,-73.95
27457 ,0.00 ,-68.61
27476 ,0.00 ,-71.66
27496 ,0.00 ,-62.35
27516 ,0.00 ,-67.39
27536 ,0.00 ,-56.86
27555 ,0.00 ,-59.76
27575 ,0.00 ,-55.49
27595 ,0.00 ,-59.15
27615 ,0.00 ,-50.91
27634 ,0.00 ,-59.45
27655 ,0.00 ,-52.59
27674 ,0.00 ,-51.21
27694 ,0.00 ,-50.91
27714 ,0.00 ,-47.71
27734 ,0.00 ,-44.35
27753 ,0.00 ,-46.94
27772 ,0.00 ,-43.74
27793 ,0.00 ,-44.04
27812 ,0.00 ,-41.75
27832 ,0.00 ,-43.43
27852 ,0.00 ,-46.94
27872 ,0.00 ,-44.65
27891 ,0.00 ,-43.43
27912 ,0.00 ,-45.72
27931 ,0.00 ,-40.99
27951 ,0.00 ,-42.37
27970 ,0.00 ,-40.99
27991 ,0.00 ,-44.04
28010 ,0.00 ,-37.48
28029 ,0.00 ,-38.70
28050 ,0.00 ,-31.23
28069 ,0.00 ,-30.16
28089 ,0.00 ,-30.92
28108 ,0.00 ,-31.23
28129 ,0.00 ,-31.53
28148 ,0.00 ,-30.92
28168 ,0.00 ,-31.84
28188 ,0.00 ,-32.91
28208 ,0.00 ,-29.24
28227 ,0.00 ,-33.21
28248 ,0.00 ,-32.45
28267 ,0.00 ,-27.57
28286 ,0.00 ,-35.50
28306 ,0.00 ,-31.23
28326 ,0.00 ,-31.84
28346 ,0.00 ,-29.55
28365 ,0.00 ,-26.34
28386 ,0.00 ,-28.63
28405 ,0.00 ,-22.07
28425 ,0.00 ,-24.97
28445 ,0.00 ,-22.99
28465 ,0.00 ,-23.29
28484 ,0.00 ,-25.58
28504 ,0.00 ,-23.60
28524 ,0.00 ,-20.39
28544 ,0.00 ,-24.36
28563 ,0.00 ,-20.70
28583 ,0.00 ,-22.38
28603 ,0.00 ,-24.36
28622 ,0.00 ,-23.60
28642 ,0.00 ,-21.31
28662 ,0.00 ,-27.87
28682 ,0.00 ,-25.89
28701 ,0.00 ,-23.60
28722 ,0.00 ,-20.09
28741 ,0.00 ,-20.70
28761 ,0.00 ,-14.14
28781 ,0.00 ,-16.73
28801 ,0.00 ,-15.05
28820 ,0.00 ,-13.07
28839 ,0.00 ,-13.53
28860 ,0.00 ,-11.54
28879 ,0.00 ,-9.56
28898 ,0.00 ,-11.09
28918 ,0.00 ,-11.85
28938 ,0.00 ,-11.09
28957 ,0.00 ,-11.54
28978 ,0.00 ,-12.46
28997 ,0.00 ,-11.54
29017 ,0.00 ,-11.85
29036 ,0.00 ,-12.15
29057 ,0.00 ,-13.53
29076 ,0.00 ,-14.14
29095 ,0.00 ,-15.36
29116 ,0.00 ,-15.82
29135 ,0.00 ,-17.80
29155 ,0.00 ,-19.63
29174 ,0.00 ,-21.31
29195 ,0.00 ,-19.63
29214 ,0.00 ,-16.43
29234 ,0.00 ,-15.82
29254 ,0.00 ,-15.36
29274 ,0.00 ,-15.36
29293 ,0.00 ,-16.12
29314 ,0.00 ,-18.11
29333 ,0.00 ,-17.80
29352 ,0.00 ,-15.05
29372 ,0.00 ,-12.15
29392 ,0.00 ,-9.56
29411 ,0.00 ,-8.80
29429 ,0.00 ,-6.81
29449 ,0.00 ,-3.92
29467 ,0.00 ,-1.47
29486 ,0.00 ,-0.86
29504 ,0.00 ,-0.56
29523 ,0.00 ,-0.56
29542 ,0.00 ,-1.17
29560 ,0.00 ,-1.47
29580 ,0.00 ,-1.78
29598 ,0.00 ,-1.17
29617 ,0.00 ,-1.47
29635 ,0.00 ,-1.47
29655 ,0.00 ,-1.47
29673 ,0.00 ,-2.08
29691 ,0.00 ,-1.78
29711 ,0.00 ,-0.56
29729 ,9.78 ,0.51
29747 ,0.00 ,-0.56
29765 ,0.00 ,-1.17
29785 ,0.00 ,-1.17
29803 ,9.78 ,0.51
29820 ,0.00 ,-1.78
29839 ,0.00 ,-5.90
29858 ,0.00 ,-6.81
29877 ,0.00 ,-6.81
29895 ,0.00 ,-23.60
29916 ,0.00 ,-7.27
29934 ,0.00 ,-2.39
29953 ,0.00 ,-0.10
29971 ,0.00 ,-0.56
29990 ,0.00 ,-3.00
30009 ,0.00 ,-4.98
30027 ,0.00 ,-6.81
30047 ,0.00 ,-7.58
30065 ,0.00 ,-5.29
30084 ,0.00 ,-4.98
30102 ,0.00 ,-6.20
30121 ,0.00 ,-6.51
30140 ,0.00 ,-5.90
30158 ,0.00 ,-5.59
30178 ,0.00 ,-5.29
30196 ,0.00 ,-4.22
30215 ,12.36 ,0.81
30233 ,22.92 ,2.80
30253 ,30.90 ,5.09
30271 ,42.59 ,9.66
30289 ,58.95 ,18.51
30310 ,100.74 ,54.06
30330 ,137.73 ,101.06
30352 ,115.32 ,70.85
30372 ,211.94 ,239.29
30395 ,255.11 ,346.71
30416 ,313.72 ,524.31
30438 ,372.61 ,739.60
30460 ,404.52 ,871.73
30482 ,417.52 ,928.64
30503 ,395.97 ,835.27
30526 ,420.08 ,940.09
30547 ,468.44 ,1168.96
30570 ,440.65 ,1034.38
30594 ,435.02 ,1008.14
30616 ,483.78 ,1246.77
30639 ,368.66 ,724.04
30661 ,420.97 ,944.06
30683 ,393.36 ,824.28
30704 ,397.85 ,843.20
30727 ,316.68 ,534.23
30748 ,304.74 ,494.71
30770 ,240.85 ,309.02
30792 ,199.84 ,212.75
30814 ,157.52 ,132.18
30835 ,119.95 ,76.65
30857 ,85.85 ,39.26
30876 ,70.05 ,26.14
30896 ,69.64 ,25.84
30916 ,90.40 ,43.54
30936 ,97.56 ,50.71
30955 ,111.54 ,66.27
30977 ,110.89 ,65.51
30997 ,115.57 ,71.15
31017 ,129.59 ,89.46
31038 ,130.80 ,91.14
31059 ,112.05 ,66.88
31080 ,98.59 ,51.78
31099 ,99.45 ,52.69
31120 ,106.68 ,60.63
31140 ,105.19 ,58.95
31161 ,90.08 ,43.23
31181 ,70.87 ,26.75
31201 ,0.00 ,-1.78
31219 ,0.00 ,-50.91
31240 ,0.00 ,-112.09
31260 ,0.00 ,-169.92
31281 ,0.00 ,-194.49
31301 ,0.00 ,-233.55
31323 ,0.00 ,-290.15
31343 ,0.00 ,-343.86
31364 ,0.00 ,-350.73
31385 ,0.00 ,-320.82
31406 ,0.00 ,-274.74
31426 ,0.00 ,-256.28
31448 ,0.00 ,-295.34
31468 ,0.00 ,-386.58
31489 ,0.00 ,-455.55
31510 ,0.00 ,-415.73
31531 ,0.00 ,-335.32
31551 ,0.00 ,-272.00
31572 ,0.00 ,-212.95
31593 ,0.00 ,-138.03
31613 ,0.00 ,-70.29
31633 ,0.00 ,-8.80
31652 ,90.72 ,43.84
31672 ,133.83 ,95.41
31692 ,127.02 ,85.95
31714 ,56.98 ,17.29
31733 ,0.00 ,-8.80
31752 ,0.00 ,-22.38
31772 ,6.19 ,0.20
31790 ,74.22 ,29.35
31809 ,100.46 ,53.76
31830 ,117.90 ,74.05
31851 ,120.78 ,77.71
31872 ,126.80 ,85.65
31892 ,117.66 ,73.75
31913 ,110.37 ,64.90
31934 ,120.78 ,77.71
31954 ,121.84 ,79.09
31976 ,112.05 ,66.88
31996 ,97.56 ,50.71
32016 ,96.38 ,49.49
32035 ,98.88 ,52.08
32056 ,74.22 ,29.35
32075 ,41.23 ,9.05
32094 ,12.36 ,0.81
32113 ,0.00 ,-7.88
32132 ,0.00 ,-9.56
32150 ,0.00 ,-22.07
32169 ,0.00 ,-36.11
32190 ,0.00 ,-54.57
32209 ,0.00 ,-63.73
32229 ,0.00 ,-63.73
32249 ,0.00 ,-70.59
32269 ,0.00 ,-81.12
32288 ,0.00 ,-102.18
32310 ,0.00 ,-114.69
32330 ,0.00 ,-135.29
32351 ,0.00 ,-147.19
32372 ,0.00 ,-151.76
32393 ,0.00 ,-161.68
32413 ,0.00 ,-189.60
32434 ,0.00 ,-195.55
32455 ,0.00 ,-168.85
32476 ,0.00 ,-145.51
32496 ,0.00 ,-127.81
32518 ,0.00 ,-106.75
32538 ,0.00 ,-99.89
32558 ,0.00 ,-84.48
32578 ,0.00 ,-55.49
32598 ,0.00 ,-32.45
32617 ,0.00 ,-9.87
32635 ,12.36 ,0.81
32655 ,35.64 ,6.77
32673 ,0.00 ,-2.39
32692 ,0.00 ,-5.59
32711 ,43.26 ,9.97
32730 ,64.07 ,21.87
32749 ,80.69 ,34.69
32769 ,100.17 ,53.45
32790 ,104.92 ,58.64
32811 ,91.82 ,44.91
32830 ,56.98 ,17.29
32850 ,102.85 ,56.35
32871 ,138.56 ,102.28
32892 ,124.29 ,82.29
32914 ,102.01 ,55.44
32934 ,52.26 ,14.55
32954 ,0.00 ,-7.88
32973 ,0.00 ,-1.17
32992 ,25.29 ,3.41
33010 ,0.00 ,-11.85
33030 ,20.26 ,2.19
33049 ,42.59 ,9.66
33068 ,27.98 ,4.17
33086 ,39.81 ,8.44
33105 ,63.17 ,21.26
33125 ,56.47 ,16.99
33144 ,73.83 ,29.04
33164 ,88.96 ,42.16
33184 ,104.37 ,58.03
33205 ,121.49 ,78.63
33225 ,126.23 ,84.89
33247 ,127.25 ,86.26
33267 ,125.32 ,83.66
33288 ,116.31 ,72.07
33309 ,110.11 ,64.59
33330 ,93.36 ,46.44
33349 ,0.00 ,-5.29
33368 ,0.00 ,-51.21
33388 ,0.00 ,-93.02
33408 ,0.00 ,-111.64
33428 ,0.00 ,-116.98
33449 ,0.00 ,-99.58
33469 ,0.00 ,-67.39
33488 ,0.00 ,-33.82
33509 ,0.00 ,-37.18
33528 ,0.00 ,-44.65
33548 ,0.00 ,-18.72
33567 ,32.70 ,5.70
33587 ,55.70 ,16.53
33606 ,73.45 ,28.74
33626 ,94.73 ,47.81
33646 ,103.68 ,57.27
33667 ,99.45 ,52.69
33686 ,93.06 ,46.13
33707 ,73.83 ,29.04
33726 ,73.83 ,29.04
33745 ,103.13 ,56.66
33766 ,126.46 ,85.19
33787 ,122.78 ,80.31
33808 ,110.11 ,64.59
33828 ,90.72 ,43.84
33849 ,77.06 ,31.64
33868 ,65.84 ,23.09
33888 ,53.07 ,15.00
33908 ,33.57 ,6.00
33927 ,76.31 ,31.03
33946 ,110.37 ,64.90
33967 ,112.05 ,66.88
33988 ,130.14 ,90.23
34009 ,129.92 ,89.92
34029 ,130.14 ,90.23
34051 ,122.08 ,79.39
34071 ,117.90 ,74.05
34092 ,129.37 ,89.16
34113 ,119.23 ,75.73
34134 ,113.70 ,68.86
34154 ,93.82 ,46.89
34174 ,77.06 ,31.64
34194 ,73.45 ,28.74
34213 ,82.97 ,36.67
34233 ,99.74 ,53.00
34253 ,109.85 ,64.29
34274 ,108.15 ,62.30
34294 ,92.13 ,45.21
34315 ,73.45 ,28.74
34334 ,80.69 ,34.69
34354 ,94.13 ,47.20
34374 ,113.70 ,68.86
34395 ,117.17 ,73.14
34415 ,113.70 ,68.86
34437 ,99.74 ,53.00
34456 ,86.18 ,39.57
34476 ,78.72 ,33.01
34495 ,72.66 ,28.13
34515 ,71.27 ,27.06
34535 ,78.35 ,32.70
34554 ,79.44 ,33.62
34575 ,73.45 ,28.74
34594 ,56.98 ,17.29
34614 ,40.52 ,8.75
34632 ,27.98 ,4.17
34652 ,0.00 ,-6.51
34670 ,0.00 ,-9.56
34689 ,0.00 ,-2.08
34708 ,43.26 ,9.97
34726 ,71.27 ,27.06
34746 ,96.38 ,49.49
34765 ,115.32 ,70.85
34787 ,130.14 ,90.23
34807 ,125.32 ,83.66
34828 ,0.00 ,-32.91
34848 ,0.00 ,-52.59
34868 ,0.00 ,-56.86
34887 ,0.00 ,-57.17
34908 ,0.00 ,-56.25
34927 ,0.00 ,-51.52
34947 ,0.00 ,-53.50
34967 ,0.00 ,-52.28
34987 ,0.00 ,-51.52
35006 ,0.00 ,-53.20
35025 ,0.00 ,-54.88
35046 ,0.00 ,-52.59
35065 ,0.00 ,-54.27
35085 ,0.00 ,-45.26
35105 ,0.00 ,-49.99
35125 ,0.00 ,-44.35
35144 ,0.00 ,-50.60
35164 ,0.00 ,-50.30
35184 ,0.00 ,-48.62
35204 ,0.00 ,-50.60
35223 ,0.00 ,-51.52
35244 ,0.00 ,-50.30
35263 ,0.00 ,-50.30
35282 ,0.00 ,-48.01
35303 ,0.00 ,-46.64
35322 ,0.00 ,-44.35
35342 ,0.00 ,-44.04
35361 ,0.00 ,-44.04
35382 ,0.00 ,-41.75
35401 ,0.00 ,-40.38
35421 ,0.00 ,-36.41
35441 ,0.00 ,-38.40
35461 ,0.00 ,-38.09
35480 ,0.00 ,-36.41
35501 ,0.00 ,-38.70
35520 ,0.00 ,-33.52
35539 ,0.00 ,-34.43
35559 ,0.00 ,-29.24
35579 ,0.00 ,-31.53
35599 ,0.00 ,-31.53
35618 ,0.00 ,-28.63
35639 ,0.00 ,-30.16
35658 ,0.00 ,-28.94
35678 ,0.00 ,-29.24
35697 ,0.00 ,-27.57
35718 ,0.00 ,-28.18
35737 ,0.00 ,-25.58
35757 ,0.00 ,-22.68
35777 ,0.00 ,-22.38
35796 ,0.00 ,-20.70
35816 ,0.00 ,-21.61
35836 ,0.00 ,-22.38
35856 ,0.00 ,-21.00
35875 ,0.00 ,-20.70
35895 ,0.00 ,-19.33
35915 ,0.00 ,-19.63
35935 ,0.00 ,-20.09
35954 ,0.00 ,-18.11
35975 ,0.00 ,-17.80
35994 ,0.00 ,-16.12
36014 ,0.00 ,-20.09
36034 ,0.00 ,-24.67
36054 ,0.00 ,-23.90
36073 ,0.00 ,-23.60
36092 ,0.00 ,-19.02
36113 ,0.00 ,-17.34
36132 ,0.00 ,-20.39
36152 ,0.00 ,-18.11
36172 ,0.00 ,-18.41
36192 ,0.00 ,-18.11
36211 ,0.00 ,-16.73
36232 ,0.00 ,-16.73
36251 ,0.00 ,-16.43
36271 ,0.00 ,-17.80
36290 ,0.00 ,-18.41
36311 ,0.00 ,-17.80
36330 ,0.00 ,-16.12
36349 ,0.00 ,-19.02
36370 ,0.00 ,-21.31
36389 ,0.00 ,-19.33
36409 ,0.00 ,-16.73
36428 ,0.00 ,-16.12
36449 ,0.00 ,-16.43
36468 ,0.00 ,-17.34
36488 ,0.00 ,-19.02
36508 ,0.00 ,-18.72
36528 ,0.00 ,-10.17
36547 ,0.00 ,-3.00
36567 ,14.50 ,1.12
36585 ,0.00 ,-0.10
36603 ,0.00 ,-1.17
36622 ,9.78 ,0.51
36640 ,26.40 ,3.71
36659 ,34.82 ,6.46
36677 ,46.14 ,11.34
36698 ,48.86 ,12.72
36717 ,45.52 ,11.04
36737 ,46.14 ,11.34
36756 ,47.97 ,12.26
36776 ,39.81 ,8.44
36795 ,22.92 ,2.80
36813 ,0.00 ,-1.47
36833 ,0.00 ,-4.22
36851 ,0.00 ,-3.31
36870 ,0.00 ,-0.10
36888 ,0.00 ,-1.47
36908 ,0.00 ,-4.53
36926 ,0.00 ,-5.90
36944 ,0.00 ,-8.80
36964 ,0.00 ,-13.07
36983 ,0.00 ,-16.43
37003 ,0.00 ,-20.39
37022 ,0.00 ,-26.95
37043 ,0.00 ,-34.89
37062 ,0.00 ,-35.19
37082 ,0.00 ,-30.62
37102 ,0.00 ,-25.28
37122 ,0.00 ,-24.97
37141 ,0.00 ,-25.89
37160 ,0.00 ,-24.97
37181 ,0.00 ,-27.57
37200 ,0.00 ,-26.65
37220 ,0.00 ,-27.87
37240 ,0.00 ,-26.65
37260 ,0.00 ,-23.90
37279 ,0.00 ,-21.31
37300 ,0.00 ,-16.73
37319 ,0.00 ,-10.78
37339 ,0.00 ,-8.80
37357 ,0.00 ,-3.61
37377 ,46.76 ,11.65
37396 ,86.18 ,39.57
37415 ,120.31 ,77.10
37437 ,154.03 ,126.39
37458 ,122.78 ,80.31
37479 ,126.80 ,85.65
37500 ,182.07 ,176.58
37522 ,206.40 ,226.94
37543 ,236.05 ,296.82
37566 ,292.22 ,454.89
37587 ,341.23 ,620.28
37609 ,335.60 ,599.99
37632 ,427.79 ,974.88
37653 ,455.23 ,1103.96
37676 ,460.79 ,1131.12
37699 ,429.22 ,981.44
37721 ,377.83 ,760.50
37742 ,483.78 ,1246.77
37766 ,450.39 ,1080.61
37788 ,454.25 ,1099.23
37811 ,423.38 ,954.89
37833 ,333.55 ,592.67
37855 ,340.60 ,617.99
37876 ,313.13 ,522.33
37899 ,288.17 ,442.38
37920 ,212.28 ,240.06
37942 ,148.06 ,116.77
37964 ,130.36 ,90.53
37985 ,159.15 ,134.93
38006 ,122.55 ,80.00
38027 ,96.97 ,50.10
38047 ,66.49 ,23.55
38067 ,46.14 ,11.34
38086 ,102.57 ,56.05
38108 ,96.38 ,49.49
38127 ,90.72 ,43.84
38147 ,105.46 ,59.25
38168 ,96.68 ,49.79
38188 ,75.56 ,30.41
38207 ,43.26 ,9.97
38225 ,0.00 ,-25.28
38246 ,0.00 ,-93.02
38265 ,0.00 ,-187.62
38286 ,0.00 ,-250.02
38307 ,0.00 ,-316.24
38328 ,0.00 ,-342.49
38348 ,0.00 ,-362.93
38370 ,0.00 ,-361.25
38390 ,0.00 ,-298.39
38411 ,0.00 ,-216.92
38432 ,0.00 ,-191.28
38453 ,0.00 ,-179.99
38473 ,0.00 ,-166.26
38495 ,0.00 ,-93.33
38514 ,0.00 ,-24.97
38534 ,0.00 ,-23.60
38553 ,0.00 ,-84.17
38574 ,0.00 ,-135.29
38594 ,0.00 ,-191.89
38615 ,0.00 ,-205.93
38636 ,0.00 ,-174.50
38657 ,0.00 ,-132.08
38677 ,0.00 ,-53.81
38697 ,73.45 ,28.74
38717 ,124.75 ,82.90
38737 ,119.71 ,76.34
38758 ,112.30 ,67.19
38779 ,88.32 ,41.55
38799 ,69.23 ,25.53
38818 ,67.34 ,24.16
38839 ,77.06 ,31.64
38858 ,102.85 ,56.35
38879 ,104.65 ,58.34
38900 ,114.45 ,69.78
38921 ,103.68 ,57.27
38941 ,58.46 ,18.21
38962 ,0.00 ,-1.78
38980 ,32.70 ,5.70
38999 ,57.48 ,17.60
39018 ,40.52 ,8.75
39037 ,25.29 ,3.41
39056 ,0.00 ,-21.31
39075 ,0.00 ,-51.21
39096 ,0.00 ,-71.66
39115 ,0.00 ,-61.44
39135 ,0.00 ,-55.79
39154 ,0.00 ,-68.61
39175 ,0.00 ,-96.99
39194 ,0.00 ,-114.69
39215 ,0.00 ,-90.73
39235 ,0.00 ,-30.92
39255 ,0.00 ,-20.09
39274 ,0.00 ,-20.70
39294 ,0.00 ,-48.93
39314 ,0.00 ,-87.38
39333 ,0.00 ,-126.13
39354 ,0.00 ,-140.02
39375 ,0.00 ,-170.23
39396 ,0.00 ,-200.74
39416 ,0.00 ,-232.94
39438 ,0.00 ,-226.38
39458 ,0.00 ,-219.81
39479 ,0.00 ,-206.39
39500 ,0.00 ,-179.08
39521 ,0.00 ,-132.39
39541 ,0.00 ,-53.20
39562 ,53.61 ,15.31
39581 ,105.19 ,58.95
39602 ,99.74 ,53.00
39621 ,104.37 ,58.03
39643 ,119.95 ,76.65
39663 ,132.97 ,94.19
39684 ,128.48 ,87.94
39705 ,119.95 ,76.65
39726 ,114.45 ,69.78
39746 ,65.84 ,23.09
39767 ,160.49 ,137.22
39788 ,155.97 ,129.59
39810 ,139.49 ,103.65
39832 ,122.08 ,79.39
39853 ,119.47 ,76.04
39873 ,0.00 ,-563.27
39895 ,0.00 ,-412.22
39915 ,0.00 ,-528.18
39936 ,0.00 ,-541.60
39956 ,0.00 ,-421.07
39977 ,0.00 ,-456.16
39998 ,0.00 ,-401.38
40018 ,0.00 ,-332.72
40040 ,0.00 ,-341.27
40060 ,0.00 ,-371.17
40081 ,0.00 ,-370.71
40102 ,0.00 ,-349.05
40123 ,0.00 ,-319.91
40143 ,0.00 ,-321.13
40165 ,0.00 ,-322.19
40185 ,0.00 ,-335.01
40206 ,0.00 ,-347.37
40227 ,0.00 ,-305.56
40248 ,0.00 ,-288.17
40268 ,0.00 ,-318.53
40289 ,0.00 ,-286.49
40310 ,0.00 ,-283.90
40331 ,0.00 ,-276.57
40351 ,0.00 ,-268.03
40373 ,0.00 ,-272.30
40393 ,0.00 ,-273.67
40414 ,0.00 ,-266.81
40435 ,0.00 ,-264.82
40456 ,0.00 ,-256.59
40476 ,0.00 ,-247.43
40498 ,0.00 ,-247.43
40518 ,0.00 ,-219.20
40539 ,0.00 ,-226.99
40560 ,0.00 ,-214.93
40581 ,0.00 ,-203.64
40601 ,0.00 ,-199.83
40622 ,0.00 ,-198.76
40643 ,0.00 ,-188.54
40664 ,0.00 ,-198.76
40684 ,0.00 ,-199.83
40706 ,0.00 ,-201.66
40726 ,0.00 ,-203.34
40747 ,0.00 ,-208.98
40768 ,0.00 ,-214.17
40788 ,0.00 ,-219.20
40809 ,0.00 ,-233.24
40830 ,0.00 ,-232.94
40851 ,0.00 ,-244.38
40871 ,0.00 ,-250.02
40893 ,0.00 ,-255.21
40913 ,0.00 ,-240.11
40934 ,0.00 ,-230.04
40954 ,0.00 ,-224.39
40976 ,0.00 ,-226.07
40996 ,0.00 ,-222.71
41017 ,0.00 ,-221.19
41038 ,0.00 ,-225.00
41059 ,0.00 ,-222.71
41079 ,0.00 ,-224.39
41101 ,0.00 ,-226.07
41121 ,0.00 ,-233.24
41142 ,0.00 ,-231.56
41163 ,0.00 ,-232.33
41184 ,0.00 ,-241.48
41204 ,0.00 ,-240.56
41226 ,0.00 ,-237.51
41246 ,0.00 ,-237.51
41267 ,0.00 ,-228.97
41287 ,0.00 ,-234.31
41309 ,0.00 ,-242.09
41329 ,0.00 ,-240.11
41350 ,0.00 ,-238.28
41371 ,0.00 ,-243.16
41392 ,0.00 ,-248.04
41412 ,0.00 ,-248.04
41434 ,0.00 ,-238.28
41454 ,0.00 ,-239.50
41475 ,0.00 ,-231.56
41496 ,0.00 ,-228.97
41517 ,0.00 ,-217.22
41537 ,0.00 ,-229.27
41559 ,0.00 ,-223.78
41579 ,0.00 ,-224.09
41600 ,0.00 ,-213.25
41620 ,0.00 ,-195.55
41641 ,0.00 ,-194.49
41662 ,0.00 ,-192.81
41682 ,0.00 ,-192.50
41704 ,0.00 ,-199.83
41724 ,0.00 ,-200.44
41745 ,0.00 ,-199.37
41766 ,0.00 ,-201.05
41787 ,0.00 ,-193.88
41807 ,0.00 ,-187.93
41829 ,0.00 ,-186.55
41849 ,0.00 ,-184.72
41870 ,0.00 ,-173.74
41891 ,0.00 ,-169.16
41912 ,0.00 ,-163.97
41932 ,0.00 ,-163.36
41953 ,0.00 ,-157.41
41974 ,0.00 ,-158.33
41995 ,0.00 ,-158.02
42015 ,0.00 ,-155.43
42037 ,0.00 ,-151.46
42057 ,0.00 ,-140.63
42078 ,0.00 ,-142.30
42099 ,0.00 ,-145.51
42120 ,0.00 ,-153.44
42140 ,0.00 ,-158.33
42162 ,0.00 ,-158.33
42182 ,0.00 ,-159.09
42203 ,0.00 ,-160.31
42224 ,0.00 ,-165.19
42245 ,0.00 ,-158.02
42265 ,0.00 ,-148.10
42286 ,0.00 ,-142.61
42307 ,0.00 ,-144.90
42328 ,0.00 ,-145.20
42348 ,0.00 ,-143.22
42370 ,0.00 ,-142.61
42390 ,0.00 ,-145.20
42411 ,0.00 ,-144.59
42432 ,0.00 ,-146.88
42452 ,0.00 ,-148.56
42473 ,0.00 ,-150.54
42494 ,0.00 ,-146.88
42515 ,0.00 ,-145.51
42535 ,0.00 ,-135.74
42557 ,0.00 ,-126.13
42577 ,0.00 ,-117.59
42598 ,0.00 ,-111.03
42618 ,0.00 ,-107.82
42640 ,0.00 ,-109.81
42660 ,0.00 ,-112.09
42681 ,0.00 ,-114.69
42702 ,0.00 ,-119.26
42723 ,0.00 ,-124.15
42743 ,0.00 ,-131.47
42765 ,0.00 ,-136.66
42785 ,0.00 ,-144.59
42806 ,0.00 ,-149.17
42827 ,0.00 ,-147.19
42848 ,0.00 ,-138.34
42868 ,0.00 ,-126.13
42890 ,0.00 ,-122.62
42910 ,0.00 ,-126.13
42931 ,0.00 ,-118.96
42951 ,0.00 ,-110.11
42973 ,0.00 ,-105.08
42993 ,0.00 ,-102.48
43014 ,0.00 ,-101.26
43035 ,0.00 ,-100.19
43056 ,0.00 ,-98.51
43075 ,0.00 ,-99.28
43096 ,0.00 ,-101.57
43116 ,0.00 ,-107.36
43137 ,0.00 ,-113.62
43158 ,0.00 ,-117.28
43179 ,0.00 ,-112.09
43199 ,0.00 ,-102.79
43220 ,0.00 ,-92.72
43240 ,0.00 ,-87.38
43259 ,0.00 ,-85.70
43279 ,0.00 ,-87.07
43299 ,0.00 ,-87.68
43319 ,0.00 ,-89.36
43338 ,0.00 ,-89.36
43359 ,0.00 ,-91.04
43378 ,0.00 ,-97.90
43398 ,0.00 ,-106.14
43418 ,0.00 ,-114.08
43440 ,0.00 ,-121.86
43460 ,0.00 ,-126.13
43481 ,0.00 ,-126.44
43502 ,0.00 ,-126.44
43523 ,0.00 ,-128.42
43543 ,0.00 ,-101.87
43565 ,0.00 ,-88.75
43584 ,0.00 ,-82.49
43603 ,0.00 ,-79.90
43624 ,0.00 ,-75.63
43643 ,0.00 ,-77.15
43663 ,0.00 ,-83.71
43682 ,0.00 ,-84.78
43703 ,0.00 ,-76.54
43722 ,0.00 ,-69.68
43742 ,0.00 ,-69.68
43762 ,0.00 ,-72.88
43782 ,0.00 ,-83.10
43801 ,0.00 ,-89.66
43822 ,0.00 ,-98.51
43841 ,0.00 ,-106.75
43862 ,0.00 ,-106.45
43882 ,0.00 ,-104.77
43904 ,0.00 ,-96.23
43923 ,0.00 ,-87.38
43942 ,0.00 ,-79.90
43963 ,0.00 ,-77.92
43982 ,0.00 ,-83.10
44002 ,0.00 ,-84.17
44022 ,0.00 ,-86.46
44042 ,0.00 ,-89.97
44061 ,0.00 ,-86.00
44081 ,0.00 ,-85.09
44101 ,0.00 ,-89.05
44121 ,0.00 ,-89.97
44140 ,0.00 ,-88.44
44161 ,0.00 ,-86.00
44180 ,0.00 ,-87.07
44199 ,0.00 ,-87.07
44220 ,0.00 ,-91.34
44239 ,0.00 ,-99.28
44259 ,0.00 ,-108.13
44279 ,0.00 ,-113.62
44301 ,0.00 ,-114.38
44321 ,0.00 ,-113.31
44342 ,0.00 ,-111.64
44363 ,0.00 ,-107.36
44384 ,0.00 ,-110.72
44404 ,0.00 ,-111.03
44426 ,0.00 ,-114.38
44446 ,0.00 ,-109.35
44467 ,0.00 ,-106.45
44488 ,0.00 ,-101.57
44509 ,0.00 ,-95.31
44528 ,0.00 ,-92.26
44548 ,0.00 ,-93.33
44568 ,0.00 ,-92.72
44588 ,0.00 ,-87.68
44607 ,0.00 ,-80.20
44627 ,0.00 ,-72.88
44647 ,0.00 ,-63.73
44666 ,0.00 ,-65.40
44687 ,0.00 ,-64.79
44706 ,0.00 ,-68.91
44726 ,0.00 ,-67.39
44745 ,0.00 ,-66.63
44766 ,0.00 ,-67.39
44785 ,0.00 ,-67.39
44805 ,0.00 ,-64.79
44825 ,0.00 ,-61.74
44845 ,0.00 ,-57.47
44864 ,0.00 ,-54.57
44884 ,0.00 ,-57.17
44904 ,0.00 ,-60.83
44923 ,0.00 ,-56.25
44943 ,0.00 ,-57.78
44963 ,0.00 ,-60.06
44983 ,0.00 ,-61.74
45002 ,0.00 ,-64.03
45023 ,0.00 ,-66.32
45042 ,0.00 ,-67.39
45062 ,0.00 ,-70.59
45081 ,0.00 ,-73.64
45102 ,0.00 ,-75.93
45121 ,0.00 ,-75.93
45140 ,0.00 ,-74.56
45161 ,0.00 ,-75.93
45180 ,0.00 ,-72.27
45200 ,0.00 ,-71.66
45220 ,0.00 ,-71.36
45240 ,0.00 ,-71.97
45259 ,0.00 ,-72.27
45279 ,0.00 ,-74.86
45299 ,0.00 ,-72.88
45319 ,0.00 ,-70.90
45338 ,0.00 ,-67.08
45359 ,0.00 ,-67.39
45378 ,0.00 ,-63.42
45398 ,0.00 ,-62.05
45418 ,0.00 ,-61.13
45437 ,0.00 ,-60.06
45457 ,0.00 ,-59.76
45476 ,0.00 ,-59.15
45497 ,0.00 ,-54.57
45516 ,0.00 ,-54.57
45536 ,0.00 ,-51.98
45556 ,0.00 ,-51.98
45576 ,0.00 ,-54.27
45595 ,0.00 ,-62.81
45615 ,0.00 ,-69.37
45635 ,0.00 ,-76.24
45655 ,0.00 ,-81.73
45674 ,0.00 ,-82.80
45694 ,0.00 ,-81.43
45714 ,0.00 ,-82.49
45733 ,0.00 ,-82.19
45754 ,0.00 ,-72.27
45773 ,0.00 ,-66.63
45793 ,0.00 ,-63.73
45812 ,0.00 ,-64.03
45833 ,0.00 ,-64.03
45852 ,0.00 ,-58.54
45872 ,0.00 ,-55.18
45892 ,0.00 ,-50.60
45912 ,0.00 ,-48.01
45931 ,0.00 ,-46.64
45952 ,0.00 ,-43.74
45971 ,0.00 ,-49.23
45990 ,0.00 ,-59.76
46010 ,0.00 ,-68.61
46030 ,0.00 ,-74.86
46050 ,0.00 ,-77.46
46069 ,0.00 ,-72.58
46090 ,0.00 ,-72.27
46109 ,0.00 ,-64.34
46129 ,0.00 ,-59.15
46149 ,0.00 ,-55.79
46169 ,0.00 ,-51.98
46188 ,0.00 ,-48.62
46208 ,0.00 ,-44.96
46228 ,0.00 ,-44.04
46247 ,0.00 ,-44.04
46267 ,0.00 ,-40.38
46287 ,0.00 ,-37.48
46307 ,0.00 ,-42.67
46326 ,0.00 ,-51.98
46346 ,0.00 ,-58.84
46366 ,0.00 ,-60.52
46386 ,0.00 ,-58.84
46405 ,0.00 ,-56.86
46426 ,0.00 ,-51.98
46445 ,0.00 ,-42.98
46465 ,0.00 ,-37.18
46485 ,0.00 ,-33.82
46504 ,0.00 ,-24.97
46524 ,0.00 ,-20.39
46543 ,0.00 ,-15.05
46564 ,0.00 ,-10.48
46583 ,0.00 ,-7.27
46602 ,0.00 ,-3.92
46621 ,0.00 ,-1.78
46640 ,0.00 ,-0.56
46658 ,9.78 ,0.51
46675 ,6.19 ,0.20
46694 ,0.00 ,-0.56
46712 ,0.00 ,-0.86
46731 ,0.00 ,-3.00
46750 ,0.00 ,-3.92
46769 ,0.00 ,-4.98
46787 ,0.00 ,-3.92
46806 ,0.00 ,-2.08
46825 ,0.00 ,-1.17
46843 ,6.19 ,0.20
46861 ,12.36 ,0.81
46879 ,6.19 ,0.20
46898 ,0.00 ,-2.39
46916 ,0.00 ,-0.56
46935 ,28.99 ,4.48
46954 ,38.72 ,7.99
46972 ,41.91 ,9.36
46991 ,48.86 ,12.72
47010 ,59.44 ,18.82
47031 ,83.31 ,36.98
47050 ,146.60 ,114.49
47072 ,132.00 ,92.82
47093 ,144.23 ,110.82
47115 ,154.77 ,127.61
47136 ,166.11 ,146.98
47159 ,235.01 ,294.22
47180 ,307.78 ,504.63
47202 ,318.21 ,539.42
47224 ,328.22 ,573.90
47246 ,324.01 ,559.25
47267 ,390.47 ,812.23
47290 ,429.89 ,984.49
47311 ,415.01 ,917.51
47333 ,386.97 ,797.73
47355 ,361.33 ,695.50
47377 ,383.37 ,782.93
47398 ,349.44 ,650.49
47421 ,365.07 ,710.00
47442 ,451.34 ,1085.19
47465 ,367.50 ,719.46
47488 ,316.50 ,533.62
47509 ,391.39 ,816.04
47531 ,311.57 ,517.14
47553 ,292.41 ,455.50
47575 ,262.86 ,368.07
47596 ,229.71 ,281.10
47619 ,160.05 ,136.46
47640 ,137.32 ,100.45
47662 ,90.72 ,43.84
47682 ,65.84 ,23.09
47702 ,43.92 ,10.27
47721 ,82.97 ,36.67
47740 ,94.43 ,47.50
47761 ,38.72 ,7.99
47779 ,0.00 ,-14.14
47799 ,0.00 ,-15.05
47819 ,0.00 ,-18.41
47839 ,0.00 ,-33.82
47858 ,0.00 ,-10.48
47878 ,0.00 ,-24.97
47898 ,0.00 ,-69.98
47918 ,0.00 ,-134.37
47938 ,0.00 ,-153.75
47960 ,0.00 ,-131.47
47980 ,0.00 ,-95.62
48000 ,0.00 ,-125.52
48021 ,0.00 ,-120.94
48041 ,0.00 ,-91.34
48061 ,0.00 ,-91.04
48081 ,0.00 ,-114.69
48102 ,0.00 ,-156.34
48122 ,0.00 ,-186.25
48143 ,0.00 ,-242.55
48164 ,0.00 ,-288.47
48185 ,0.00 ,-326.47
48205 ,0.00 ,-346.45
48227 ,0.00 ,-329.67
48247 ,0.00 ,-232.02
48268 ,0.00 ,-181.06
48289 ,0.00 ,-186.25
48310 ,0.00 ,-144.90
48330 ,0.00 ,-93.63
48351 ,0.00 ,-80.51
48370 ,0.00 ,-88.44
48390 ,0.00 ,-108.13
48410 ,0.00 ,-85.09
48431 ,0.00 ,-56.56
48450 ,0.00 ,-44.96
48470 ,0.00 ,-27.26
48490 ,0.00 ,-6.51
48508 ,53.07 ,15.00
48528 ,82.10 ,35.91
48548 ,100.46 ,53.76
48569 ,122.08 ,79.39
48589 ,124.75 ,82.90
48610 ,121.02 ,78.02
48631 ,118.14 ,74.36
48652 ,119.47 ,76.04
48672 ,70.46 ,26.45
48693 ,37.97 ,7.68
48711 ,50.58 ,13.63
48731 ,83.66 ,37.28
48751 ,85.85 ,39.26
48771 ,117.90 ,74.05
48791 ,130.80 ,91.14
48813 ,127.25 ,86.26
48833 ,127.92 ,87.17
48854 ,128.70 ,88.24
48874 ,137.73 ,101.06
48897 ,124.75 ,82.90
48917 ,139.69 ,103.96
48939 ,90.72 ,43.84
48959 ,130.80 ,91.14
48979 ,142.13 ,107.62
49001 ,83.31 ,36.98
49021 ,124.29 ,82.29
49042 ,128.93 ,88.55
49062 ,119.47 ,76.04
49084 ,122.31 ,79.70
49104 ,84.34 ,37.89
49124 ,29.96 ,4.78
49142 ,14.50 ,1.12
49162 ,6.19 ,0.20
49179 ,9.78 ,0.51
49197 ,9.78 ,0.51
49215 ,6.19 ,0.20
49232 ,6.19 ,0.20
49250 ,6.19 ,0.20
49267 ,6.19 ,0.20
49286 ,6.19 ,0.20
49303 ,6.19 ,0.20
49320 ,6.19 ,0.20
49338 ,6.19 ,0.20
49356 ,9.78 ,0.51
49374 ,0.00 ,-0.10
49392 ,6.19 ,0.20
49411 ,6.19 ,0.20
49428 ,6.19 ,0.20
49445 ,0.00 ,-0.10
49464 ,0.00 ,-0.10
49483 ,6.19 ,0.20
49501 ,9.78 ,0.51
49518 ,6.19 ,0.20
49536 ,6.19 ,0.20
49554 ,6.19 ,0.20
49571 ,6.19 ,0.20
49589 ,6.19 ,0.20
49606 ,6.19 ,0.20
49625 ,6.19 ,0.20
49642 ,6.19 ,0.20
49659 ,9.78 ,0.51
49678 ,0.00 ,-0.56
49696 ,0.00 ,-0.10
49715 ,6.19 ,0.20
49732 ,6.19 ,0.20
49751 ,6.19 ,0.20
49768 ,0.00 ,-0.10
49786 ,6.19 ,0.20
49804 ,6.19 ,0.20
49822 ,6.19 ,0.20
49840 ,6.19 ,0.20
49857 ,9.78 ,0.51
49874 ,0.00 ,-0.10
49894 ,6.19 ,0.20
49911 ,6.19 ,0.20
49929 ,0.00 ,-0.10
49948 ,0.00 ,-0.10
49967 ,6.19 ,0.20
49984 ,9.78 ,0.51
50001 ,6.19 ,0.20
50020 ,9.78 ,0.51
50037 ,9.78 ,0.51
50055 ,9.78 ,0.51
50072 ,6.19 ,0.20
50091 ,0.00 ,-0.10
50109 ,6.19 ,0.20
50126 ,9.78 ,0.51
50145 ,0.00 ,-0.10
50163 ,6.19 ,0.20
50181 ,6.19 ,0.20
50198 ,0.00 ,-0.56
50217 ,6.19 ,0.20
50235 ,0.00 ,-0.56
50253 ,0.00 ,-0.56
50272 ,0.00 ,-0.10
50291 ,0.00 ,-0.10
50310 ,6.19 ,0.20
50327 ,6.19 ,0.20
50345 ,6.19 ,0.20
50363 ,9.78 ,0.51
50380 ,0.00 ,-0.10
50399 ,0.00 ,-0.10
50418 ,9.78 ,0.51
50436 ,0.00 ,-0.10
50454 ,0.00 ,-0.10
50472 ,9.78 ,0.51
50491 ,0.00 ,-0.10
50509 ,6.19 ,0.20
50527 ,6.19 ,0.20
50545 ,12.36 ,0.81
50564 ,0.00 ,-0.10
50582 ,6.19 ,0.20
50599 ,0.00 ,-0.10
50619 ,6.19 ,0.20
50636 ,0.00 ,-0.10
50655 ,0.00 ,-0.10
50673 ,6.19 ,0.20
50692 ,0.00 ,-0.10
50710 ,6.19 ,0.20
50727 ,0.00 ,-0.10
50747 ,0.00 ,-0.56
50765 ,6.19 ,0.20
50783 ,0.00 ,-0.56
50801 ,0.00 ,-0.10
50821 ,6.19 ,0.20
50838 ,9.78 ,0.51
50855 ,9.78 ,0.51
50873 ,6.19 ,0.20
50891 ,6.19 ,0.20
50909 ,6.19 ,0.20
50926 ,0.00 ,-0.10
50946 ,6.19 ,0.20
50963 ,0.00 ,-0.10
50981 ,0.00 ,-0.10
51000 ,9.78 ,0.51
51018 ,9.78 ,0.51
51036 ,12.36 ,0.81
51054 ,9.78 ,0.51
51072 ,12.36 ,0.81
51091 ,9.78 ,0.51
51108 ,9.78 ,0.51
51126 ,9.78 ,0.51
51144 ,6.19 ,0.20
51162 ,9.78 ,0.51
51179 ,9.78 ,0.51
51196 ,6.19 ,0.20
51215 ,6.19 ,0.20
51232 ,6.19 ,0.20
51250 ,9.78 ,0.51
51267 ,9.78 ,0.51
51286 ,6.19 ,0.20
51303 ,6.19 ,0.20
51320 ,6.19 ,0.20
51338 ,6.19 ,0.20
51356 ,6.19 ,0.20
51374 ,0.00 ,-0.10
51392 ,0.00 ,-0.10
51411 ,9.78 ,0.51
51429 ,0.00 ,-0.10
51447 ,6.19 ,0.20
51465 ,0.00 ,-0.10
51484 ,6.19 ,0.20
51502 ,0.00 ,-0.10
51520 ,0.00 ,-0.10
51538 ,0.00 ,-0.10
51558 ,0.00 ,-0.10
51576 ,0.00 ,-0.10
51595 ,0.00 ,-0.10
51614 ,0.00 ,-0.56
51633 ,0.00 ,-0.10
51651 ,6.19 ,0.20
51668 ,6.19 ,0.20
51687 ,6.19 ,0.20
51704 ,6.19 ,0.20
51722 ,9.78 ,0.51
51740 ,6.19 ,0.20
51758 ,9.78 ,0.51
51775 ,12.36 ,0.81
51793 ,6.19 ,0.20
51812 ,0.00 ,-0.56
51830 ,0.00 ,-0.10
51849 ,0.00 ,-0.56
51867 ,0.00 ,-0.10
51887 ,6.19 ,0.20
51904 ,0.00 ,-0.86
51922 ,6.19 ,0.20
51941 ,6.19 ,0.20
51958 ,0.00 ,-0.10
51977 ,0.00 ,-0.10
51995 ,6.19 ,0.20
52014 ,6.19 ,0.20
52031 ,6.19 ,0.20
52048 ,0.00 ,-0.56
52067 ,0.00 ,-0.10
52086 ,6.19 ,0.20
52104 ,0.00 ,-0.10
52122 ,9.78 ,0.51
52141 ,6.19 ,0.20
52158 ,6.19 ,0.20
52175 ,9.78 ,0.51
52193 ,12.36 ,0.81
52212 ,9.78 ,0.51
52230 ,0.00 ,-0.10
52248 ,0.00 ,-0.10
52267 ,9.78 ,0.51
52285 ,6.19 ,0.20
52302 ,0.00 ,-0.10
52321 ,9.78 ,0.51
52339 ,6.19 ,0.20
52357 ,12.36 ,0.81
52375 ,12.36 ,0.81
52393 ,9.78 ,0.51
52412 ,12.36 ,0.81
52430 ,9.78 ,0.51
52448 ,6.19 ,0.20
52465 ,6.19 ,0.20
52484 ,12.36 ,0.81
52502 ,21.63 ,2.49
52520 ,0.00 ,-3.00
52540 ,18.02 ,1.73
52558 ,21.63 ,2.49
52577 ,24.14 ,3.10
52595 ,44.88 ,10.73
52616 ,37.21 ,7.38
52634 ,37.97 ,7.68
52653 ,38.72 ,7.99
52672 ,37.97 ,7.68
52690 ,43.26 ,9.97
52709 ,46.76 ,11.65
52728 ,49.44 ,13.02
52749 ,42.59 ,9.66
52767 ,46.14 ,11.34
52787 ,52.26 ,14.55
52807 ,56.98 ,17.29
52827 ,55.19 ,16.22
52846 ,47.37 ,11.95
52866 ,43.26 ,9.97
52885 ,44.88 ,10.73
52904 ,43.26 ,9.97
52923 ,40.52 ,8.75
52942 ,44.88 ,10.73
52962 ,50.58 ,13.63
52981 ,53.61 ,15.31
53001 ,60.15 ,19.28
53021 ,66.49 ,23.55
53041 ,73.45 ,28.74
53060 ,86.18 ,39.57
53081 ,117.17 ,73.14
53101 ,151.21 ,121.81
53123 ,159.51 ,135.54
53145 ,112.30 ,67.19
53166 ,137.94 ,101.36
53187 ,183.63 ,179.64
53210 ,262.64 ,367.46
53231 ,316.00 ,531.94
53253 ,376.39 ,754.71
53275 ,425.40 ,964.04
53297 ,438.63 ,1024.92
53319 ,404.77 ,872.80
53342 ,372.68 ,739.91
53363 ,483.78 ,1246.77
53386 ,421.78 ,947.72
53408 ,445.72 ,1058.34
53431 ,454.25 ,1099.23
53453 ,388.01 ,802.00
53476 ,430.02 ,985.10
53497 ,384.63 ,788.12
53519 ,248.75 ,329.62
53541 ,174.68 ,162.55
53563 ,171.62 ,156.90
53584 ,177.12 ,167.13
53607 ,119.47 ,76.04
53627 ,24.14 ,3.10
53646 ,14.50 ,1.12
53664 ,0.00 ,-229.27
53686 ,0.00 ,-268.49
53706 ,0.00 ,-238.89
53727 ,0.00 ,-179.69
53748 ,0.00 ,-372.39
53769 ,0.00 ,-483.78
53789 ,0.00 ,-301.29
53811 ,0.00 ,-118.96
53831 ,0.00 ,-33.82
53851 ,34.82 ,6.46
53870 ,87.34 ,40.64
53890 ,102.01 ,55.44
53910 ,76.69 ,31.33
53929 ,93.82 ,46.89
53950 ,131.35 ,91.90
53970 ,119.47 ,76.04
53991 ,109.20 ,63.52
54012 ,118.51 ,74.82
54033 ,124.29 ,82.29
54053 ,122.55 ,80.00
54075 ,103.68 ,57.27
54095 ,66.92 ,23.85
54115 ,74.22 ,29.35
54134 ,113.70 ,68.86
54156 ,118.99 ,75.43
54176 ,122.55 ,80.00
54197 ,121.26 ,78.32
54218 ,127.70 ,86.87
54239 ,124.75 ,82.90
54259 ,121.26 ,78.32
54281 ,122.78 ,80.31
54301 ,117.41 ,73.44
54322 ,104.10 ,57.73
54343 ,32.70 ,5.70
54362 ,0.00 ,-51.98
54381 ,0.00 ,-50.91
54401 ,0.00 ,-20.70
54421 ,0.00 ,-45.26
54440 ,0.00 ,-23.29
54460 ,75.18 ,30.11
54480 ,132.97 ,94.19
54501 ,120.78 ,77.71
54521 ,118.51 ,74.82
54543 ,116.07 ,71.76
54563 ,114.20 ,69.47
54584 ,120.31 ,77.10
54605 ,126.46 ,85.19
54626 ,127.92 ,87.17
54646 ,123.01 ,80.61
54667 ,117.41 ,73.44
54688 ,43.26 ,9.97
54707 ,0.00 ,-80.82
54726 ,0.00 ,-112.40
54748 ,0.00 ,-158.02
54768 ,0.00 ,-363.85
54789 ,0.00 ,-327.08
54810 ,0.00 ,-117.28
54831 ,0.00 ,-55.18
54850 ,0.00 ,-50.60
54871 ,0.00 ,-33.82
54890 ,0.00 ,-18.72
54909 ,48.86 ,12.72
54929 ,51.70 ,14.24
54949 ,50.58 ,13.63
54969 ,94.13 ,47.20
54988 ,121.02 ,78.02
55010 ,125.78 ,84.27
55030 ,126.00 ,84.58
55051 ,119.47 ,76.04
55072 ,113.07 ,68.10
55093 ,123.83 ,81.68
55113 ,121.02 ,78.02
55135 ,118.99 ,75.43
55155 ,102.01 ,55.44
55176 ,92.75 ,45.83
55195 ,107.21 ,61.24
55217 ,124.52 ,82.60
55237 ,124.75 ,82.90
55258 ,119.47 ,76.04
55279 ,98.29 ,51.47
55299 ,77.62 ,32.09
55318 ,103.68 ,57.27
55340 ,126.00 ,84.58
55360 ,122.55 ,80.00
55380 ,113.95 ,69.17
55402 ,88.96 ,42.16
55421 ,27.98 ,4.17
55440 ,0.00 ,-42.06
55459 ,0.00 ,-91.65
55480 ,0.00 ,-422.74
55500 ,0.00 ,-501.93
55521 ,0.00 ,-492.62
55542 ,0.00 ,-489.73
55563 ,0.00 ,-474.62
55583 ,0.00 ,-453.56
55605 ,0.00 ,-413.13
55625 ,0.00 ,-385.21
55646 ,0.00 ,-389.79
55667 ,0.00 ,-374.99
55688 ,0.00 ,-351.03
55708 ,0.00 ,-331.96
55729 ,0.00 ,-313.50
55750 ,0.00 ,-295.34
55771 ,0.00 ,-276.57
55791 ,0.00 ,-267.11
55813 ,0.00 ,-265.74
55833 ,0.00 ,-262.23
55854 ,0.00 ,-262.23
55875 ,0.00 ,-264.52
55896 ,0.00 ,-268.03
55916 ,0.00 ,-269.40
55938 ,0.00 ,-276.57
55958 ,0.00 ,-278.25
55979 ,0.00 ,-275.66
56000 ,0.00 ,-270.01
56020 ,0.00 ,-273.67
56041 ,0.00 ,-278.56
56061 ,0.00 ,-277.64
56083 ,0.00 ,-268.49
56103 ,0.00 ,-258.57
56124 ,0.00 ,-255.67
56145 ,0.00 ,-252.31
56166 ,0.00 ,-252.01
56186 ,0.00 ,-250.64
56208 ,0.00 ,-247.74
56228 ,0.00 ,-250.64
56249 ,0.00 ,-250.33
56270 ,0.00 ,-248.35
56291 ,0.00 ,-246.82
56311 ,0.00 ,-243.16
56333 ,0.00 ,-238.89
56353 ,0.00 ,-228.36
56374 ,0.00 ,-226.07
56394 ,0.00 ,-225.46
56416 ,0.00 ,-228.97
56436 ,0.00 ,-229.73
56457 ,0.00 ,-232.33
56478 ,0.00 ,-231.56
56499 ,0.00 ,-230.65
56519 ,0.00 ,-229.73
56541 ,0.00 ,-219.20
56561 ,0.00 ,-210.96
56582 ,0.00 ,-206.39
56603 ,0.00 ,-209.90
56624 ,0.00 ,-219.81
56644 ,0.00 ,-232.94
56666 ,0.00 ,-234.00
56686 ,0.00 ,-229.73
56707 ,0.00 ,-235.83
56727 ,0.00 ,-230.95
56749 ,0.00 ,-245.14
56769 ,0.00 ,-251.40
56790 ,0.00 ,-264.52
56811 ,0.00 ,-268.79
56832 ,0.00 ,-269.10
56852 ,0.00 ,-265.74
56873 ,0.00 ,-256.28
56894 ,0.00 ,-252.92
56914 ,0.00 ,-250.64
56936 ,0.00 ,-241.79
56956 ,0.00 ,-242.55
56977 ,0.00 ,-228.36
56998 ,0.00 ,-226.68
57019 ,0.00 ,-220.73
57039 ,0.00 ,-224.09
57060 ,0.00 ,-224.70
57081 ,0.00 ,-221.49
57102 ,0.00 ,-220.73
57122 ,0.00 ,-232.94
57144 ,0.00 ,-234.92
57164 ,0.00 ,-238.28
57185 ,0.00 ,-241.18
57206 ,0.00 ,-232.33
57227 ,0.00 ,-226.99
57247 ,0.00 ,-229.27
57269 ,0.00 ,-234.00
57289 ,0.00 ,-234.00
57310 ,0.00 ,-228.36
57331 ,0.00 ,-225.00
57352 ,0.00 ,-223.02
57372 ,0.00 ,-219.20
57393 ,0.00 ,-216.46
57414 ,0.00 ,-215.54
57435 ,0.00 ,-210.66
57455 ,0.00 ,-211.27
57477 ,0.00 ,-209.90
57497 ,0.00 ,-205.01
57518 ,0.00 ,-199.83
57539 ,0.00 ,-196.77
57560 ,0.00 ,-191.89
57580 ,0.00 ,-188.23
57602 ,0.00 ,-180.75
57622 ,0.00 ,-172.51
57643 ,0.00 ,-169.46
57664 ,0.00 ,-167.17
57684 ,0.00 ,-166.26
57705 ,0.00 ,-167.94
57725 ,0.00 ,-168.85
57747 ,0.00 ,-167.63
57767 ,0.00 ,-169.16
57788 ,0.00 ,-173.74
57809 ,0.00 ,-179.08
57830 ,0.00 ,-178.01
57850 ,0.00 ,-178.47
57872 ,0.00 ,-186.25
57892 ,0.00 ,-195.55
57913 ,0.00 ,-199.83
57934 ,0.00 ,-192.81
57955 ,0.00 ,-186.25
57975 ,0.00 ,-179.99
57997 ,0.00 ,-175.11
58017 ,0.00 ,-176.79
58038 ,0.00 ,-182.28
58058 ,0.00 ,-190.52
58080 ,0.00 ,-166.56
58100 ,0.00 ,-143.22
58121 ,0.00 ,-155.43
58142 ,0.00 ,-188.54
58163 ,0.00 ,-226.99
58183 ,0.00 ,-241.79
58205 ,0.00 ,-225.46
58225 ,0.00 ,-212.19
58246 ,0.00 ,-192.50
58267 ,0.00 ,-156.34
58288 ,0.00 ,-122.62
58308 ,0.00 ,-99.58
58328 ,0.00 ,-92.72
58348 ,0.00 ,-95.92
58368 ,0.00 ,-102.79
58388 ,0.00 ,-114.38
58409 ,0.00 ,-116.37
58430 ,0.00 ,-114.99
58450 ,0.00 ,-116.37
58472 ,0.00 ,-115.60
58492 ,0.00 ,-113.31
58513 ,0.00 ,-102.18
58534 ,0.00 ,-95.92
58554 ,0.00 ,-85.70
58573 ,0.00 ,-84.78
58593 ,0.00 ,-87.99
58613 ,0.00 ,-88.75
58633 ,0.00 ,-78.53
58652 ,0.00 ,-52.28
58673 ,0.00 ,-33.52
58692 ,0.00 ,-32.14
58712 ,0.00 ,-33.21
58732 ,0.00 ,-37.48
58752 ,0.00 ,-40.69
58771 ,0.00 ,-31.23
58790 ,0.00 ,-31.84
58811 ,0.00 ,-33.82
58830 ,0.00 ,-42.67
58850 ,0.00 ,-55.49
58870 ,0.00 ,-58.54
58890 ,0.00 ,-52.28
58909 ,0.00 ,-55.79
58930 ,0.00 ,-50.60
58949 ,0.00 ,-50.91
58969 ,0.00 ,-47.71
58988 ,0.00 ,-47.25
59009 ,0.00 ,-48.01
59028 ,0.00 ,-48.01
59047 ,0.00 ,-40.69
59068 ,0.00 ,-32.91
59087 ,0.00 ,-30.62
59107 ,0.00 ,-25.28
59126 ,0.00 ,-9.56
59146 ,0.00 ,-4.98
59164 ,0.00 ,-2.39
59183 ,33.57 ,6.00
59202 ,35.64 ,6.77
59220 ,14.50 ,1.12
59239 ,0.00 ,-0.86
59257 ,0.00 ,-8.49
59277 ,0.00 ,-24.97
59296 ,0.00 ,-36.11
59316 ,0.00 ,-44.96
59336 ,0.00 ,-50.91
59356 ,0.00 ,-57.47
59375 ,0.00 ,-58.08
59396 ,0.00 ,-49.54
59415 ,0.00 ,-24.97
59435 ,29.96 ,4.78
59453 ,73.05 ,28.43
59473 ,94.13 ,47.20
59493 ,95.04 ,48.11
59512 ,95.04 ,48.11
59533 ,95.64 ,48.72
59552 ,108.67 ,62.91
59573 ,125.78 ,84.27
59594 ,128.70 ,88.24
59615 ,118.75 ,75.12
59635 ,125.78 ,84.27
59656 ,133.40 ,94.80
59677 ,132.97 ,94.19
59698 ,132.65 ,93.73
59718 ,133.19 ,94.50
59740 ,132.97 ,94.19
59760 ,133.62 ,95.11
59781 ,79.98 ,34.08
59801 ,51.70 ,14.24
59821 ,31.81 ,5.39
59839 ,20.26 ,2.19
59857 ,18.02 ,1.73
59877 ,9.78 ,0.51
59894 ,20.26 ,2.19
59913 ,30.90 ,5.09
59932 ,32.70 ,5.70
59951 ,35.64 ,6.77
59969 ,52.26 ,14.55
59988 ,56.98 ,17.29
60009 ,55.19 ,16.22
60028 ,66.92 ,23.85
60048 ,81.75 ,35.60
60068 ,93.06 ,46.13
60088 ,105.19 ,58.95
60108 ,119.71 ,76.34
60130 ,130.36 ,90.53
60150 ,136.79 ,99.69
60171 ,143.64 ,109.91
60193 ,151.59 ,122.42
60215 ,149.12 ,118.45
60236 ,155.79 ,129.29
60258 ,152.35 ,123.64
60280 ,156.15 ,129.90
60302 ,154.03 ,126.39
60323 ,145.81 ,113.26
60346 ,129.15 ,88.85
60366 ,200.77 ,214.73
60388 ,279.59 ,416.44
60410 ,324.10 ,559.56
60432 ,364.48 ,707.71
60453 ,405.76 ,877.07
60476 ,411.92 ,903.93
60497 ,407.13 ,883.02
60519 ,449.40 ,1075.88
60542 ,393.98 ,826.87
60564 ,419.06 ,935.51
60585 ,398.39 ,845.49
60608 ,322.28 ,553.30
60630 ,316.68 ,534.23
60651 ,236.05 ,296.82
60674 ,162.00 ,139.81
60695 ,119.95 ,76.65
60716 ,72.66 ,28.13
60736 ,28.99 ,4.48
60754 ,92.13 ,45.21
60774 ,61.10 ,19.89
60794 ,50.58 ,13.63
60814 ,50.58 ,13.63
60833 ,48.86 ,12.72
60853 ,0.00 ,-9.26
60872 ,0.00 ,-54.88
60892 ,0.00 ,-85.09
60911 ,0.00 ,-95.92
60932 ,0.00 ,-81.43
60951 ,0.00 ,-49.99
60971 ,0.00 ,-35.50
60990 ,0.00 ,-55.79
61010 ,0.00 ,-74.56
61030 ,0.00 ,-51.21
61049 ,0.00 ,-23.29
61070 ,40.52 ,8.75
61088 ,56.47 ,16.99
61108 ,60.15 ,19.28
61128 ,43.92 ,10.27
61148 ,0.00 ,-4.53
61166 ,0.00 ,-1.17
61185 ,47.37 ,11.95
61205 ,58.46 ,18.21
61224 ,73.83 ,29.04
61244 ,90.08 ,43.23
61264 ,98.29 ,51.47
61284 ,101.59 ,54.98
61304 ,107.88 ,62.00
61326 ,112.30 ,67.19
61346 ,111.15 ,65.81
61367 ,108.15 ,62.30
61387 ,121.49 ,78.63
61409 ,119.95 ,76.65
61429 ,113.07 ,68.10
61450 ,88.64 ,41.86
61470 ,65.40 ,22.79
61490 ,84.85 ,38.35
61509 ,88.32 ,41.55
61530 ,73.83 ,29.04
61549 ,64.07 ,21.87
61569 ,50.01 ,13.33
61588 ,54.67 ,15.92
61608 ,56.98 ,17.29
61628 ,58.95 ,18.51
61647 ,60.15 ,19.28
61668 ,24.14 ,3.10
61686 ,0.00 ,-7.88
61705 ,0.00 ,-4.22
61724 ,20.26 ,2.19
61743 ,0.00 ,-4.53
61761 ,0.00 ,-17.34
61780 ,0.00 ,-32.91
61801 ,0.00 ,-38.09
61820 ,0.00 ,-17.80
61840 ,60.63 ,19.58
61860 ,120.54 ,77.41
61881 ,121.26 ,78.32
61901 ,123.25 ,80.92
61922 ,128.70 ,88.24
61943 ,129.15 ,88.85
61964 ,129.15 ,88.85
61984 ,126.23 ,84.89
62006 ,0.00 ,-0.10
62024 ,6.19 ,0.20
62042 ,12.36 ,0.81
62061 ,6.19 ,0.20
62078 ,6.19 ,0.20
62096 ,6.19 ,0.20
62113 ,6.19 ,0.20
62132 ,0.00 ,-0.10
62150 ,0.00 ,-0.10
62169 ,0.00 ,-0.10
62187 ,0.00 ,-0.10
62206 ,6.19 ,0.20
62224 ,0.00 ,-0.10
62242 ,6.19 ,0.20
62261 ,6.19 ,0.20
62278 ,0.00 ,-0.10
62297 ,0.00 ,-0.10
62315 ,0.00 ,-0.10
62334 ,6.19 ,0.20
62352 ,6.19 ,0.20
62369 ,6.19 ,0.20
62387 ,6.19 ,0.20
62405 ,9.78 ,0.51
62423 ,0.00 ,-0.10
62441 ,0.00 ,-0.10
62460 ,6.19 ,0.20
62478 ,6.19 ,0.20
62495 ,9.78 ,0.51
62513 ,6.19 ,0.20
62531 ,9.78 ,0.51
62548 ,6.19 ,0.20
62566 ,9.78 ,0.51
62583 ,6.19 ,0.20
62602 ,9.78 ,0.51
62619 ,9.78 ,0.51
62637 ,0.00 ,-0.10
62656 ,6.19 ,0.20
62673 ,6.19 ,0.20
62691 ,6.19 ,0.20
62708 ,6.19 ,0.20
62727 ,6.19 ,0.20
62744 ,6.19 ,0.20
62761 ,9.78 ,0.51
62779 ,0.00 ,-0.56
62798 ,0.00 ,-0.10
62817 ,0.00 ,-0.10
62835 ,6.19 ,0.20
62853 ,0.00 ,-0.10
62872 ,0.00 ,-0.10
62891 ,6.19 ,0.20
62908 ,6.19 ,0.20
62926 ,12.36 ,0.81
62945 ,6.19 ,0.20
62962 ,9.78 ,0.51
62980 ,6.19 ,0.20
62998 ,6.19 ,0.20
63015 ,6.19 ,0.20
63033 ,0.00 ,-0.10
63051 ,9.78 ,0.51
63070 ,9.78 ,0.51
63087 ,6.19 ,0.20
63105 ,6.19 ,0.20
63123 ,6.19 ,0.20
63140 ,9.78 ,0.51
63158 ,9.78 ,0.51
63175 ,6.19 ,0.20
63194 ,0.00 ,-0.10
63212 ,0.00 ,-0.56
63230 ,6.19 ,0.20
63248 ,0.00 ,-0.10
63267 ,6.19 ,0.20
63285 ,6.19 ,0.20
63302 ,6.19 ,0.20
63320 ,6.19 ,0.20
63338 ,6.19 ,0.20
63355 ,6.19 ,0.20
63373 ,6.19 ,0.20
63391 ,6.19 ,0.20
63409 ,0.00 ,-0.10
63427 ,9.78 ,0.51
63444 ,6.19 ,0.20
63463 ,9.78 ,0.51
63480 ,6.19 ,0.20
63498 ,9.78 ,0.51
63515 ,6.19 ,0.20
63534 ,12.36 ,0.81
63552 ,9.78 ,0.51
63569 ,12.36 ,0.81
63589 ,6.19 ,0.20
63606 ,6.19 ,0.20
63624 ,6.19 ,0.20
63641 ,9.78 ,0.51
63660 ,6.19 ,0.20
63677 ,0.00 ,-0.10
63695 ,0.00 ,-0.10
63714 ,0.00 ,-0.10
63733 ,0.00 ,-0.10
63752 ,6.19 ,0.20
63769 ,0.00 ,-0.10
63789 ,0.00 ,-0.10
63807 ,6.19 ,0.20
63824 ,6.19 ,0.20
63842 ,6.19 ,0.20
63860 ,0.00 ,-0.10
63879 ,0.00 ,-0.10
63897 ,0.00 ,-0.10
63916 ,6.19 ,0.20
63934 ,9.78 ,0.51
63951 ,6.19 ,0.20
63969 ,6.19 ,0.20
63987 ,6.19 ,0.20
64005 ,0.00 ,-0.10
64023 ,0.00 ,-0.10
64041 ,9.78 ,0.51
64060 ,9.78 ,0.51
64077 ,0.00 ,-0.10
64096 ,6.19 ,0.20
64113 ,6.19 ,0.20
64132 ,0.00 ,-0.10
64150 ,6.19 ,0.20
64167 ,0.00 ,-0.10
64187 ,0.00 ,-0.10
64205 ,6.19 ,0.20
64223 ,6.19 ,0.20
64240 ,6.19 ,0.20
64259 ,9.78 ,0.51
64276 ,6.19 ,0.20
64293 ,6.19 ,0.20
64311 ,0.00 ,-0.10
64330 ,6.19 ,0.20
64348 ,6.19 ,0.20
64365 ,9.78 ,0.51
64382 ,6.19 ,0.20
64401 ,6.19 ,0.20
64418 ,0.00 ,-0.10
64437 ,9.78 ,0.51
64455 ,6.19 ,0.20
64473 ,6.19 ,0.20
64490 ,0.00 ,-0.10
64508 ,6.19 ,0.20
64527 ,9.78 ,0.51
64544 ,9.78 ,0.51
64562 ,0.00 ,-0.10
64580 ,6.19 ,0.20
64599 ,6.19 ,0.20
64616 ,6.19 ,0.20
64633 ,6.19 ,0.20
64651 ,6.19 ,0.20
64669 ,6.19 ,0.20
64687 ,6.19 ,0.20
64704 ,6.19 ,0.20
64722 ,9.78 ,0.51
64740 ,6.19 ,0.20
64757 ,0.00 ,-0.10
64776 ,0.00 ,-0.10
64795 ,6.19 ,0.20
64813 ,0.00 ,-0.10
64831 ,0.00 ,-0.10
64849 ,6.19 ,0.20
64868 ,0.00 ,-0.10
64886 ,0.00 ,-0.10
64905 ,0.00 ,-0.10
64924 ,9.78 ,0.51
64942 ,9.78 ,0.51
64959 ,9.78 ,0.51
64976 ,6.19 ,0.20
64995 ,0.00 ,-0.10
65013 ,0.00 ,-0.10
65032 ,0.00 ,-0.10
65050 ,6.19 ,0.20
65069 ,6.19 ,0.20
65086 ,6.19 ,0.20
65103 ,9.78 ,0.51
65122 ,12.36 ,0.81
65140 ,9.78 ,0.51
65158 ,6.19 ,0.20
65175 ,12.36 ,0.81
65195 ,9.78 ,0.51
65212 ,12.36 ,0.81
65230 ,6.19 ,0.20
65248 ,6.19 ,0.20
65266 ,6.19 ,0.20
65284 ,6.19 ,0.20
65301 ,6.19 ,0.20
65319 ,9.78 ,0.51
65337 ,9.78 ,0.51
65354 ,9.78 ,0.51
65372 ,9.78 ,0.51
65390 ,9.78 ,0.51
65408 ,6.19 ,0.20
65425 ,6.19 ,0.20
65442 ,0.00 ,-0.10
65462 ,6.19 ,0.20
65479 ,0.00 ,-0.10
65498 ,0.00 ,-0.10
65516 ,6.19 ,0.20
65534 ,6.19 ,0.20
65552 ,6.19 ,0.20
65569 ,6.19 ,0.20
65588 ,6.19 ,0.20
65605 ,0.00 ,-0.10
65624 ,0.00 ,-0.10
65642 ,6.19 ,0.20
65660 ,0.00 ,-0.10
65679 ,0.00 ,-0.56
65697 ,6.19 ,0.20
65715 ,0.00 ,-0.10
65734 ,6.19 ,0.20
65752 ,9.78 ,0.51
65769 ,6.19 ,0.20
65787 ,6.19 ,0.20
65805 ,6.19 ,0.20
65822 ,6.19 ,0.20
65840 ,6.19 ,0.20
65858 ,0.00 ,-0.10
65876 ,0.00 ,-0.56
65895 ,0.00 ,-0.56
65913 ,0.00 ,-0.10
65933 ,9.78 ,0.51
65950 ,6.19 ,0.20
65968 ,0.00 ,-0.10
65987 ,9.78 ,0.51
66004 ,6.19 ,0.20
66022 ,6.19 ,0.20
66039 ,6.19 ,0.20
66058 ,0.00 ,-0.10
