499 ,0.00 ,-0.10
504 ,9.78 ,0.51
509 ,6.19 ,0.20
514 ,0.00 ,-0.10
519 ,0.00 ,-0.56
524 ,0.00 ,-0.56
530 ,0.00 ,-0.56
546 ,6.19 ,0.20
563 ,0.00 ,-0.10
579 ,0.00 ,-0.56
595 ,0.00 ,-0.56
612 ,0.00 ,-0.10
629 ,0.00 ,-0.10
646 ,0.00 ,-0.10
662 ,0.00 ,-0.10
678 ,0.00 ,-0.10
696 ,6.19 ,0.20
711 ,6.19 ,0.20
727 ,6.19 ,0.20
742 ,0.00 ,-0.10
759 ,0.00 ,-0.10
776 ,0.00 ,-0.56
792 ,0.00 ,-0.10
808 ,0.00 ,-0.56
826 ,0.00 ,-0.10
842 ,0.00 ,-0.10
859 ,0.00 ,-0.10
875 ,0.00 ,-0.56
892 ,0.00 ,-0.10
909 ,0.00 ,-0.56
925 ,6.19 ,0.20
941 ,0.00 ,-0.10
957 ,0.00 ,-0.10
974 ,0.00 ,-0.10
991 ,0.00 ,-0.10
1007 ,6.19 ,0.20
1024 ,0.00 ,-0.10
1042 ,6.19 ,0.20
1058 ,6.19 ,0.20
1075 ,0.00 ,-0.10
1093 ,6.19 ,0.20
1110 ,0.00 ,-0.10
1127 ,0.00 ,-0.56
1144 ,0.00 ,-0.10
1163 ,0.00 ,-0.10
1180 ,0.00 ,-0.10
1198 ,0.00 ,-0.10
1215 ,0.00 ,-0.56
1233 ,0.00 ,-0.56
1251 ,0.00 ,-0.10
1268 ,6.19 ,0.20
1285 ,0.00 ,-0.10
1303 ,0.00 ,-0.10
1320 ,0.00 ,-0.10
1338 ,0.00 ,-0.10
1355 ,0.00 ,-0.56
1374 ,0.00 ,-0.10
1391 ,0.00 ,-0.56
1409 ,0.00 ,-0.56
1427 ,0.00 ,-0.10
1444 ,0.00 ,-0.10
1462 ,0.00 ,-0.10
1479 ,6.19 ,0.20
1497 ,0.00 ,-0.10
1514 ,6.19 ,0.20
1530 ,0.00 ,-0.56
1548 ,0.00 ,-0.56
1566 ,0.00 ,-0.56
1584 ,0.00 ,-0.10
1601 ,0.00 ,-0.10
1618 ,0.00 ,-0.56
1637 ,0.00 ,-0.56
1654 ,0.00 ,-0.56
1672 ,0.00 ,-0.56
1689 ,0.00 ,-0.56
1708 ,0.00 ,-0.56
1725 ,0.00 ,-0.10
1742 ,0.00 ,-0.10
1761 ,0.00 ,-0.10
1778 ,0.00 ,-0.56
1796 ,0.00 ,-0.56
1813 ,0.00 ,-0.10
1831 ,0.00 ,-0.56
1849 ,6.19 ,0.20
1865 ,6.19 ,0.20
1882 ,0.00 ,-0.10
1900 ,6.19 ,0.20
1916 ,6.19 ,0.20
1933 ,0.00 ,-0.10
1950 ,0.00 ,-0.10
1969 ,9.78 ,0.51
1985 ,0.00 ,-0.10
2002 ,9.78 ,0.51
2019 ,6.19 ,0.20
2036 ,0.00 ,-0.10
2054 ,0.00 ,-0.56
2071 ,0.00 ,-0.10
2088 ,0.00 ,-0.56
2107 ,0.00 ,-0.56
2124 ,0.00 ,-0.10
2142 ,0.00 ,-0.56
2160 ,6.19 ,0.20
2177 ,0.00 ,-0.10
2194 ,0.00 ,-0.10
2211 ,0.00 ,-0.56
2230 ,0.00 ,-0.10
2247 ,0.00 ,-0.56
2265 ,0.00 ,-0.56
2282 ,0.00 ,-0.56
2300 ,0.00 ,-0.56
2318 ,0.00 ,-0.56
2335 ,0.00 ,-0.10
2353 ,0.00 ,-0.56
2371 ,0.00 ,-0.10
2388 ,0.00 ,-0.10
2406 ,0.00 ,-0.10
2424 ,0.00 ,-0.10
2442 ,6.19 ,0.20
2458 ,0.00 ,-0.10
2476 ,6.19 ,0.20
2493 ,6.19 ,0.20
2509 ,6.19 ,0.20
2526 ,0.00 ,-0.10
2543 ,0.00 ,-0.10
2562 ,0.00 ,-0.10
2579 ,0.00 ,-0.10
2596 ,0.00 ,-0.56
2614 ,0.00 ,-0.10
2632 ,0.00 ,-0.10
2650 ,0.00 ,-0.10
2667 ,0.00 ,-0.56
2684 ,0.00 ,-0.56
2703 ,0.00 ,-0.56
2720 ,0.00 ,-0.56
2738 ,0.00 ,-0.10
2756 ,0.00 ,-0.56
2774 ,0.00 ,-0.10
2791 ,0.00 ,-0.56
2808 ,0.00 ,-0.56
2827 ,6.19 ,0.20
2843 ,0.00 ,-0.56
2861 ,0.00 ,-0.10
2878 ,9.78 ,0.51
2895 ,0.00 ,-0.10
2913 ,6.19 ,0.20
2929 ,6.19 ,0.20
2946 ,6.19 ,0.20
2963 ,0.00 ,-0.56
2980 ,0.00 ,-0.56
2998 ,0.00 ,-0.56
3015 ,0.00 ,-0.10
3034 ,0.00 ,-0.10
3051 ,0.00 ,-0.56
3068 ,0.00 ,-0.10
3086 ,0.00 ,-0.10
3104 ,0.00 ,-0.86
3122 ,0.00 ,-0.10
3139 ,0.00 ,-0.56
3158 ,0.00 ,-0.56
3175 ,0.00 ,-0.10
3192 ,0.00 ,-0.10
3210 ,9.78 ,0.51
3227 ,0.00 ,-0.10
3245 ,6.19 ,0.20
3261 ,6.19 ,0.20
3277 ,9.78 ,0.51
3295 ,6.19 ,0.20
3311 ,9.78 ,0.51
3328 ,0.00 ,-0.10
3345 ,6.19 ,0.20
3362 ,0.00 ,-0.10
3380 ,0.00 ,-0.10
3397 ,0.00 ,-0.10
3415 ,0.00 ,-0.10
3433 ,0.00 ,-0.10
3450 ,0.00 ,-0.10
3468 ,0.00 ,-0.10
3485 ,0.00 ,-0.10
3504 ,0.00 ,-0.86
3521 ,0.00 ,-0.56
3538 ,0.00 ,-0.10
3557 ,0.00 ,-0.56
3574 ,6.19 ,0.20
3591 ,9.78 ,0.51
3607 ,0.00 ,-0.10
3625 ,6.19 ,0.20
3642 ,0.00 ,-0.10
3659 ,0.00 ,-0.86
3677 ,6.19 ,0.20
3694 ,0.00 ,-0.10
3712 ,0.00 ,-0.10
3729 ,0.00 ,-0.10
3746 ,0.00 ,-0.10
3765 ,0.00 ,-0.10
3782 ,0.00 ,-0.10
3800 ,0.00 ,-0.10
3817 ,0.00 ,-0.56
3835 ,0.00 ,-0.10
3853 ,0.00 ,-0.10
3870 ,0.00 ,-0.10
3889 ,0.00 ,-0.56
3906 ,0.00 ,-0.56
3923 ,0.00 ,-0.56
3941 ,0.00 ,-0.56
3959 ,0.00 ,-0.56
3977 ,0.00 ,-0.56
3994 ,6.19 ,0.20
4011 ,0.00 ,-0.10
4029 ,0.00 ,-0.56
4046 ,0.00 ,-0.10
4064 ,0.00 ,-0.56
4081 ,6.19 ,0.20
4099 ,0.00 ,-0.10
4116 ,0.00 ,-0.10
4133 ,0.00 ,-0.10
4151 ,0.00 ,-0.10
4169 ,0.00 ,-0.10
4187 ,6.19 ,0.20
4203 ,0.00 ,-0.10
4221 ,0.00 ,-0.10
4239 ,0.00 ,-0.10
4256 ,0.00 ,-0.10
4274 ,0.00 ,-0.10
4292 ,0.00 ,-0.10
4310 ,0.00 ,-0.10
4327 ,0.00 ,-0.10
4344 ,0.00 ,-0.10
4363 ,0.00 ,-0.56
4380 ,0.00 ,-0.56
4398 ,0.00 ,-0.10
4415 ,0.00 ,-0.56
4433 ,0.00 ,-0.10
4451 ,0.00 ,-0.56
4468 ,0.00 ,-0.10
4487 ,0.00 ,-0.86
4504 ,0.00 ,-0.10
4521 ,0.00 ,-0.10
4539 ,0.00 ,-0.56
4557 ,0.00 ,-0.56
4575 ,0.00 ,-0.56
4592 ,0.00 ,-0.56
4610 ,6.19 ,0.20
4627 ,6.19 ,0.20
4643 ,6.19 ,0.20
4660 ,0.00 ,-0.10
4677 ,0.00 ,-0.10
4696 ,0.00 ,-0.10
4713 ,9.78 ,0.51
4729 ,0.00 ,-0.10
4747 ,0.00 ,-0.10
4765 ,0.00 ,-0.56
4783 ,0.00 ,-0.10
4800 ,0.00 ,-0.56
4817 ,0.00 ,-0.86
4836 ,0.00 ,-0.56
4853 ,0.00 ,-0.10
4871 ,0.00 ,-0.56
4889 ,0.00 ,-0.10
4907 ,6.19 ,0.20
4923 ,0.00 ,-0.10
4940 ,0.00 ,-0.10
4959 ,6.19 ,0.20
4975 ,0.00 ,-0.10
4993 ,6.19 ,0.20
5009 ,0.00 ,-0.10
5027 ,0.00 ,-0.56
5045 ,0.00 ,-0.10
5062 ,0.00 ,-0.10
5080 ,0.00 ,-0.56
5098 ,0.00 ,-0.56
5115 ,0.00 ,-0.56
5133 ,0.00 ,-0.10
5150 ,0.00 ,-0.56
5169 ,0.00 ,-0.56
5186 ,0.00 ,-0.56
5203 ,0.00 ,-0.10
5222 ,0.00 ,-0.10
5239 ,0.00 ,-0.56
5257 ,0.00 ,-0.56
5274 ,0.00 ,-0.10
5293 ,0.00 ,-0.56
5310 ,6.19 ,0.20
5326 ,0.00 ,-0.56
5344 ,0.00 ,-0.10
5362 ,0.00 ,-0.56
5380 ,0.00 ,-0.10
5397 ,6.19 ,0.20
5413 ,6.19 ,0.20
5431 ,6.19 ,0.20
5447 ,0.00 ,-0.10
5465 ,0.00 ,-0.10
5482 ,6.19 ,0.20
5499 ,0.00 ,-0.10
5517 ,6.19 ,0.20
5533 ,6.19 ,0.20
5550 ,6.19 ,0.20
5567 ,6.19 ,0.20
5583 ,6.19 ,0.20
5600 ,0.00 ,-0.10
5618 ,6.19 ,0.20
5635 ,0.00 ,-0.56
5652 ,6.19 ,0.20
5668 ,6.19 ,0.20
5686 ,6.19 ,0.20
5702 ,6.19 ,0.20
5719 ,6.19 ,0.20
5735 ,6.19 ,0.20
5752 ,9.78 ,0.51
5769 ,6.19 ,0.20
5785 ,6.19 ,0.20
5801 ,9.78 ,0.51
5819 ,6.19 ,0.20
5835 ,6.19 ,0.20
5852 ,6.19 ,0.20
5868 ,6.19 ,0.20
5885 ,6.19 ,0.20
5902 ,6.19 ,0.20
5918 ,6.19 ,0.20
5935 ,0.00 ,-0.10
5953 ,0.00 ,-0.10
5970 ,0.00 ,-0.10
5988 ,6.19 ,0.20
6004 ,6.19 ,0.20
6022 ,0.00 ,-0.10
6039 ,0.00 ,-0.10
6056 ,0.00 ,-0.10
6074 ,0.00 ,-0.56
6092 ,6.19 ,0.20
6109 ,0.00 ,-0.10
6126 ,6.19 ,0.20
6142 ,0.00 ,-0.10
6161 ,0.00 ,-0.10
6178 ,0.00 ,-0.10
6196 ,0.00 ,-0.10
6213 ,9.78 ,0.51
6231 ,6.19 ,0.20
6247 ,0.00 ,-0.10
6264 ,0.00 ,-0.10
6282 ,0.00 ,-0.10
6300 ,0.00 ,-0.10
6318 ,6.19 ,0.20
6334 ,6.19 ,0.20
6351 ,6.19 ,0.20
6368 ,6.19 ,0.20
6384 ,6.19 ,0.20
6401 ,9.78 ,0.51
6418 ,6.19 ,0.20
6434 ,0.00 ,-0.10
6452 ,6.19 ,0.20
6468 ,0.00 ,-0.10
6487 ,0.00 ,-0.10
6504 ,0.00 ,-0.10
6521 ,0.00 ,-0.10
6539 ,0.00 ,-0.10
6557 ,0.00 ,-0.10
6575 ,0.00 ,-0.10
6592 ,0.00 ,-0.10
6609 ,0.00 ,-0.10
6628 ,0.00 ,-0.10
6645 ,0.00 ,-0.10
6663 ,0.00 ,-0.10
6680 ,0.00 ,-0.10
6699 ,9.78 ,0.51
6715 ,6.19 ,0.20
6731 ,6.19 ,0.20
6748 ,0.00 ,-0.10
6766 ,6.19 ,0.20
6782 ,0.00 ,-0.56
6800 ,0.00 ,-0.10
6818 ,0.00 ,-0.10
6836 ,9.78 ,0.51
6852 ,6.19 ,0.20
6868 ,6.19 ,0.20
6886 ,0.00 ,-0.10
6903 ,6.19 ,0.20
6920 ,0.00 ,-0.56
6937 ,6.19 ,0.20
6955 ,0.00 ,-0.56
6972 ,6.19 ,0.20
6988 ,6.19 ,0.20
7005 ,0.00 ,-0.86
7023 ,6.19 ,0.20
7040 ,0.00 ,-0.10
7057 ,0.00 ,-0.56
7074 ,0.00 ,-0.56
7093 ,9.78 ,0.51
7109 ,0.00 ,-1252.92
7130 ,0.00 ,-3.31
7147 ,0.00 ,-0.56
7165 ,0.00 ,-0.56
7183 ,0.00 ,-0.10
7200 ,20.26 ,2.19
7219 ,0.00 ,-2.39
7236 ,6.19 ,0.20
7252 ,0.00 ,-0.10
7270 ,0.00 ,-0.56
7288 ,9.78 ,0.51
7305 ,6.19 ,0.20
7321 ,0.00 ,-0.10
7339 ,0.00 ,-0.56
7357 ,0.00 ,-0.56
7374 ,0.00 ,-0.10
7392 ,0.00 ,-0.56
7409 ,0.00 ,-0.56
7428 ,0.00 ,-0.10
7445 ,6.19 ,0.20
7461 ,0.00 ,-0.10
7479 ,0.00 ,-0.10
7497 ,0.00 ,-0.10
7515 ,0.00 ,-0.10
7532 ,0.00 ,-0.56
7550 ,0.00 ,-0.56
7568 ,0.00 ,-0.56
7585 ,0.00 ,-0.86
7603 ,0.00 ,-0.56
7621 ,0.00 ,-0.56
7639 ,0.00 ,-0.56
7656 ,0.00 ,-0.10
7673 ,0.00 ,-0.10
7692 ,6.19 ,0.20
7708 ,6.19 ,0.20
7725 ,9.78 ,0.51
7741 ,0.00 ,-0.10
7759 ,0.00 ,-0.86
7777 ,6.19 ,0.20
7793 ,6.19 ,0.20
7810 ,0.00 ,-0.10
7828 ,0.00 ,-0.10
7845 ,0.00 ,-0.86
7863 ,0.00 ,-0.56
7881 ,0.00 ,-0.56
7899 ,0.00 ,-1.17
7916 ,0.00 ,-0.86
7933 ,0.00 ,-0.10
7952 ,6.19 ,0.20
7968 ,0.00 ,-0.56
7986 ,0.00 ,-0.10
8003 ,6.19 ,0.20
8020 ,6.19 ,0.20
8037 ,0.00 ,-0.56
8054 ,0.00 ,-0.10
8072 ,0.00 ,-0.56
8090 ,6.19 ,0.20
8107 ,0.00 ,-0.10
8124 ,0.00 ,-0.10
8141 ,0.00 ,-0.10
8160 ,0.00 ,-0.10
8177 ,0.00 ,-0.10
8195 ,0.00 ,-0.10
8212 ,6.19 ,0.20
8229 ,0.00 ,-0.10
8247 ,0.00 ,-0.86
8264 ,0.00 ,-0.56
8283 ,0.00 ,-0.56
8300 ,0.00 ,-0.86
8317 ,0.00 ,-0.86
8335 ,0.00 ,-0.86
8353 ,0.00 ,-0.86
8371 ,0.00 ,-0.86
8388 ,0.00 ,-0.56
8406 ,0.00 ,-0.86
8424 ,0.00 ,-0.86
8441 ,0.00 ,-0.56
8459 ,0.00 ,-0.56
8476 ,0.00 ,-0.56
8495 ,0.00 ,-0.10
8512 ,0.00 ,-0.56
8529 ,0.00 ,-0.10
8548 ,0.00 ,-0.10
8565 ,0.00 ,-0.56
8583 ,0.00 ,-0.56
8600 ,0.00 ,-0.86
8619 ,0.00 ,-0.86
8636 ,0.00 ,-0.56
8653 ,0.00 ,-0.56
8671 ,0.00 ,-0.56
8689 ,0.00 ,-0.86
8707 ,0.00 ,-0.10
8724 ,0.00 ,-0.56
8741 ,0.00 ,-0.10
8760 ,0.00 ,-0.10
8777 ,6.19 ,0.20
8794 ,0.00 ,-0.10
8811 ,6.19 ,0.20
8828 ,0.00 ,-0.10
8846 ,0.00 ,-0.86
8863 ,0.00 ,-0.86
8882 ,0.00 ,-0.56
8899 ,0.00 ,-0.56
8916 ,0.00 ,-0.86
8934 ,0.00 ,-1.47
8952 ,0.00 ,-0.56
8970 ,6.19 ,0.20
8986 ,6.19 ,0.20
9003 ,6.19 ,0.20
9020 ,0.00 ,-0.10
9037 ,6.19 ,0.20
9054 ,0.00 ,-0.56
9071 ,0.00 ,-0.10
9090 ,6.19 ,0.20
9106 ,6.19 ,0.20
9122 ,0.00 ,-0.10
9140 ,9.78 ,0.51
9157 ,6.19 ,0.20
9174 ,0.00 ,-0.10
9191 ,6.19 ,0.20
9207 ,6.19 ,0.20
9225 ,0.00 ,-0.10
9242 ,0.00 ,-0.10
9260 ,0.00 ,-0.10
9277 ,0.00 ,-0.56
9295 ,0.00 ,-0.10
9313 ,0.00 ,-0.10
9330 ,0.00 ,-0.10
9349 ,0.00 ,-0.56
9366 ,0.00 ,-0.10
9383 ,0.00 ,-0.56
9401 ,0.00 ,-0.10
9419 ,0.00 ,-0.56
9437 ,0.00 ,-0.56
9454 ,0.00 ,-0.56
9472 ,0.00 ,-0.10
9490 ,0.00 ,-0.86
9507 ,0.00 ,-0.56
9525 ,0.00 ,-0.56
9542 ,0.00 ,-0.86
9561 ,0.00 ,-0.56
9578 ,6.19 ,0.20
9594 ,0.00 ,-0.56
9613 ,0.00 ,-0.10
9630 ,0.00 ,-0.10
9648 ,0.00 ,-0.10
9665 ,6.19 ,0.20
9682 ,0.00 ,-0.56
9700 ,0.00 ,-0.56
9717 ,0.00 ,-0.10
9735 ,0.00 ,-0.10
9753 ,6.19 ,0.20
9769 ,0.00 ,-0.10
9787 ,0.00 ,-0.10
9804 ,0.00 ,-0.56
9823 ,6.19 ,0.20
9839 ,0.00 ,-0.10
9857 ,0.00 ,-0.10
9874 ,6.19 ,0.20
9891 ,6.19 ,0.20
9908 ,0.00 ,-0.10
9925 ,0.00 ,-0.56
9943 ,0.00 ,-0.56
9961 ,0.00 ,-0.56
9978 ,0.00 ,-0.86
9996 ,0.00 ,-0.56
10014 ,0.00 ,-0.56
10033 ,0.00 ,-0.56
10051 ,6.19 ,0.20
10068 ,0.00 ,-0.10
10088 ,0.00 ,-0.86
10106 ,0.00 ,-0.10
10125 ,0.00 ,-0.10
10144 ,0.00 ,-0.10
10163 ,0.00 ,-0.10
10181 ,0.00 ,-0.10
10200 ,9.78 ,0.51
10218 ,0.00 ,-0.10
10236 ,0.00 ,-0.86
10255 ,0.00 ,-0.56
10273 ,0.00 ,-1.78
10293 ,0.00 ,-7.27
10311 ,0.00 ,-12.46
10331 ,0.00 ,-20.70
10351 ,0.00 ,-29.85
10371 ,0.00 ,-35.80
10390 ,0.00 ,-38.40
10411 ,0.00 ,-33.82
10430 ,0.00 ,-22.68
10449 ,0.00 ,-18.41
10469 ,0.00 ,-14.75
10489 ,0.00 ,-11.09
10509 ,0.00 ,-7.58
10527 ,0.00 ,-4.98
10547 ,0.00 ,-3.92
10565 ,0.00 ,-3.92
10584 ,0.00 ,-5.29
10602 ,0.00 ,-7.58
10621 ,0.00 ,-8.49
10640 ,0.00 ,-9.87
10658 ,0.00 ,-13.07
10679 ,0.00 ,-24.97
10698 ,0.00 ,-36.72
10718 ,0.00 ,-46.33
10737 ,0.00 ,-50.30
10758 ,0.00 ,-50.91
10777 ,0.00 ,-50.91
10797 ,0.00 ,-46.64
10817 ,0.00 ,-40.69
10836 ,0.00 ,-40.08
10856 ,0.00 ,-42.06
10876 ,0.00 ,-43.74
10896 ,0.00 ,-47.71
10915 ,0.00 ,-53.20
10935 ,0.00 ,-54.57
10955 ,0.00 ,-53.50
10975 ,0.00 ,-51.98
10994 ,0.00 ,-55.49
11015 ,0.00 ,-57.78
11034 ,0.00 ,-61.74
11054 ,0.00 ,-63.12
11073 ,0.00 ,-62.81
11094 ,0.00 ,-63.12
11113 ,0.00 ,-65.10
11132 ,0.00 ,-69.37
11153 ,0.00 ,-68.61
11172 ,0.00 ,-63.12
11192 ,0.00 ,-56.25
11212 ,0.00 ,-53.20
11232 ,0.00 ,-53.20
11251 ,0.00 ,-56.25
11271 ,0.00 ,-57.47
11291 ,0.00 ,-56.25
11311 ,0.00 ,-53.81
11330 ,0.00 ,-49.23
11351 ,0.00 ,-44.65
11370 ,0.00 ,-42.06
11389 ,0.00 ,-42.37
11410 ,0.00 ,-40.99
11429 ,0.00 ,-34.43
11449 ,0.00 ,-28.18
11468 ,0.00 ,-23.29
11489 ,0.00 ,-19.33
11508 ,0.00 ,-22.07
11528 ,0.00 ,-28.18
11548 ,0.00 ,-44.35
11568 ,0.00 ,-55.79
11587 ,0.00 ,-63.12
11607 ,0.00 ,-61.13
11627 ,0.00 ,-54.57
11646 ,0.00 ,-43.74
11666 ,0.00 ,-26.34
11686 ,0.00 ,-8.49
11705 ,0.00 ,-0.56
11723 ,0.00 ,-1.78
11743 ,0.00 ,-9.26
11761 ,0.00 ,-14.14
11781 ,0.00 ,-10.48
11800 ,0.00 ,-4.98
11820 ,0.00 ,-3.31
11838 ,0.00 ,-2.08
11856 ,0.00 ,-1.17
11876 ,0.00 ,-0.10
11894 ,14.50 ,1.12
11913 ,0.00 ,-3.00
11931 ,0.00 ,-10.17
11952 ,0.00 ,-12.46
11971 ,0.00 ,-11.85
11991 ,0.00 ,-17.04
12011 ,0.00 ,-19.33
12030 ,0.00 ,-12.15
12050 ,0.00 ,-0.10
12068 ,41.23 ,9.05
12088 ,56.47 ,16.99
12107 ,72.27 ,27.82
12127 ,83.66 ,37.28
12147 ,93.06 ,46.13
12167 ,109.46 ,63.83
12187 ,126.00 ,84.58
12209 ,142.33 ,107.92
12230 ,161.38 ,138.75
12252 ,178.65 ,170.02
12274 ,188.86 ,190.01
12296 ,140.61 ,105.33
12317 ,140.61 ,105.33
12339 ,139.49 ,103.65
12361 ,132.43 ,93.43
12382 ,136.37 ,99.08
12402 ,128.48 ,87.94
12424 ,132.97 ,94.19
12444 ,133.62 ,95.11
12465 ,136.58 ,99.38
12486 ,132.65 ,93.73
12507 ,113.70 ,68.86
12527 ,137.94 ,101.36
12550 ,132.22 ,93.12
12570 ,141.22 ,106.25
12592 ,128.70 ,88.24
12613 ,130.80 ,91.14
12634 ,119.47 ,76.04
12654 ,111.54 ,66.27
12676 ,121.84 ,79.09
12696 ,112.56 ,67.49
12717 ,136.58 ,99.38
12737 ,112.30 ,67.19
12759 ,124.75 ,82.90
12779 ,82.10 ,35.91
12798 ,117.90 ,74.05
12820 ,130.36 ,90.53
12840 ,125.78 ,84.27
12861 ,132.97 ,94.19
12882 ,133.83 ,95.41
12903 ,127.25 ,86.26
12923 ,113.70 ,68.86
12945 ,133.40 ,94.80
12965 ,114.20 ,69.47
12986 ,111.79 ,66.58
13007 ,112.05 ,66.88
13028 ,124.52 ,82.60
13048 ,93.36 ,46.44
13068 ,118.14 ,74.36
13089 ,101.31 ,54.67
13110 ,99.45 ,52.69
13129 ,99.17 ,52.39
13150 ,85.85 ,39.26
13169 ,119.47 ,76.04
13190 ,107.88 ,62.00
13211 ,125.09 ,83.36
13232 ,104.10 ,57.73
13252 ,108.67 ,62.91
13274 ,116.31 ,72.07
13294 ,103.41 ,56.96
13315 ,112.56 ,67.49
13335 ,88.64 ,41.86
13356 ,100.17 ,53.45
13376 ,124.75 ,82.90
13396 ,115.07 ,70.54
13418 ,91.35 ,44.45
13437 ,121.26 ,78.32
13458 ,112.56 ,67.49
13479 ,113.95 ,69.17
13500 ,107.88 ,62.00
13520 ,112.81 ,67.80
13542 ,117.17 ,73.14
13562 ,92.44 ,45.52
13582 ,115.82 ,71.46
13602 ,106.41 ,60.32
13624 ,109.46 ,63.83
13644 ,101.59 ,54.98
13665 ,104.37 ,58.03
13686 ,90.72 ,43.84
13706 ,112.05 ,66.88
13726 ,117.66 ,73.75
13748 ,112.81 ,67.80
13768 ,112.30 ,67.19
13789 ,103.41 ,56.96
13810 ,108.94 ,63.22
13831 ,100.17 ,53.45
13851 ,117.17 ,73.14
13873 ,110.37 ,64.90
13893 ,113.44 ,68.56
13914 ,104.10 ,57.73
13934 ,110.37 ,64.90
13956 ,112.56 ,67.49
13976 ,106.68 ,60.63
13997 ,107.88 ,62.00
14018 ,103.68 ,57.27
14039 ,101.31 ,54.67
14059 ,106.14 ,60.01
14081 ,99.17 ,52.39
14100 ,95.64 ,48.72
14119 ,96.08 ,49.18
14140 ,102.57 ,56.05
14160 ,108.67 ,62.91
14181 ,109.85 ,64.29
14201 ,108.41 ,62.61
14223 ,112.30 ,67.19
14243 ,109.85 ,64.29
14264 ,111.54 ,66.27
14285 ,110.37 ,64.90
14306 ,109.20 ,63.52
14326 ,107.21 ,61.24
14348 ,110.63 ,65.20
14368 ,106.95 ,60.93
14389 ,109.20 ,63.52
14410 ,106.41 ,60.32
14431 ,108.41 ,62.61
14451 ,106.14 ,60.01
14473 ,108.15 ,62.30
14493 ,106.68 ,60.63
14514 ,108.15 ,62.30
14534 ,103.41 ,56.96
14556 ,105.46 ,59.25
14576 ,102.01 ,55.44
14597 ,102.57 ,56.05
14618 ,102.57 ,56.05
14639 ,101.31 ,54.67
14659 ,101.59 ,54.98
14681 ,102.01 ,55.44
14701 ,98.29 ,51.47
14721 ,89.45 ,42.62
14741 ,82.97 ,36.67
14760 ,93.82 ,46.89
14780 ,89.77 ,42.93
14799 ,75.94 ,30.72
14820 ,60.63 ,19.58
14839 ,57.48 ,17.60
14859 ,65.84 ,23.09
14879 ,66.49 ,23.55
14899 ,47.97 ,12.26
14918 ,35.64 ,6.77
14938 ,20.26 ,2.19
14956 ,18.02 ,1.73
14974 ,14.50 ,1.12
14993 ,18.02 ,1.73
15012 ,16.35 ,1.42
15031 ,14.50 ,1.12
15049 ,9.78 ,0.51
15067 ,0.00 ,-0.56
15086 ,0.00 ,-4.22
15105 ,0.00 ,-8.19
15123 ,0.00 ,-13.83
15143 ,0.00 ,-20.39
15163 ,0.00 ,-22.99
15182 ,0.00 ,-21.31
15203 ,0.00 ,-18.41
15222 ,0.00 ,-15.36
15242 ,0.00 ,-12.77
15261 ,0.00 ,-10.17
15282 ,0.00 ,-6.81
15300 ,0.00 ,-5.29
15319 ,0.00 ,-3.61
15338 ,0.00 ,-3.00
15356 ,0.00 ,-2.08
15375 ,0.00 ,-2.08
15393 ,0.00 ,-1.17
15413 ,0.00 ,-1.47
15431 ,0.00 ,-3.00
15450 ,0.00 ,-1.17
15469 ,0.00 ,-1.78
15488 ,0.00 ,-1.78
15506 ,0.00 ,-2.08
15524 ,0.00 ,-1.17
15544 ,0.00 ,-1.17
15562 ,0.00 ,-1.17
15581 ,0.00 ,-1.17
15599 ,0.00 ,-0.10
15619 ,6.19 ,0.20
15636 ,0.00 ,-0.56
15654 ,0.00 ,-0.56
15674 ,0.00 ,-0.10
15692 ,0.00 ,-0.56
15711 ,0.00 ,-1.78
15729 ,0.00 ,-2.39
15749 ,0.00 ,-3.31
15767 ,0.00 ,-1.17
15785 ,0.00 ,-1.17
15805 ,0.00 ,-1.78
15823 ,0.00 ,-3.31
15842 ,0.00 ,-3.31
15860 ,0.00 ,-2.08
15880 ,0.00 ,-2.39
15898 ,0.00 ,-2.39
15917 ,0.00 ,-1.78
15936 ,0.00 ,-1.17
15954 ,0.00 ,-0.86
15973 ,0.00 ,-1.17
15991 ,0.00 ,-1.78
16011 ,0.00 ,-1.47
16029 ,0.00 ,-1.17
16048 ,0.00 ,-0.56
16066 ,0.00 ,-0.86
16086 ,0.00 ,-0.86
16104 ,6.19 ,0.20
16121 ,12.36 ,0.81
16141 ,12.36 ,0.81
16159 ,12.36 ,0.81
16178 ,0.00 ,-0.56
16196 ,0.00 ,-0.56
16216 ,9.78 ,0.51
16233 ,6.19 ,0.20
16250 ,0.00 ,-0.56
16270 ,0.00 ,-1.17
16288 ,0.00 ,-1.17
16307 ,0.00 ,-2.08
16325 ,0.00 ,-1.78
16345 ,0.00 ,-1.17
16363 ,0.00 ,-1.17
16381 ,0.00 ,-1.78
16401 ,6.19 ,0.20
16418 ,0.00 ,-1.17
16437 ,0.00 ,-1.78
16455 ,0.00 ,-1.78
16475 ,0.00 ,-2.08
16493 ,0.00 ,-1.17
16512 ,0.00 ,-1.47
16530 ,0.00 ,-1.17
16549 ,0.00 ,-1.47
16568 ,0.00 ,-2.08
16586 ,0.00 ,-1.78
16606 ,0.00 ,-1.17
16624 ,0.00 ,-0.86
16643 ,0.00 ,-0.56
16661 ,0.00 ,-0.56
16680 ,0.00 ,-0.56
16699 ,0.00 ,-0.86
16717 ,0.00 ,-1.47
16737 ,0.00 ,-1.47
16755 ,0.00 ,-1.17
16774 ,0.00 ,-1.47
16792 ,0.00 ,-1.78
16812 ,0.00 ,-1.47
16830 ,0.00 ,-1.17
16848 ,0.00 ,-0.86
16868 ,0.00 ,-0.86
16886 ,0.00 ,-1.47
16905 ,0.00 ,-1.17
16923 ,0.00 ,-1.17
16943 ,0.00 ,-1.78
16961 ,0.00 ,-1.47
16979 ,0.00 ,-0.86
16998 ,0.00 ,-1.47
17017 ,0.00 ,-2.08
17036 ,0.00 ,-1.78
17054 ,0.00 ,-0.86
17074 ,0.00 ,-0.10
17092 ,0.00 ,-0.86
17111 ,0.00 ,-1.78
17129 ,0.00 ,-1.17
17148 ,0.00 ,-0.10
17167 ,0.00 ,-0.10
17185 ,0.00 ,-1.17
17205 ,0.00 ,-1.47
17223 ,0.00 ,-1.17
17242 ,0.00 ,-0.10
17260 ,0.00 ,-0.10
17280 ,0.00 ,-1.17
17298 ,0.00 ,-1.17
17316 ,0.00 ,-1.78
17336 ,0.00 ,-0.86
17354 ,0.00 ,-1.47
17373 ,0.00 ,-1.47
17391 ,0.00 ,-1.78
17411 ,0.00 ,-2.08
17429 ,0.00 ,-1.78
17447 ,0.00 ,-1.78
17467 ,0.00 ,-1.17
17485 ,0.00 ,-0.10
17504 ,0.00 ,-1.17
17522 ,0.00 ,-1.78
17542 ,0.00 ,-3.00
17560 ,0.00 ,-2.08
17579 ,0.00 ,-3.00
17597 ,0.00 ,-3.31
17616 ,0.00 ,-3.92
17635 ,0.00 ,-5.29
17653 ,0.00 ,-5.59
17673 ,0.00 ,-6.20
17691 ,0.00 ,-8.19
17710 ,0.00 ,-12.15
17729 ,0.00 ,-13.53
17750 ,0.00 ,-25.58
17769 ,0.00 ,-112.40
17789 ,0.00 ,-146.58
17811 ,0.00 ,-149.48
17831 ,0.00 ,-155.12
17852 ,0.00 ,-164.28
17873 ,0.00 ,-187.01
17894 ,0.00 ,-205.62
17914 ,0.00 ,-209.59
17936 ,0.00 ,-201.66
17956 ,0.00 ,-194.79
17977 ,0.00 ,-199.83
17998 ,0.00 ,-195.10
18019 ,0.00 ,-202.12
18039 ,0.00 ,-194.79
18060 ,0.00 ,-185.64
18081 ,0.00 ,-178.01
18102 ,0.00 ,-169.46
18122 ,0.00 ,-168.85
18144 ,0.00 ,-168.85
18164 ,0.00 ,-160.31
18185 ,0.00 ,-151.46
18206 ,0.00 ,-141.24
18227 ,0.00 ,-138.64
18247 ,0.00 ,-137.73
18269 ,0.00 ,-125.52
18289 ,0.00 ,-108.13
18310 ,0.00 ,-101.26
18331 ,0.00 ,-99.58
18351 ,0.00 ,-95.62
18370 ,0.00 ,-87.07
18390 ,0.00 ,-84.17
18410 ,0.00 ,-83.71
18429 ,0.00 ,-81.73
18449 ,0.00 ,-76.24
18469 ,0.00 ,-68.91
18489 ,0.00 ,-67.08
18508 ,0.00 ,-74.56
18528 ,0.00 ,-77.46
18548 ,0.00 ,-74.56
18568 ,0.00 ,-80.20
18587 ,0.00 ,-80.51
18608 ,0.00 ,-80.20
18627 ,0.00 ,-87.07
18647 ,0.00 ,-87.68
18667 ,0.00 ,-83.71
18686 ,0.00 ,-83.10
18706 ,0.00 ,-88.44
18725 ,0.00 ,-99.28
18746 ,0.00 ,-131.47
18766 ,0.00 ,-153.75
18787 ,0.00 ,-148.56
18808 ,0.00 ,-130.71
18829 ,0.00 ,-117.59
18849 ,0.00 ,-116.37
18871 ,0.00 ,-111.64
18891 ,0.00 ,-104.46
18912 ,0.00 ,-89.66
18932 ,0.00 ,-79.90
18952 ,0.00 ,-72.88
18971 ,0.00 ,-65.10
18991 ,0.00 ,-57.78
19011 ,0.00 ,-53.81
19031 ,0.00 ,-53.81
19050 ,0.00 ,-55.18
19070 ,0.00 ,-57.47
19090 ,0.00 ,-58.08
19109 ,0.00 ,-53.81
19130 ,0.00 ,-46.33
19149 ,0.00 ,-40.69
19169 ,0.00 ,-33.21
19188 ,0.00 ,-25.58
19209 ,0.00 ,-26.34
19228 ,0.00 ,-0.86
19247 ,47.37 ,11.95
19267 ,68.19 ,24.77
19287 ,88.32 ,41.55
19306 ,102.57 ,56.05
19326 ,106.95 ,60.93
19348 ,103.13 ,56.66
19368 ,96.97 ,50.10
19388 ,97.56 ,50.71
19408 ,102.57 ,56.05
19429 ,115.82 ,71.46
19449 ,136.37 ,99.08
19471 ,163.85 ,143.02
19492 ,194.02 ,200.54
19514 ,137.94 ,101.36
19536 ,128.93 ,88.55
19557 ,126.23 ,84.89
19577 ,131.78 ,92.51
19599 ,110.63 ,65.20
19619 ,131.02 ,91.45
19640 ,122.08 ,79.39
19660 ,127.70 ,86.87
19682 ,115.82 ,71.46
19702 ,123.01 ,80.61
19723 ,127.02 ,85.95
19744 ,127.02 ,85.95
19765 ,126.00 ,84.58
19785 ,123.01 ,80.61
19807 ,101.59 ,54.98
19827 ,127.25 ,86.26
19848 ,115.07 ,70.54
19869 ,114.20 ,69.47
19890 ,107.21 ,61.24
19910 ,121.26 ,78.32
19932 ,115.32 ,70.85
19952 ,104.10 ,57.73
19973 ,98.88 ,52.08
19992 ,110.11 ,64.59
20014 ,107.21 ,61.24
20034 ,117.66 ,73.75
20055 ,105.19 ,58.95
20076 ,119.95 ,76.65
20097 ,114.20 ,69.47
20117 ,104.37 ,58.03
20139 ,116.31 ,72.07
20159 ,115.07 ,70.54
20179 ,93.06 ,46.13
20200 ,131.56 ,92.21
20220 ,118.99 ,75.43
20241 ,108.67 ,62.91
20262 ,93.36 ,46.44
20282 ,106.95 ,60.93
20302 ,114.70 ,70.09
20323 ,116.07 ,71.76
20344 ,98.59 ,51.78
20364 ,114.20 ,69.47
20384 ,110.37 ,64.90
20406 ,115.32 ,70.85
20426 ,115.82 ,71.46
20447 ,110.89 ,65.51
20468 ,113.44 ,68.56
20489 ,110.37 ,64.90
20509 ,110.11 ,64.59
20531 ,107.21 ,61.24
20551 ,112.30 ,67.19
20572 ,111.54 ,66.27
20592 ,106.68 ,60.63
20614 ,109.20 ,63.52
20634 ,111.15 ,65.81
20655 ,114.45 ,69.78
20676 ,108.15 ,62.30
20697 ,107.88 ,62.00
20717 ,110.89 ,65.51
20739 ,109.85 ,64.29
20759 ,107.21 ,61.24
20780 ,107.48 ,61.54
20801 ,110.11 ,64.59
20822 ,112.81 ,67.80
20842 ,110.11 ,64.59
20864 ,110.37 ,64.90
20884 ,109.20 ,63.52
20904 ,109.46 ,63.83
20925 ,110.11 ,64.59
20946 ,110.37 ,64.90
20967 ,107.21 ,61.24
20987 ,104.65 ,58.34
21009 ,103.68 ,57.27
21029 ,102.01 ,55.44
21050 ,102.01 ,55.44
21071 ,106.41 ,60.32
21092 ,105.46 ,59.25
21112 ,103.41 ,56.96
21134 ,100.46 ,53.76
21154 ,103.41 ,56.96
21175 ,108.15 ,62.30
21196 ,112.05 ,66.88
21217 ,111.54 ,66.27
21237 ,109.46 ,63.83
21258 ,108.67 ,62.91
21279 ,110.11 ,64.59
21300 ,109.20 ,63.52
21320 ,106.14 ,60.01
21342 ,106.95 ,60.93
21362 ,106.41 ,60.32
21383 ,110.37 ,64.90
21404 ,108.41 ,62.61
21425 ,108.41 ,62.61
21445 ,107.88 ,62.00
21467 ,108.41 ,62.61
21487 ,111.54 ,66.27
21508 ,111.15 ,65.81
21529 ,112.05 ,66.88
21550 ,114.70 ,70.09
21570 ,114.20 ,69.47
21591 ,112.81 ,67.80
21612 ,112.56 ,67.49
21633 ,112.30 ,67.19
21653 ,112.30 ,67.19
21675 ,112.05 ,66.88
21695 ,109.85 ,64.29
21715 ,110.11 ,64.59
21737 ,112.81 ,67.80
21757 ,113.70 ,68.86
21778 ,111.54 ,66.27
21799 ,108.67 ,62.91
21820 ,109.46 ,63.83
21840 ,107.88 ,62.00
21862 ,108.15 ,62.30
21882 ,108.15 ,62.30
21903 ,107.88 ,62.00
21923 ,108.15 ,62.30
21945 ,110.11 ,64.59
21965 ,110.37 ,64.90
21986 ,107.48 ,61.54
22007 ,108.67 ,62.91
22028 ,107.48 ,61.54
22048 ,107.88 ,62.00
22070 ,110.11 ,64.59
22090 ,110.11 ,64.59
22111 ,111.54 ,66.27
22132 ,111.54 ,66.27
22153 ,110.37 ,64.90
22173 ,112.05 ,66.88
22195 ,110.11 ,64.59
22215 ,112.81 ,67.80
22236 ,113.07 ,68.10
22256 ,113.70 ,68.86
22278 ,113.44 ,68.56
22298 ,114.20 ,69.47
22319 ,113.07 ,68.10
22340 ,116.56 ,72.37
22361 ,117.66 ,73.75
22381 ,116.56 ,72.37
22403 ,117.66 ,73.75
22423 ,113.44 ,68.56
22444 ,114.70 ,70.09
22465 ,117.66 ,73.75
22486 ,116.93 ,72.83
22506 ,112.05 ,66.88
22528 ,113.07 ,68.10
22548 ,110.11 ,64.59
22568 ,112.56 ,67.49
22589 ,114.20 ,69.47
22610 ,113.07 ,68.10
22631 ,112.81 ,67.80
22651 ,113.07 ,68.10
22673 ,111.15 ,65.81
22693 ,111.79 ,66.58
22714 ,112.56 ,67.49
22735 ,109.46 ,63.83
22756 ,109.85 ,64.29
22776 ,109.46 ,63.83
22798 ,109.20 ,63.52
22818 ,107.21 ,61.24
22839 ,107.88 ,62.00
22860 ,108.67 ,62.91
22881 ,106.41 ,60.32
22901 ,104.92 ,58.64
22922 ,102.57 ,56.05
22943 ,104.65 ,58.34
22964 ,104.65 ,58.34
22984 ,104.92 ,58.64
23006 ,105.19 ,58.95
23026 ,103.13 ,56.66
23047 ,102.29 ,55.74
23068 ,101.59 ,54.98
23089 ,102.01 ,55.44
23109 ,99.74 ,53.00
23130 ,97.56 ,50.71
23149 ,96.97 ,50.10
23169 ,96.38 ,49.49
23188 ,95.34 ,48.42
23208 ,95.64 ,48.72
23228 ,96.38 ,49.49
23247 ,97.56 ,50.71
23268 ,95.04 ,48.11
23287 ,91.82 ,44.91
23307 ,89.77 ,42.93
23327 ,91.03 ,44.15
23347 ,93.36 ,46.44
23366 ,99.17 ,52.39
23386 ,105.19 ,58.95
23407 ,109.20 ,63.52
23428 ,112.05 ,66.88
23448 ,113.44 ,68.56
23470 ,113.07 ,68.10
23490 ,112.56 ,67.49
23511 ,112.05 ,66.88
23532 ,112.81 ,67.80
23553 ,113.44 ,68.56
23573 ,111.54 ,66.27
23595 ,95.34 ,48.42
23614 ,73.83 ,29.04
23633 ,48.86 ,12.72
23653 ,32.70 ,5.70
23672 ,21.63 ,2.49
23691 ,6.19 ,0.20
23708 ,0.00 ,-1.17
23728 ,0.00 ,-2.08
23746 ,0.00 ,-3.92
23764 ,0.00 ,-4.98
23783 ,0.00 ,-4.22
23802 ,0.00 ,-2.39
23821 ,0.00 ,-2.08
23839 ,0.00 ,-1.78
23859 ,0.00 ,-3.00
23877 ,0.00 ,-2.39
23896 ,0.00 ,-1.17
23914 ,0.00 ,-0.56
23933 ,0.00 ,-0.56
23952 ,0.00 ,-0.86
23970 ,0.00 ,-0.56
23990 ,0.00 ,-0.86
24008 ,0.00 ,-0.56
24027 ,0.00 ,-0.86
24045 ,0.00 ,-1.47
24065 ,0.00 ,-1.78
24083 ,0.00 ,-1.47
24101 ,0.00 ,-1.78
24120 ,0.00 ,-2.08
24139 ,0.00 ,-2.08
24158 ,0.00 ,-1.17
24176 ,0.00 ,-0.56
24196 ,6.19 ,0.20
24213 ,0.00 ,-0.10
24231 ,0.00 ,-0.10
24250 ,0.00 ,-0.10
24269 ,6.19 ,0.20
24287 ,0.00 ,-0.10
24305 ,0.00 ,-1.17
24325 ,0.00 ,-1.78
24343 ,0.00 ,-1.78
24361 ,0.00 ,-1.47
24380 ,0.00 ,-1.17
24399 ,0.00 ,-1.78
24418 ,0.00 ,-1.17
24436 ,0.00 ,-0.86
24456 ,0.00 ,-0.10
24474 ,0.00 ,-0.10
24493 ,0.00 ,-0.56
24511 ,6.19 ,0.20
24529 ,12.36 ,0.81
24548 ,6.19 ,0.20
24565 ,6.19 ,0.20
24583 ,0.00 ,-0.56
24602 ,0.00 ,-0.56
24621 ,6.19 ,0.20
24638 ,12.36 ,0.81
24657 ,12.36 ,0.81
24676 ,9.78 ,0.51
24693 ,0.00 ,-0.10
24712 ,0.00 ,-0.56
24731 ,0.00 ,-0.56
24750 ,0.00 ,-0.56
24768 ,0.00 ,-0.56
24787 ,0.00 ,-1.17
24806 ,0.00 ,-1.47
24824 ,0.00 ,-1.47
24843 ,0.00 ,-1.17
24862 ,0.00 ,-1.78
24881 ,0.00 ,-3.00
24899 ,0.00 ,-2.08
24918 ,0.00 ,-2.08
24937 ,0.00 ,-1.78
24955 ,0.00 ,-1.47
24974 ,0.00 ,-1.17
24993 ,0.00 ,-0.56
25012 ,0.00 ,-0.10
25030 ,0.00 ,-0.10
25049 ,0.00 ,-0.86
25068 ,0.00 ,-1.17
25086 ,0.00 ,-1.17
25105 ,0.00 ,-1.47
25124 ,0.00 ,-1.47
25143 ,0.00 ,-1.47
25161 ,0.00 ,-1.47
25180 ,0.00 ,-1.47
25199 ,0.00 ,-0.86
25218 ,0.00 ,-1.17
25236 ,0.00 ,-1.47
25255 ,0.00 ,-0.86
25274 ,0.00 ,-0.86
25292 ,0.00 ,-1.78
25311 ,0.00 ,-1.47
25330 ,0.00 ,-1.17
25349 ,0.00 ,-1.78
25367 ,0.00 ,-1.78
25387 ,0.00 ,-0.86
25405 ,0.00 ,-1.17
25423 ,0.00 ,-1.17
25442 ,0.00 ,-1.17
25461 ,0.00 ,-1.47
25480 ,0.00 ,-1.47
25498 ,0.00 ,-1.78
25517 ,0.00 ,-1.47
25536 ,0.00 ,-0.86
25554 ,0.00 ,-1.78
25573 ,0.00 ,-2.39
25592 ,0.00 ,-4.53
25611 ,0.00 ,-44.96
25630 ,0.00 ,-79.90
25650 ,0.00 ,-83.41
25670 ,0.00 ,-90.73
25690 ,0.00 ,-95.92
25709 ,0.00 ,-137.27
25731 ,0.00 ,-219.81
25751 ,0.00 ,-253.38
25772 ,0.00 ,-275.96
25793 ,0.00 ,-295.04
25814 ,0.00 ,-318.23
25834 ,0.00 ,-328.76
25856 ,0.00 ,-336.99
25876 ,0.00 ,-337.30
25896 ,0.00 ,-329.98
25917 ,0.00 ,-324.48
25938 ,0.00 ,-327.08
25959 ,0.00 ,-330.28
25979 ,0.00 ,-335.62
26001 ,0.00 ,-330.74
26021 ,0.00 ,-323.42
26042 ,0.00 ,-320.82
26063 ,0.00 ,-301.29
26084 ,0.00 ,-283.29
26104 ,0.00 ,-274.74
26126 ,0.00 ,-266.50
26146 ,0.00 ,-263.15
26167 ,0.00 ,-254.60
26188 ,0.00 ,-238.89
26209 ,0.00 ,-230.65
26229 ,0.00 ,-222.71
26250 ,0.00 ,-214.17
26271 ,0.00 ,-215.85
26292 ,0.00 ,-220.12
26312 ,0.00 ,-223.48
26334 ,0.00 ,-222.71
26354 ,0.00 ,-217.22
26375 ,0.00 ,-226.99
26396 ,0.00 ,-230.04
26417 ,0.00 ,-235.22
26437 ,0.00 ,-248.65
26459 ,0.00 ,-252.31
26479 ,0.00 ,-249.11
26500 ,0.00 ,-245.45
26521 ,0.00 ,-241.48
26542 ,0.00 ,-234.00
26562 ,0.00 ,-224.09
26583 ,0.00 ,-216.46
26604 ,0.00 ,-218.44
26625 ,0.00 ,-225.00
26645 ,0.00 ,-230.65
26667 ,0.00 ,-231.26
26687 ,0.00 ,-235.22
26707 ,0.00 ,-237.82
26729 ,0.00 ,-238.89
26749 ,0.00 ,-240.87
26770 ,0.00 ,-238.28
26791 ,0.00 ,-233.24
26812 ,0.00 ,-223.02
26832 ,0.00 ,-219.20
26854 ,0.00 ,-222.10
26874 ,0.00 ,-215.85
26895 ,0.00 ,-205.93
26915 ,0.00 ,-204.10
26937 ,0.00 ,-204.10
26957 ,0.00 ,-205.93
26978 ,0.00 ,-212.64
26999 ,0.00 ,-221.80
27020 ,0.00 ,-204.40
27040 ,0.00 ,-155.73
27062 ,0.00 ,-105.08
27082 ,0.00 ,-70.29
27102 ,0.00 ,-2.08
27121 ,64.52 ,22.18
27141 ,67.77 ,24.46
27160 ,55.70 ,16.53
27180 ,38.72 ,7.99
27199 ,16.35 ,1.42
27217 ,0.00 ,-1.47
27236 ,0.00 ,-3.31
27255 ,0.00 ,-3.92
27274 ,0.00 ,-7.88
27292 ,0.00 ,-9.87
27311 ,0.00 ,-8.49
27330 ,0.00 ,-6.51
27348 ,0.00 ,-6.51
27367 ,0.00 ,-7.58
27386 ,0.00 ,-13.53
27406 ,0.00 ,-15.05
27425 ,0.00 ,-13.53
27445 ,0.00 ,-23.90
27465 ,0.00 ,-37.48
27485 ,0.00 ,-42.67
27504 ,0.00 ,-52.28
27525 ,0.00 ,-52.28
27544 ,0.00 ,-51.52
27564 ,0.00 ,-36.41
27584 ,0.00 ,-22.38
27603 ,0.00 ,-19.63
27623 ,0.00 ,-9.56
27641 ,51.15 ,13.94
27662 ,86.85 ,40.18
27681 ,92.44 ,45.52
27701 ,99.17 ,52.39
27721 ,105.19 ,58.95
27742 ,105.19 ,58.95
27762 ,104.10 ,57.73
27784 ,102.01 ,55.44
27804 ,98.88 ,52.08
27824 ,100.17 ,53.45
27844 ,106.14 ,60.01
27866 ,113.07 ,68.10
27886 ,122.55 ,80.00
27907 ,135.64 ,98.01
27928 ,156.79 ,130.96
27950 ,174.84 ,162.85
27971 ,186.57 ,185.43
27994 ,135.00 ,97.09
28014 ,133.62 ,95.11
28035 ,130.36 ,90.53
28056 ,133.62 ,95.11
28077 ,135.43 ,97.70
28097 ,133.62 ,95.11
28119 ,132.97 ,94.19
28139 ,130.14 ,90.23
28160 ,126.00 ,84.58
28180 ,127.47 ,86.56
28201 ,126.80 ,85.65
28222 ,129.37 ,89.16
28242 ,128.26 ,87.63
28264 ,129.92 ,89.92
28284 ,128.70 ,88.24
28305 ,128.48 ,87.94
28326 ,126.80 ,85.65
28347 ,128.70 ,88.24
28367 ,128.93 ,88.55
28389 ,129.15 ,88.85
28409 ,127.70 ,86.87
28430 ,129.15 ,88.85
28451 ,130.36 ,90.53
28472 ,127.92 ,87.17
28492 ,124.29 ,82.29
28513 ,123.25 ,80.92
28534 ,124.06 ,81.99
28555 ,122.31 ,79.70
28575 ,123.01 ,80.61
28597 ,128.93 ,88.55
28617 ,125.78 ,84.27
28638 ,123.25 ,80.92
28659 ,126.23 ,84.89
28680 ,124.29 ,82.29
28700 ,127.02 ,85.95
28722 ,127.02 ,85.95
28742 ,123.83 ,81.68
28763 ,123.59 ,81.38
28784 ,122.55 ,80.00
28805 ,113.70 ,68.86
28825 ,115.82 ,71.46
28846 ,123.59 ,81.38
28867 ,118.99 ,75.43
28888 ,124.29 ,82.29
28908 ,125.78 ,84.27
28930 ,122.55 ,80.00
28950 ,125.32 ,83.66
28971 ,129.59 ,89.46
28992 ,129.15 ,88.85
29012 ,119.23 ,75.73
29033 ,124.52 ,82.60
29054 ,124.29 ,82.29
29075 ,121.49 ,78.63
29095 ,116.93 ,72.83
29117 ,117.17 ,73.14
29137 ,122.55 ,80.00
29158 ,122.55 ,80.00
29178 ,121.49 ,78.63
29200 ,121.49 ,78.63
29220 ,121.26 ,78.32
29241 ,120.31 ,77.10
29262 ,120.78 ,77.71
29283 ,119.95 ,76.65
29303 ,120.78 ,77.71
29325 ,120.78 ,77.71
29345 ,124.52 ,82.60
29366 ,122.78 ,80.31
29387 ,122.08 ,79.39
29408 ,122.08 ,79.39
29428 ,118.75 ,75.12
29450 ,119.23 ,75.73
29470 ,117.90 ,74.05
29491 ,119.95 ,76.65
29511 ,116.93 ,72.83
29533 ,117.41 ,73.44
29553 ,119.95 ,76.65
29574 ,122.08 ,79.39
29595 ,122.78 ,80.31
29616 ,129.59 ,89.46
29636 ,126.80 ,85.65
29658 ,124.52 ,82.60
29678 ,122.08 ,79.39
29699 ,123.25 ,80.92
29720 ,120.78 ,77.71
29741 ,122.08 ,79.39
29761 ,118.51 ,74.82
29783 ,117.41 ,73.44
29803 ,117.41 ,73.44
29824 ,117.17 ,73.14
29844 ,119.23 ,75.73
29865 ,119.71 ,76.34
29886 ,119.95 ,76.65
29906 ,118.51 ,74.82
29928 ,117.90 ,74.05
29948 ,117.41 ,73.44
29969 ,118.14 ,74.36
29990 ,116.07 ,71.76
30011 ,116.07 ,71.76
30031 ,117.41 ,73.44
30053 ,121.02 ,78.02
30073 ,115.82 ,71.46
30094 ,117.41 ,73.44
30115 ,115.82 ,71.46
30136 ,112.81 ,67.80
30156 ,114.45 ,69.78
30177 ,118.14 ,74.36
30198 ,121.49 ,78.63
30219 ,117.90 ,74.05
30239 ,120.54 ,77.41
30261 ,118.51 ,74.82
30281 ,114.20 ,69.47
30302 ,114.20 ,69.47
30323 ,114.70 ,70.09
30344 ,113.07 ,68.10
30364 ,113.44 ,68.56
30386 ,112.30 ,67.19
30406 ,111.54 ,66.27
30427 ,110.11 ,64.59
30448 ,111.79 ,66.58
30469 ,114.70 ,70.09
30489 ,115.82 ,71.46
30510 ,115.82 ,71.46
30531 ,113.07 ,68.10
30552 ,110.63 ,65.20
30572 ,112.81 ,67.80
30594 ,113.44 ,68.56
30614 ,116.07 ,71.76
30635 ,116.07 ,71.76
30656 ,114.70 ,70.09
30676 ,118.99 ,75.43
30697 ,120.78 ,77.71
30718 ,123.01 ,80.61
30739 ,124.75 ,82.90
30759 ,126.80 ,85.65
30781 ,130.14 ,90.23
30801 ,124.29 ,82.29
30822 ,125.78 ,84.27
30842 ,121.84 ,79.09
30864 ,120.54 ,77.41
30884 ,121.02 ,78.02
30905 ,120.31 ,77.10
30926 ,118.75 ,75.12
30947 ,118.75 ,75.12
30967 ,117.90 ,74.05
30989 ,116.31 ,72.07
31009 ,116.31 ,72.07
31030 ,115.82 ,71.46
31051 ,116.31 ,72.07
31072 ,119.23 ,75.73
31092 ,117.90 ,74.05
31114 ,113.95 ,69.17
31134 ,114.70 ,70.09
31155 ,114.70 ,70.09
31175 ,112.05 ,66.88
31197 ,114.70 ,70.09
31217 ,112.05 ,66.88
31238 ,111.15 ,65.81
31259 ,113.07 ,68.10
31280 ,111.15 ,65.81
31300 ,113.95 ,69.17
31322 ,111.15 ,65.81
31342 ,112.56 ,67.49
31363 ,111.15 ,65.81
31384 ,106.41 ,60.32
31405 ,108.67 ,62.91
31425 ,107.88 ,62.00
31447 ,106.68 ,60.63
31467 ,105.46 ,59.25
31488 ,106.68 ,60.63
31508 ,105.87 ,59.71
31529 ,104.10 ,57.73
31550 ,104.10 ,57.73
31570 ,105.19 ,58.95
31592 ,103.68 ,57.27
31612 ,103.13 ,56.66
31633 ,101.59 ,54.98
31654 ,101.31 ,54.67
31675 ,101.31 ,54.67
31695 ,102.29 ,55.74
31717 ,102.85 ,56.35
31737 ,102.57 ,56.05
31758 ,102.29 ,55.74
31779 ,100.74 ,54.06
31800 ,102.29 ,55.74
31820 ,101.03 ,54.37
31841 ,100.74 ,54.06
31862 ,100.74 ,54.06
31883 ,97.56 ,50.71
31902 ,96.38 ,49.49
31923 ,96.38 ,49.49
31942 ,97.56 ,50.71
31962 ,98.59 ,51.78
31982 ,98.29 ,51.47
32002 ,98.00 ,51.17
32021 ,98.59 ,51.78
32040 ,98.29 ,51.47
32061 ,99.45 ,52.69
32080 ,100.74 ,54.06
32101 ,99.74 ,53.00
32121 ,97.56 ,50.71
32141 ,96.08 ,49.18
32160 ,96.38 ,49.49
32181 ,99.74 ,53.00
32200 ,100.74 ,54.06
32221 ,98.00 ,51.17
32240 ,94.43 ,47.50
32261 ,89.77 ,42.93
32280 ,84.00 ,37.59
32300 ,75.56 ,30.41
32320 ,65.84 ,23.09
32339 ,51.70 ,14.24
32359 ,42.59 ,9.66
32378 ,37.21 ,7.38
32397 ,29.96 ,4.78
32415 ,6.19 ,0.20
32433 ,0.00 ,-3.31
32452 ,0.00 ,-5.90
32471 ,0.00 ,-9.87
32489 ,0.00 ,-14.44
32509 ,0.00 ,-20.70
32529 ,0.00 ,-25.28
32548 ,0.00 ,-27.87
32568 ,0.00 ,-24.97
32588 ,0.00 ,-11.85
32608 ,0.00 ,-4.98
32626 ,0.00 ,-4.98
32646 ,0.00 ,-4.22
32664 ,0.00 ,-3.61
32683 ,0.00 ,-3.92
32701 ,0.00 ,-4.22
32720 ,0.00 ,-5.29
32739 ,0.00 ,-5.90
32757 ,0.00 ,-5.90
32777 ,0.00 ,-6.51
32795 ,0.00 ,-7.58
32814 ,0.00 ,-6.81
32832 ,0.00 ,-4.22
32851 ,12.36 ,0.81
32870 ,20.26 ,2.19
32888 ,14.50 ,1.12
32908 ,9.78 ,0.51
32925 ,9.78 ,0.51
32943 ,9.78 ,0.51
32960 ,0.00 ,-1.17
32979 ,0.00 ,-1.78
32998 ,0.00 ,-1.17
33016 ,14.50 ,1.12
33035 ,18.02 ,1.73
33054 ,18.02 ,1.73
33073 ,0.00 ,-0.56
33091 ,0.00 ,-0.56
33111 ,0.00 ,-1.17
33129 ,0.00 ,-1.47
33147 ,0.00 ,-1.47
33166 ,0.00 ,-1.47
33185 ,0.00 ,-1.17
33204 ,6.19 ,0.20
33221 ,16.35 ,1.42
33241 ,9.78 ,0.51
33258 ,0.00 ,-1.17
33276 ,0.00 ,-1.17
33295 ,0.00 ,-0.56
33314 ,6.19 ,0.20
33332 ,0.00 ,-0.10
33350 ,9.78 ,0.51
33368 ,0.00 ,-0.56
33387 ,0.00 ,-1.17
33405 ,0.00 ,-1.78
33424 ,0.00 ,-1.47
33443 ,0.00 ,-2.08
33462 ,0.00 ,-1.78
33480 ,0.00 ,-1.17
33499 ,0.00 ,-0.56
33518 ,0.00 ,-0.86
33537 ,0.00 ,-0.86
33555 ,0.00 ,-0.86
33574 ,0.00 ,-0.86
33593 ,0.00 ,-0.86
33611 ,0.00 ,-0.86
33630 ,0.00 ,-0.86
33649 ,0.00 ,-1.17
33668 ,0.00 ,-0.56
33686 ,0.00 ,-0.10
33704 ,0.00 ,-0.56
33724 ,6.19 ,0.20
33741 ,0.00 ,-0.10
33760 ,6.19 ,0.20
33778 ,9.78 ,0.51
33796 ,6.19 ,0.20
33813 ,6.19 ,0.20
33830 ,0.00 ,-0.56
33850 ,0.00 ,-0.10
33868 ,0.00 ,-1.47
33887 ,0.00 ,-0.10
33906 ,0.00 ,-0.10
33925 ,0.00 ,-1.47
33943 ,0.00 ,-1.78
33961 ,0.00 ,-1.17
33981 ,0.00 ,-1.47
33999 ,0.00 ,-1.47
34018 ,0.00 ,-2.08
34036 ,0.00 ,-2.08
34056 ,0.00 ,-2.08
34074 ,0.00 ,-2.08
34093 ,0.00 ,-2.39
34112 ,0.00 ,-1.78
34130 ,0.00 ,-0.10
34149 ,0.00 ,-0.10
34167 ,0.00 ,-0.56
34187 ,0.00 ,-0.10
34205 ,6.19 ,0.20
34223 ,9.78 ,0.51
34241 ,0.00 ,-0.10
34259 ,0.00 ,-0.86
34278 ,0.00 ,-1.47
34296 ,0.00 ,-1.78
34316 ,0.00 ,-1.47
34334 ,0.00 ,-0.86
34353 ,0.00 ,-1.17
34372 ,0.00 ,-0.86
34391 ,0.00 ,-0.10
34409 ,6.19 ,0.20
34426 ,0.00 ,-0.10
34446 ,0.00 ,-0.10
34464 ,12.36 ,0.81
34483 ,9.78 ,0.51
34500 ,0.00 ,-0.10
34520 ,6.19 ,0.20
34537 ,0.00 ,-0.86
34555 ,0.00 ,-1.78
34575 ,0.00 ,-2.08
34593 ,0.00 ,-2.39
34612 ,0.00 ,-2.39
34630 ,0.00 ,-2.39
34650 ,0.00 ,-2.39
34668 ,0.00 ,-2.39
34686 ,0.00 ,-2.08
34706 ,0.00 ,-1.78
34724 ,0.00 ,-1.47
34743 ,0.00 ,-0.86
34761 ,0.00 ,-1.78
34781 ,0.00 ,-1.78
34799 ,0.00 ,-3.61
34818 ,0.00 ,-4.22
34836 ,0.00 ,-4.22
34855 ,0.00 ,-6.51
34874 ,0.00 ,-11.09
34893 ,0.00 ,-12.15
34914 ,0.00 ,-21.31
34933 ,0.00 ,-97.90
34953 ,0.00 ,-125.22
34974 ,0.00 ,-143.22
34995 ,0.00 ,-153.14
35015 ,0.00 ,-165.95
35036 ,0.00 ,-175.41
35057 ,0.00 ,-195.86
35078 ,0.00 ,-223.48
35098 ,0.00 ,-244.07
35120 ,0.00 ,-257.20
35140 ,0.00 ,-270.01
35161 ,0.00 ,-284.51
35182 ,0.00 ,-297.02
35203 ,0.00 ,-305.87
35223 ,0.00 ,-310.45
35245 ,0.00 ,-310.45
35265 ,0.00 ,-318.23
35286 ,0.00 ,-324.18
35307 ,0.00 ,-329.67
35328 ,0.00 ,-336.54
35348 ,0.00 ,-338.52
35368 ,0.00 ,-337.30
35390 ,0.00 ,-342.79
35410 ,0.00 ,-351.03
35431 ,0.00 ,-357.59
35452 ,0.00 ,-359.27
35473 ,0.00 ,-362.17
35493 ,0.00 ,-367.82
35515 ,0.00 ,-365.53
35535 ,0.00 ,-365.22
35556 ,0.00 ,-370.71
35577 ,0.00 ,-379.26
35598 ,0.00 ,-375.44
35618 ,0.00 ,-369.80
35640 ,0.00 ,-362.17
35660 ,0.00 ,-341.57
35681 ,0.00 ,-316.85
35701 ,0.00 ,-301.60
35723 ,0.00 ,-296.41
35743 ,0.00 ,-296.10
35764 ,0.00 ,-301.90
35785 ,0.00 ,-304.95
35806 ,0.00 ,-303.27
35826 ,0.00 ,-295.65
35848 ,0.00 ,-289.85
35868 ,0.00 ,-288.17
35889 ,0.00 ,-289.08
35910 ,0.00 ,-282.52
35931 ,0.00 ,-282.83
35951 ,0.00 ,-278.25
35973 ,0.00 ,-268.03
35993 ,0.00 ,-251.09
36014 ,0.00 ,-239.50
36034 ,0.00 ,-231.26
36056 ,0.00 ,-226.99
36076 ,0.00 ,-226.38
36097 ,0.00 ,-226.68
36118 ,0.00 ,-226.99
36139 ,0.00 ,-228.66
36159 ,0.00 ,-237.51
36180 ,0.00 ,-239.50
36201 ,0.00 ,-238.89
36221 ,0.00 ,-243.77
36243 ,0.00 ,-254.30
36263 ,0.00 ,-260.86
36284 ,0.00 ,-263.76
36305 ,0.00 ,-264.82
36326 ,0.00 ,-268.03
36346 ,0.00 ,-277.34
36367 ,0.00 ,-277.03
36388 ,0.00 ,-274.28
36409 ,0.00 ,-270.47
36429 ,0.00 ,-268.79
36451 ,0.00 ,-262.54
36471 ,0.00 ,-261.93
36492 ,0.00 ,-269.10
36513 ,0.00 ,-270.47
36534 ,0.00 ,-269.40
36554 ,0.00 ,-267.11
36576 ,0.00 ,-266.20
36596 ,0.00 ,-262.23
36617 ,0.00 ,-259.18
36638 ,0.00 ,-253.99
36659 ,0.00 ,-257.96
36679 ,0.00 ,-261.93
36700 ,0.00 ,-265.74
36721 ,0.00 ,-257.65
36742 ,0.00 ,-250.02
36762 ,0.00 ,-234.31
36784 ,0.00 ,-213.86
36804 ,0.00 ,-196.47
36825 ,0.00 ,-178.77
36846 ,0.00 ,-164.28
36867 ,0.00 ,-157.71
36887 ,0.00 ,-162.60
36909 ,0.00 ,-164.89
36929 ,0.00 ,-171.14
36950 ,0.00 ,-181.97
36971 ,0.00 ,-190.21
36992 ,0.00 ,-192.50
37012 ,0.00 ,-185.33
37032 ,0.00 ,-171.90
37054 ,0.00 ,-157.10
37074 ,0.00 ,-140.32
37095 ,0.00 ,-119.26
37116 ,0.00 ,-99.28
37136 ,0.00 ,-79.90
37155 ,0.00 ,-49.54
37176 ,0.00 ,-4.53
37194 ,96.97 ,50.10
37214 ,121.49 ,78.63
37235 ,126.46 ,85.19
37256 ,123.83 ,81.68
37276 ,130.36 ,90.53
37297 ,144.53 ,111.28
37319 ,169.10 ,152.33
37341 ,140.21 ,104.72
37362 ,138.56 ,102.28
37385 ,132.65 ,93.73
37405 ,127.25 ,86.26
37426 ,122.78 ,80.31
37447 ,128.93 ,88.55
37468 ,138.87 ,102.74
37489 ,138.56 ,102.28
37512 ,143.04 ,108.99
37533 ,140.61 ,105.33
37555 ,139.49 ,103.65
37577 ,118.75 ,75.12
37598 ,138.36 ,101.97
37619 ,137.52 ,100.75
37642 ,132.22 ,93.12
37662 ,119.23 ,75.73
37683 ,126.46 ,85.19
37704 ,128.48 ,87.94
37725 ,132.97 ,94.19
37745 ,128.93 ,88.55
37767 ,133.40 ,94.80
37787 ,116.07 ,71.76
37808 ,117.90 ,74.05
37828 ,123.59 ,81.38
37850 ,122.55 ,80.00
37870 ,115.57 ,71.15
37891 ,122.08 ,79.39
37912 ,128.48 ,87.94
37933 ,126.46 ,85.19
37953 ,147.47 ,115.86
37976 ,108.15 ,62.30
37996 ,105.87 ,59.71
38017 ,118.51 ,74.82
38038 ,136.79 ,99.69
38059 ,105.87 ,59.71
38079 ,115.32 ,70.85
38100 ,122.78 ,80.31
38121 ,122.08 ,79.39
38141 ,129.37 ,89.16
38162 ,128.48 ,87.94
38183 ,104.37 ,58.03
38204 ,121.84 ,79.09
38224 ,100.74 ,54.06
38246 ,124.52 ,82.60
38266 ,108.67 ,62.91
38287 ,116.93 ,72.83
38308 ,133.62 ,95.11
38329 ,117.17 ,73.14
38349 ,112.81 ,67.80
38371 ,111.79 ,66.58
38391 ,108.94 ,63.22
38412 ,115.32 ,70.85
38433 ,119.47 ,76.04
38454 ,127.02 ,85.95
38474 ,112.05 ,66.88
38495 ,117.66 ,73.75
38516 ,119.47 ,76.04
38537 ,104.65 ,58.34
38557 ,113.44 ,68.56
38579 ,117.90 ,74.05
38599 ,118.99 ,75.43
38620 ,125.09 ,83.36
38641 ,115.07 ,70.54
38662 ,112.30 ,67.19
38682 ,124.75 ,82.90
38704 ,119.47 ,76.04
38724 ,110.89 ,65.51
38745 ,118.75 ,75.12
38766 ,118.75 ,75.12
38787 ,99.45 ,52.69
38806 ,108.94 ,63.22
38827 ,112.81 ,67.80
38848 ,113.44 ,68.56
38868 ,112.56 ,67.49
38889 ,112.05 ,66.88
38910 ,107.48 ,61.54
38931 ,112.05 ,66.88
38951 ,111.15 ,65.81
38973 ,110.37 ,64.90
38993 ,113.70 ,68.86
39014 ,108.41 ,62.61
39035 ,109.85 ,64.29
39056 ,113.95 ,69.17
39076 ,107.88 ,62.00
39098 ,110.89 ,65.51
39118 ,112.56 ,67.49
39139 ,109.46 ,63.83
39159 ,110.89 ,65.51
39181 ,107.88 ,62.00
39201 ,112.30 ,67.19
39222 ,116.31 ,72.07
39243 ,119.71 ,76.34
39264 ,118.75 ,75.12
39284 ,121.02 ,78.02
39306 ,122.31 ,79.70
39326 ,114.45 ,69.78
39347 ,116.31 ,72.07
39368 ,116.93 ,72.83
39389 ,110.63 ,65.20
39409 ,110.89 ,65.51
39431 ,113.95 ,69.17
39451 ,110.63 ,65.20
39472 ,112.05 ,66.88
39492 ,111.54 ,66.27
39514 ,117.66 ,73.75
39534 ,112.30 ,67.19
39555 ,113.95 ,69.17
39576 ,114.45 ,69.78
39597 ,113.07 ,68.10
39617 ,112.81 ,67.80
39639 ,113.07 ,68.10
39659 ,114.45 ,69.78
39680 ,112.56 ,67.49
39701 ,111.79 ,66.58
39721 ,110.63 ,65.20
39742 ,110.37 ,64.90
39763 ,112.30 ,67.19
39784 ,111.79 ,66.58
39804 ,111.79 ,66.58
39825 ,109.20 ,63.52
39846 ,111.15 ,65.81
39867 ,107.48 ,61.54
39887 ,108.94 ,63.22
39909 ,109.46 ,63.83
39929 ,106.95 ,60.93
39950 ,108.94 ,63.22
39971 ,110.89 ,65.51
39992 ,112.30 ,67.19
40012 ,113.44 ,68.56
40034 ,115.32 ,70.85
40054 ,112.56 ,67.49
40075 ,112.30 ,67.19
40096 ,112.56 ,67.49
40117 ,109.20 ,63.52
40137 ,111.54 ,66.27
40158 ,109.20 ,63.52
40179 ,107.88 ,62.00
40200 ,106.68 ,60.63
40220 ,106.41 ,60.32
40242 ,106.95 ,60.93
40262 ,106.95 ,60.93
40283 ,107.88 ,62.00
40304 ,105.87 ,59.71
40325 ,105.87 ,59.71
40345 ,106.95 ,60.93
40367 ,109.85 ,64.29
40387 ,108.41 ,62.61
40408 ,107.21 ,61.24
40429 ,107.21 ,61.24
40450 ,111.79 ,66.58
40470 ,107.21 ,61.24
40491 ,106.14 ,60.01
40512 ,104.92 ,58.64
40532 ,103.68 ,57.27
40553 ,104.10 ,57.73
40574 ,102.85 ,56.35
40595 ,101.59 ,54.98
40615 ,101.31 ,54.67
40637 ,101.59 ,54.98
40657 ,102.57 ,56.05
40678 ,101.31 ,54.67
40699 ,102.57 ,56.05
40720 ,101.31 ,54.67
40740 ,102.85 ,56.35
40762 ,100.74 ,54.06
40782 ,99.45 ,52.69
40802 ,102.01 ,55.44
40822 ,104.65 ,58.34
40844 ,104.10 ,57.73
40864 ,103.13 ,56.66
40885 ,104.65 ,58.34
40906 ,104.10 ,57.73
40927 ,103.68 ,57.27
40947 ,106.41 ,60.32
40969 ,105.87 ,59.71
40989 ,104.92 ,58.64
41010 ,103.68 ,57.27
41031 ,101.03 ,54.37
41052 ,99.17 ,52.39
41071 ,100.46 ,53.76
41092 ,101.59 ,54.98
41113 ,103.13 ,56.66
41134 ,105.19 ,58.95
41154 ,102.85 ,56.35
41176 ,104.65 ,58.34
41196 ,104.65 ,58.34
41217 ,104.37 ,58.03
41238 ,102.57 ,56.05
41259 ,99.74 ,53.00
41278 ,97.56 ,50.71
41298 ,96.08 ,49.18
41318 ,95.04 ,48.11
41337 ,94.73 ,47.81
41357 ,94.43 ,47.50
41377 ,87.99 ,41.25
41397 ,84.34 ,37.89
41416 ,87.34 ,40.64
41437 ,75.94 ,30.72
41456 ,66.49 ,23.55
41476 ,50.58 ,13.63
41496 ,18.02 ,1.73
41515 ,26.40 ,3.71
41533 ,30.90 ,5.09
41551 ,14.50 ,1.12
41571 ,0.00 ,-1.17
41589 ,12.36 ,0.81
41608 ,0.00 ,-0.10
41627 ,0.00 ,-1.78
41646 ,0.00 ,-2.08
41664 ,0.00 ,-6.81
41682 ,0.00 ,-6.51
41702 ,0.00 ,-8.80
41720 ,0.00 ,-8.80
41739 ,0.00 ,-8.19
41757 ,0.00 ,-6.51
41777 ,0.00 ,-6.51
41795 ,0.00 ,-6.20
41814 ,0.00 ,-4.98
41833 ,0.00 ,-2.08
41851 ,0.00 ,-2.08
41870 ,0.00 ,-2.39
41888 ,0.00 ,-3.31
41908 ,0.00 ,-2.39
41926 ,0.00 ,-2.08
41945 ,0.00 ,-1.47
41964 ,9.78 ,0.51
41981 ,9.78 ,0.51
41999 ,9.78 ,0.51
42016 ,0.00 ,-0.10
42036 ,0.00 ,-0.10
42054 ,0.00 ,-1.17
42073 ,0.00 ,-0.86
42091 ,0.00 ,-1.78
42110 ,0.00 ,-1.47
42129 ,0.00 ,-0.56
42147 ,0.00 ,-0.86
42167 ,0.00 ,-2.08
42185 ,0.00 ,-3.31
42204 ,0.00 ,-2.39
42222 ,0.00 ,-2.08
42242 ,0.00 ,-3.31
42260 ,0.00 ,-3.31
42278 ,0.00 ,-3.00
42298 ,0.00 ,-2.08
42316 ,0.00 ,-2.39
42335 ,0.00 ,-3.92
42353 ,0.00 ,-4.22
42373 ,0.00 ,-3.00
42391 ,0.00 ,-2.08
42409 ,0.00 ,-4.53
42429 ,0.00 ,-4.98
42447 ,0.00 ,-2.39
42466 ,0.00 ,-2.08
42484 ,0.00 ,-3.31
42504 ,0.00 ,-3.31
42522 ,0.00 ,-1.78
42541 ,0.00 ,-2.08
42560 ,0.00 ,-2.39
42578 ,0.00 ,-1.17
42597 ,0.00 ,-2.08
42615 ,0.00 ,-3.31
42635 ,0.00 ,-2.08
42653 ,0.00 ,-1.17
42672 ,0.00 ,-1.78
42690 ,0.00 ,-2.39
42710 ,0.00 ,-2.08
42728 ,0.00 ,-2.08
42746 ,0.00 ,-1.78
42766 ,0.00 ,-1.47
42784 ,0.00 ,-1.17
42803 ,0.00 ,-2.08
42821 ,0.00 ,-2.08
42841 ,0.00 ,-1.17
42859 ,0.00 ,-1.78
42877 ,0.00 ,-3.00
42897 ,0.00 ,-1.78
42915 ,0.00 ,-2.08
42934 ,0.00 ,-2.08
42952 ,0.00 ,-3.31
42972 ,0.00 ,-3.00
42990 ,0.00 ,-2.39
43009 ,0.00 ,-3.31
43028 ,0.00 ,-2.39
43046 ,0.00 ,-1.47
43065 ,0.00 ,-1.78
43083 ,0.00 ,-2.08
43103 ,0.00 ,-2.08
43121 ,0.00 ,-1.78
43140 ,0.00 ,-1.78
43159 ,0.00 ,-0.56
43177 ,0.00 ,-3.00
43196 ,0.00 ,-3.61
43214 ,0.00 ,-2.39
43234 ,0.00 ,-1.47
43252 ,0.00 ,-2.39
43271 ,0.00 ,-4.22
43289 ,0.00 ,-3.00
43309 ,0.00 ,-1.78
43327 ,0.00 ,-3.31
43345 ,0.00 ,-3.92
43365 ,0.00 ,-2.39
43383 ,0.00 ,-1.78
43402 ,0.00 ,-2.08
43420 ,0.00 ,-3.00
43440 ,0.00 ,-2.39
43458 ,0.00 ,-0.86
43476 ,0.00 ,-0.56
43496 ,0.00 ,-2.39
43514 ,0.00 ,-4.53
43533 ,0.00 ,-3.92
43551 ,0.00 ,-3.00
43571 ,0.00 ,-3.61
43589 ,0.00 ,-2.08
43608 ,0.00 ,-1.78
43627 ,0.00 ,-2.39
43645 ,0.00 ,-1.47
43664 ,0.00 ,-1.17
43682 ,6.19 ,0.20
43701 ,0.00 ,-0.10
43719 ,0.00 ,-0.10
43738 ,6.19 ,0.20
43755 ,12.36 ,0.81
43774 ,6.19 ,0.20
43792 ,0.00 ,-0.86
43810 ,0.00 ,-1.78
43830 ,0.00 ,-1.47
43848 ,0.00 ,-0.10
43867 ,6.19 ,0.20
43884 ,6.19 ,0.20
43902 ,0.00 ,-0.10
43921 ,9.78 ,0.51
43938 ,0.00 ,-0.86
43958 ,0.00 ,-1.47
43976 ,0.00 ,-2.08
43995 ,0.00 ,-1.78
44013 ,0.00 ,-1.78
44033 ,0.00 ,-3.31
44051 ,0.00 ,-3.31
44069 ,0.00 ,-3.31
44088 ,0.00 ,-3.00
44107 ,0.00 ,-3.31
44126 ,0.00 ,-1.78
44144 ,0.00 ,-3.61
44164 ,0.00 ,-4.98
44182 ,0.00 ,-6.81
44200 ,0.00 ,-9.87
44219 ,0.00 ,-13.83
44239 ,0.00 ,-12.15
44259 ,0.00 ,-9.87
44277 ,0.00 ,-10.17
44298 ,0.00 ,-12.46
44317 ,0.00 ,-21.61
44337 ,0.00 ,-70.29
44357 ,0.00 ,-74.56
44377 ,0.00 ,-63.42
44396 ,0.00 ,-54.88
44416 ,0.00 ,-48.62
44436 ,0.00 ,-45.72
44455 ,0.00 ,-43.43
44475 ,0.00 ,-37.48
44495 ,0.00 ,-31.23
44515 ,0.00 ,-24.97
44534 ,0.00 ,-26.95
44554 ,0.00 ,-30.62
44574 ,0.00 ,-31.23
44594 ,0.00 ,-33.82
44613 ,0.00 ,-40.08
44634 ,0.00 ,-44.65
44653 ,0.00 ,-44.96
44673 ,0.00 ,-42.67
44693 ,0.00 ,-40.69
44712 ,0.00 ,-38.70
44732 ,0.00 ,-33.21
44751 ,0.00 ,-25.89
44772 ,0.00 ,-22.68
44791 ,0.00 ,-20.09
44811 ,0.00 ,-17.34
44831 ,0.00 ,-20.70
44851 ,0.00 ,-26.65
44870 ,0.00 ,-28.94
44891 ,0.00 ,-24.97
44910 ,0.00 ,-10.48
44930 ,67.77 ,24.46
44949 ,151.97 ,123.03
44972 ,169.60 ,153.24
44993 ,136.79 ,99.69
45014 ,142.13 ,107.62
45036 ,134.58 ,96.48
45057 ,130.14 ,90.23
45077 ,123.59 ,81.38
45099 ,128.48 ,87.94
45119 ,115.82 ,71.46
45139 ,143.84 ,110.21
45162 ,129.59 ,89.46
45182 ,127.02 ,85.95
45203 ,142.74 ,108.53
45225 ,144.53 ,111.28
45247 ,94.43 ,47.50
45266 ,97.27 ,50.40
45286 ,129.59 ,89.46
45307 ,131.35 ,91.90
45328 ,121.26 ,78.32
45348 ,117.17 ,73.14
45370 ,129.15 ,88.85
45390 ,116.07 ,71.76
45411 ,124.29 ,82.29
45432 ,119.71 ,76.34
45453 ,110.37 ,64.90
45473 ,122.08 ,79.39
45495 ,118.99 ,75.43
45515 ,117.66 ,73.75
45536 ,123.25 ,80.92
45557 ,109.85 ,64.29
45578 ,117.90 ,74.05
45598 ,139.08 ,103.04
45621 ,118.51 ,74.82
45641 ,126.23 ,84.89
45662 ,129.37 ,89.16
45682 ,126.23 ,84.89
45704 ,125.09 ,83.36
45724 ,125.32 ,83.66
45745 ,121.84 ,79.09
45766 ,116.56 ,72.37
45787 ,124.52 ,82.60
45807 ,127.70 ,86.87
45829 ,93.82 ,46.89
45848 ,73.83 ,29.04
45868 ,96.97 ,50.10
45888 ,114.45 ,69.78
45908 ,113.44 ,68.56
45929 ,101.03 ,54.37
45949 ,117.66 ,73.75
45971 ,91.82 ,44.91
45990 ,102.01 ,55.44
46011 ,109.46 ,63.83
46032 ,111.15 ,65.81
46053 ,124.52 ,82.60
46073 ,126.00 ,84.58
46095 ,121.02 ,78.02
46115 ,108.41 ,62.61
46136 ,121.49 ,78.63
46157 ,106.95 ,60.93
46178 ,103.68 ,57.27
46198 ,116.31 ,72.07
46220 ,109.85 ,64.29
46240 ,102.29 ,55.74
46261 ,108.67 ,62.91
46281 ,106.41 ,60.32
46303 ,113.95 ,69.17
46323 ,112.56 ,67.49
46344 ,111.79 ,66.58
46365 ,93.06 ,46.13
46385 ,100.74 ,54.06
46405 ,105.87 ,59.71
46427 ,115.57 ,71.15
46447 ,106.14 ,60.01
46468 ,110.37 ,64.90
46489 ,105.87 ,59.71
46510 ,104.10 ,57.73
46530 ,105.19 ,58.95
46551 ,97.56 ,50.71
46571 ,104.37 ,58.03
46592 ,109.85 ,64.29
46612 ,114.70 ,70.09
46633 ,112.05 ,66.88
46654 ,101.59 ,54.98
46674 ,117.90 ,74.05
46696 ,108.41 ,62.61
46716 ,110.37 ,64.90
46737 ,101.31 ,54.67
46758 ,119.71 ,76.34
46779 ,121.26 ,78.32
46799 ,109.46 ,63.83
46821 ,108.15 ,62.30
46841 ,111.15 ,65.81
46862 ,113.07 ,68.10
46882 ,110.11 ,64.59
46904 ,106.41 ,60.32
46924 ,113.95 ,69.17
46945 ,101.59 ,54.98
46966 ,106.14 ,60.01
46987 ,108.94 ,63.22
47007 ,98.29 ,51.47
47028 ,110.11 ,64.59
47048 ,107.88 ,62.00
47069 ,109.46 ,63.83
47090 ,103.68 ,57.27
47111 ,105.46 ,59.25
47131 ,116.31 ,72.07
47153 ,105.19 ,58.95
47173 ,106.41 ,60.32
47194 ,104.65 ,58.34
47214 ,100.17 ,53.45
47236 ,110.37 ,64.90
47256 ,101.59 ,54.98
47277 ,107.21 ,61.24
47298 ,114.45 ,69.78
47319 ,104.92 ,58.64
47339 ,104.92 ,58.64
47361 ,113.44 ,68.56
47381 ,108.67 ,62.91
47401 ,108.67 ,62.91
47423 ,102.57 ,56.05
47443 ,111.54 ,66.27
47464 ,109.46 ,63.83
47485 ,104.65 ,58.34
47506 ,103.41 ,56.96
47526 ,101.31 ,54.67
47547 ,104.65 ,58.34
47568 ,104.92 ,58.64
47589 ,103.13 ,56.66
47609 ,99.74 ,53.00
47630 ,106.41 ,60.32
47650 ,104.92 ,58.64
47671 ,113.95 ,69.17
47692 ,110.89 ,65.51
47713 ,111.15 ,65.81
47733 ,107.21 ,61.24
47755 ,109.85 ,64.29
47775 ,111.15 ,65.81
47796 ,111.15 ,65.81
47817 ,110.63 ,65.20
47838 ,110.11 ,64.59
47858 ,101.59 ,54.98
47879 ,106.14 ,60.01
47900 ,102.57 ,56.05
47921 ,112.56 ,67.49
47941 ,99.45 ,52.69
47962 ,115.07 ,70.54
47982 ,111.79 ,66.58
48003 ,111.15 ,65.81
48024 ,110.11 ,64.59
48045 ,103.68 ,57.27
48065 ,110.11 ,64.59
48087 ,108.94 ,63.22
48107 ,108.41 ,62.61
48128 ,103.68 ,57.27
48148 ,96.68 ,49.79
48168 ,111.54 ,66.27
48189 ,108.15 ,62.30
48209 ,106.68 ,60.63
48231 ,108.15 ,62.30
48251 ,107.88 ,62.00
48272 ,112.05 ,66.88
48293 ,110.89 ,65.51
48314 ,99.45 ,52.69
48333 ,98.29 ,51.47
48354 ,106.68 ,60.63
48374 ,109.20 ,63.52
48395 ,109.85 ,64.29
48416 ,111.79 ,66.58
48437 ,104.10 ,57.73
48457 ,99.74 ,53.00
48477 ,102.57 ,56.05
48498 ,101.59 ,54.98
48519 ,111.15 ,65.81
48539 ,105.46 ,59.25
48561 ,105.87 ,59.71
48581 ,106.14 ,60.01
48602 ,100.74 ,54.06
48623 ,104.92 ,58.64
48644 ,104.65 ,58.34
48664 ,98.29 ,51.47
48685 ,103.41 ,56.96
48705 ,104.92 ,58.64
48726 ,101.59 ,54.98
48746 ,98.59 ,51.78
48766 ,100.74 ,54.06
48787 ,106.14 ,60.01
48807 ,106.41 ,60.32
48829 ,109.20 ,63.52
48849 ,110.37 ,64.90
48870 ,105.19 ,58.95
48891 ,104.65 ,58.34
48912 ,104.37 ,58.03
48932 ,103.68 ,57.27
48954 ,102.85 ,56.35
48974 ,100.74 ,54.06
48995 ,102.57 ,56.05
49016 ,99.17 ,52.39
49036 ,99.45 ,52.69
49055 ,100.46 ,53.76
49076 ,100.74 ,54.06
49097 ,99.45 ,52.69
49117 ,97.27 ,50.40
49136 ,99.74 ,53.00
49157 ,98.00 ,51.17
49176 ,95.34 ,48.42
49196 ,96.68 ,49.79
49216 ,96.08 ,49.18
49235 ,96.38 ,49.49
49255 ,96.38 ,49.49
49274 ,96.68 ,49.79
49295 ,96.38 ,49.49
49314 ,94.43 ,47.50
49334 ,94.73 ,47.81
49354 ,94.43 ,47.50
49374 ,94.13 ,47.20
49393 ,93.82 ,46.89
49413 ,92.13 ,45.21
49433 ,92.44 ,45.52
49453 ,91.03 ,44.15
49472 ,93.82 ,46.89
49492 ,95.04 ,48.11
49512 ,96.08 ,49.18
49531 ,96.38 ,49.49
49552 ,96.68 ,49.79
49571 ,97.27 ,50.40
49591 ,96.08 ,49.18
49610 ,96.38 ,49.49
49631 ,96.38 ,49.49
49650 ,98.00 ,51.17
49670 ,98.88 ,52.08
49690 ,100.46 ,53.76
49711 ,103.13 ,56.66
49731 ,104.10 ,57.73
49753 ,103.13 ,56.66
49773 ,102.85 ,56.35
49794 ,102.57 ,56.05
49815 ,102.57 ,56.05
49836 ,102.57 ,56.05
49856 ,101.03 ,54.37
49876 ,99.17 ,52.39
49897 ,96.97 ,50.10
49916 ,97.56 ,50.71
49936 ,98.59 ,51.78
49956 ,99.45 ,52.69
49976 ,101.31 ,54.67
49996 ,101.03 ,54.37
50018 ,102.29 ,55.74
50038 ,104.10 ,57.73
50059 ,105.19 ,58.95
50080 ,106.68 ,60.63
50101 ,107.48 ,61.54
50121 ,108.41 ,62.61
50142 ,108.94 ,63.22
50163 ,110.37 ,64.90
50184 ,109.46 ,63.83
50204 ,110.37 ,64.90
50226 ,108.41 ,62.61
50246 ,105.46 ,59.25
50267 ,107.88 ,62.00
50288 ,109.46 ,63.83
50309 ,110.37 ,64.90
50329 ,107.88 ,62.00
50351 ,115.57 ,71.15
50371 ,118.51 ,74.82
50392 ,119.71 ,76.34
50413 ,118.75 ,75.12
50434 ,113.95 ,69.17
50454 ,113.44 ,68.56
50475 ,110.11 ,64.59
50496 ,109.46 ,63.83
50516 ,113.70 ,68.86
50537 ,122.78 ,80.31
50558 ,126.23 ,84.89
50579 ,120.78 ,77.71
50599 ,116.56 ,72.37
50621 ,114.20 ,69.47
50641 ,112.05 ,66.88
50662 ,110.11 ,64.59
50683 ,109.85 ,64.29
50704 ,106.95 ,60.93
50724 ,106.14 ,60.01
50746 ,106.14 ,60.01
50766 ,104.10 ,57.73
50787 ,104.37 ,58.03
50807 ,106.41 ,60.32
50829 ,110.63 ,65.20
50849 ,113.44 ,68.56
50870 ,111.15 ,65.81
50891 ,110.89 ,65.51
50912 ,111.15 ,65.81
50932 ,110.89 ,65.51
50954 ,112.05 ,66.88
50974 ,111.15 ,65.81
50995 ,112.30 ,67.19
51016 ,111.54 ,66.27
51037 ,111.15 ,65.81
51057 ,107.48 ,61.54
51079 ,110.89 ,65.51
51099 ,113.70 ,68.86
51120 ,112.05 ,66.88
51140 ,114.20 ,69.47
51162 ,115.82 ,71.46
51182 ,115.07 ,70.54
51203 ,107.88 ,62.00
51224 ,107.21 ,61.24
51245 ,107.21 ,61.24
51265 ,105.87 ,59.71
51287 ,103.68 ,57.27
51307 ,101.59 ,54.98
51328 ,100.46 ,53.76
51349 ,99.45 ,52.69
51368 ,88.96 ,42.16
51388 ,79.44 ,33.62
51407 ,84.34 ,37.89
51428 ,94.43 ,47.50
51447 ,93.82 ,46.89
51467 ,90.40 ,43.54
51487 ,79.98 ,34.08
51507 ,64.07 ,21.87
51526 ,51.15 ,13.94
51547 ,41.23 ,9.05
51565 ,41.23 ,9.05
51584 ,35.64 ,6.77
51602 ,46.76 ,11.65
51622 ,0.00 ,-1.47
51641 ,0.00 ,-1.47
51659 ,0.00 ,-1.17
51679 ,0.00 ,-3.31
51697 ,0.00 ,-3.92
51716 ,0.00 ,-3.61
51734 ,0.00 ,-1.17
51753 ,0.00 ,-5.29
51772 ,0.00 ,-1.78
51790 ,0.00 ,-3.31
51809 ,14.50 ,1.12
51828 ,0.00 ,-0.10
51847 ,0.00 ,-1.17
51865 ,0.00 ,-1.17
51885 ,0.00 ,-1.78
51903 ,0.00 ,-3.00
51921 ,0.00 ,-3.92
51940 ,0.00 ,-2.08
51959 ,0.00 ,-2.08
51978 ,0.00 ,-3.00
51996 ,0.00 ,-3.31
52016 ,0.00 ,-2.39
52034 ,0.00 ,-1.47
52052 ,0.00 ,-2.08
52071 ,0.00 ,-3.31
52090 ,0.00 ,-1.78
52109 ,0.00 ,-0.10
52127 ,0.00 ,-0.10
52147 ,0.00 ,-1.47
52165 ,0.00 ,-2.08
52184 ,0.00 ,-1.47
52202 ,0.00 ,-2.08
52221 ,0.00 ,-3.00
52240 ,0.00 ,-4.22
52258 ,0.00 ,-3.92
52278 ,0.00 ,-3.61
52296 ,0.00 ,-3.61
52315 ,0.00 ,-2.08
52333 ,0.00 ,-1.47
52353 ,0.00 ,-1.78
52371 ,0.00 ,-1.47
52389 ,0.00 ,-0.56
52408 ,0.00 ,-0.86
52427 ,0.00 ,-0.86
52446 ,0.00 ,-0.10
52464 ,9.78 ,0.51
52483 ,6.19 ,0.20
52500 ,12.36 ,0.81
52518 ,0.00 ,-0.10
52537 ,0.00 ,-0.86
52556 ,0.00 ,-0.86
52575 ,0.00 ,-1.47
52593 ,0.00 ,-1.17
52613 ,0.00 ,-0.56
52631 ,0.00 ,-0.56
52649 ,0.00 ,-0.86
52668 ,0.00 ,-1.17
52687 ,0.00 ,-0.86
52706 ,0.00 ,-0.86
52724 ,0.00 ,-0.86
52744 ,0.00 ,-0.56
52762 ,0.00 ,-1.17
52781 ,0.00 ,-0.86
52799 ,0.00 ,-0.56
52818 ,6.19 ,0.20
52836 ,6.19 ,0.20
52853 ,0.00 ,-0.10
52872 ,0.00 ,-0.10
52891 ,0.00 ,-0.10
52910 ,6.19 ,0.20
52927 ,33.57 ,6.00
52946 ,0.00 ,-0.10
52965 ,12.36 ,0.81
52983 ,9.78 ,0.51
53001 ,12.36 ,0.81
53020 ,0.00 ,-0.10
53039 ,0.00 ,-0.10
53057 ,6.19 ,0.20
53075 ,0.00 ,-0.10
53094 ,0.00 ,-0.10
53112 ,0.00 ,-0.10
53131 ,0.00 ,-0.10
53150 ,0.00 ,-0.10
53169 ,0.00 ,-0.10
53187 ,0.00 ,-0.10
53206 ,0.00 ,-0.10
53225 ,12.36 ,0.81
53243 ,0.00 ,-0.10
53262 ,0.00 ,-0.10
53281 ,6.19 ,0.20
53299 ,0.00 ,-0.10
53317 ,0.00 ,-0.10
53336 ,0.00 ,-0.10
53355 ,0.00 ,-0.10
53373 ,6.19 ,0.20
53391 ,6.19 ,0.20
53409 ,0.00 ,-0.56
53428 ,0.00 ,-0.56
53446 ,0.00 ,-0.10
53465 ,6.19 ,0.20
53483 ,6.19 ,0.20
53500 ,0.00 ,-0.10
53519 ,0.00 ,-0.10
53537 ,9.78 ,0.51
53556 ,0.00 ,-0.10
53574 ,0.00 ,-0.10
53593 ,12.36 ,0.81
53612 ,0.00 ,-1.17
53630 ,0.00 ,-2.08
53649 ,12.36 ,0.81
53667 ,14.50 ,1.12
53687 ,0.00 ,-0.10
53705 ,9.78 ,0.51
53723 ,9.78 ,0.51
53741 ,12.36 ,0.81
53760 ,9.78 ,0.51
53777 ,14.50 ,1.12
53795 ,0.00 ,-0.10
53815 ,9.78 ,0.51
53832 ,6.19 ,0.20
53850 ,6.19 ,0.20
53867 ,6.19 ,0.20
53885 ,6.19 ,0.20
53903 ,6.19 ,0.20
53920 ,12.36 ,0.81
53939 ,9.78 ,0.51
53957 ,9.78 ,0.51
53975 ,9.78 ,0.51
53992 ,9.78 ,0.51
54010 ,6.19 ,0.20
54028 ,9.78 ,0.51
54045 ,0.00 ,-0.10
54064 ,0.00 ,-0.10
54083 ,0.00 ,-0.10
54102 ,0.00 ,-0.86
54120 ,0.00 ,-0.10
54138 ,0.00 ,-0.10
54158 ,0.00 ,-0.56
54176 ,0.00 ,-0.10
54195 ,0.00 ,-0.10
54214 ,9.78 ,0.51
54232 ,6.19 ,0.20
54249 ,6.19 ,0.20
54266 ,0.00 ,-0.10
54286 ,6.19 ,0.20
54303 ,6.19 ,0.20
54321 ,6.19 ,0.20
54338 ,9.78 ,0.51
54356 ,0.00 ,-0.10
54375 ,9.78 ,0.51
54392 ,0.00 ,-0.10
54412 ,0.00 ,-0.10
54430 ,0.00 ,-0.10
54449 ,0.00 ,-0.10
54467 ,0.00 ,-0.10
54487 ,0.00 ,-0.10
54505 ,0.00 ,-0.10
54523 ,0.00 ,-0.10
54543 ,6.19 ,0.20
54560 ,0.00 ,-0.10
54579 ,6.19 ,0.20
54596 ,0.00 ,-0.10
54616 ,6.19 ,0.20
54633 ,6.19 ,0.20
54650 ,9.78 ,0.51
54668 ,9.78 ,0.51
54686 ,6.19 ,0.20
54704 ,0.00 ,-0.10
54722 ,9.78 ,0.51
54740 ,9.78 ,0.51
54758 ,0.00 ,-0.10
54776 ,0.00 ,-0.10
54795 ,6.19 ,0.20
54813 ,6.19 ,0.20
54831 ,6.19 ,0.20
54848 ,6.19 ,0.20
54865 ,6.19 ,0.20
54884 ,6.19 ,0.20
54901 ,9.78 ,0.51
54919 ,0.00 ,-0.10
54937 ,9.78 ,0.51
54956 ,6.19 ,0.20
54973 ,9.78 ,0.51
54990 ,9.78 ,0.51
55009 ,12.36 ,0.81
55027 ,9.78 ,0.51
55045 ,6.19 ,0.20
55062 ,12.36 ,0.81
55081 ,9.78 ,0.51
55099 ,12.36 ,0.81
55117 ,9.78 ,0.51
55135 ,12.36 ,0.81
55154 ,12.36 ,0.81
55173 ,6.19 ,0.20
55190 ,6.19 ,0.20
55208 ,6.19 ,0.20
55226 ,6.19 ,0.20
55243 ,9.78 ,0.51
55261 ,9.78 ,0.51
55279 ,9.78 ,0.51
55297 ,9.78 ,0.51
55314 ,9.78 ,0.51
55331 ,9.78 ,0.51
55350 ,6.19 ,0.20
55367 ,0.00 ,-0.56
55386 ,0.00 ,-0.10
55405 ,0.00 ,-0.10
55424 ,9.78 ,0.51
55441 ,6.19 ,0.20
55458 ,9.78 ,0.51
55477 ,6.19 ,0.20
55494 ,6.19 ,0.20
55512 ,6.19 ,0.20
55529 ,6.19 ,0.20
55547 ,6.19 ,0.20
55565 ,0.00 ,-0.10
55583 ,6.19 ,0.20
55601 ,6.19 ,0.20
55619 ,0.00 ,-0.56
55638 ,0.00 ,-0.10
55656 ,0.00 ,-0.56
55675 ,6.19 ,0.20
55693 ,0.00 ,-0.10
55711 ,0.00 ,-0.56
55730 ,0.00 ,-0.10
55749 ,6.19 ,0.20
55767 ,6.19 ,0.20
55784 ,6.19 ,0.20
55801 ,6.19 ,0.20
55820 ,6.19 ,0.20
55837 ,0.00 ,-0.10
55856 ,6.19 ,0.20
55874 ,0.00 ,-0.10
55892 ,0.00 ,-0.10
55911 ,0.00 ,-0.56
55929 ,6.19 ,0.20
55948 ,0.00 ,-0.56
55966 ,9.78 ,0.51
55984 ,6.19 ,0.20
56001 ,6.19 ,0.20
56019 ,6.19 ,0.20
56037 ,9.78 ,0.51
56054 ,6.19 ,0.20
56073 ,6.19 ,0.20
56090 ,6.19 ,0.20
56108 ,6.19 ,0.20
56125 ,6.19 ,0.20
56143 ,9.78 ,0.51
56161 ,0.00 ,-0.10
56179 ,6.19 ,0.20
56197 ,6.19 ,0.20
56215 ,6.19 ,0.20
56232 ,6.19 ,0.20
56250 ,6.19 ,0.20
56267 ,6.19 ,0.20
56286 ,6.19 ,0.20
56303 ,6.19 ,0.20
