499 ,0.00 ,-0.56
504 ,0.00 ,-0.10
509 ,0.00 ,-0.56
514 ,0.00 ,-0.10
519 ,0.00 ,-0.56
524 ,0.00 ,-0.56
532 ,0.00 ,-0.86
548 ,6.19 ,0.20
565 ,6.19 ,0.20
580 ,6.19 ,0.20
595 ,9.78 ,0.51
611 ,6.19 ,0.20
627 ,9.78 ,0.51
643 ,6.19 ,0.20
658 ,6.19 ,0.20
673 ,6.19 ,0.20
689 ,9.78 ,0.51
705 ,12.36 ,0.81
721 ,9.78 ,0.51
737 ,6.19 ,0.20
752 ,9.78 ,0.51
769 ,9.78 ,0.51
784 ,9.78 ,0.51
799 ,9.78 ,0.51
815 ,9.78 ,0.51
831 ,9.78 ,0.51
846 ,9.78 ,0.51
862 ,6.19 ,0.20
877 ,0.00 ,-0.10
894 ,6.19 ,0.20
910 ,6.19 ,0.20
925 ,9.78 ,0.51
941 ,0.00 ,-0.10
957 ,0.00 ,-0.10
974 ,0.00 ,-0.10
991 ,0.00 ,-0.10
1007 ,6.19 ,0.20
1024 ,0.00 ,-0.10
1042 ,0.00 ,-0.10
1059 ,0.00 ,-0.10
1077 ,0.00 ,-0.10
1095 ,0.00 ,-0.10
1113 ,6.19 ,0.20
1129 ,0.00 ,-0.10
1146 ,12.36 ,0.81
1165 ,12.36 ,0.81
1182 ,12.36 ,0.81
1200 ,9.78 ,0.51
1216 ,12.36 ,0.81
1234 ,9.78 ,0.51
1251 ,9.78 ,0.51
1267 ,9.78 ,0.51
1284 ,14.50 ,1.12
1302 ,6.19 ,0.20
1318 ,9.78 ,0.51
1335 ,12.36 ,0.81
1352 ,6.19 ,0.20
1370 ,6.19 ,0.20
1386 ,0.00 ,-0.10
1403 ,6.19 ,0.20
1420 ,6.19 ,0.20
1437 ,6.19 ,0.20
1454 ,6.19 ,0.20
1470 ,9.78 ,0.51
1486 ,9.78 ,0.51
1504 ,6.19 ,0.20
1520 ,6.19 ,0.20
1537 ,6.19 ,0.20
1553 ,12.36 ,0.81
1571 ,9.78 ,0.51
1588 ,6.19 ,0.20
1604 ,12.36 ,0.81
1622 ,9.78 ,0.51
1639 ,9.78 ,0.51
1655 ,6.19 ,0.20
1672 ,9.78 ,0.51
1688 ,12.36 ,0.81
1707 ,12.36 ,0.81
1724 ,12.36 ,0.81
1741 ,9.78 ,0.51
1759 ,12.36 ,0.81
1776 ,6.19 ,0.20
1793 ,9.78 ,0.51
1809 ,6.19 ,0.20
1826 ,9.78 ,0.51
1843 ,9.78 ,0.51
1859 ,9.78 ,0.51
1875 ,9.78 ,0.51
1893 ,12.36 ,0.81
1910 ,12.36 ,0.81
1928 ,12.36 ,0.81
1945 ,12.36 ,0.81
1964 ,9.78 ,0.51
1980 ,12.36 ,0.81
1997 ,9.78 ,0.51
2014 ,9.78 ,0.51
2031 ,14.50 ,1.12
2049 ,12.36 ,0.81
2066 ,9.78 ,0.51
2082 ,9.78 ,0.51
2100 ,6.19 ,0.20
2116 ,9.78 ,0.51
2132 ,6.19 ,0.20
2149 ,6.19 ,0.20
2166 ,6.19 ,0.20
2183 ,6.19 ,0.20
2199 ,6.19 ,0.20
2215 ,6.19 ,0.20
2233 ,9.78 ,0.51
2249 ,12.36 ,0.81
2267 ,14.50 ,1.12
2284 ,12.36 ,0.81
2302 ,18.02 ,1.73
2320 ,16.35 ,1.42
2337 ,16.35 ,1.42
2355 ,12.36 ,0.81
2373 ,12.36 ,0.81
2391 ,14.50 ,1.12
2408 ,9.78 ,0.51
2425 ,12.36 ,0.81
2443 ,9.78 ,0.51
2459 ,12.36 ,0.81
2477 ,14.50 ,1.12
2495 ,14.50 ,1.12
2512 ,14.50 ,1.12
2530 ,12.36 ,0.81
2547 ,0.00 ,-0.10
2566 ,12.36 ,0.81
2583 ,6.19 ,0.20
2599 ,6.19 ,0.20
2616 ,9.78 ,0.51
2633 ,12.36 ,0.81
2651 ,9.78 ,0.51
2667 ,9.78 ,0.51
2683 ,6.19 ,0.20
2701 ,0.00 ,-0.56
2718 ,9.78 ,0.51
2735 ,14.50 ,1.12
2752 ,6.19 ,0.20
2769 ,6.19 ,0.20
2786 ,14.50 ,1.12
2803 ,14.50 ,1.12
2821 ,12.36 ,0.81
2839 ,12.36 ,0.81
2856 ,9.78 ,0.51
2873 ,9.78 ,0.51
2890 ,12.36 ,0.81
2908 ,12.36 ,0.81
2925 ,9.78 ,0.51
2941 ,6.19 ,0.20
2959 ,12.36 ,0.81
2976 ,9.78 ,0.51
2993 ,12.36 ,0.81
3010 ,9.78 ,0.51
3027 ,9.78 ,0.51
3044 ,12.36 ,0.81
3061 ,12.36 ,0.81
3079 ,12.36 ,0.81
3097 ,14.50 ,1.12
3115 ,12.36 ,0.81
3132 ,12.36 ,0.81
3149 ,12.36 ,0.81
3168 ,12.36 ,0.81
3185 ,12.36 ,0.81
3203 ,14.50 ,1.12
3220 ,12.36 ,0.81
3238 ,9.78 ,0.51
3255 ,14.50 ,1.12
3272 ,16.35 ,1.42
3291 ,16.35 ,1.42
3308 ,16.35 ,1.42
3325 ,12.36 ,0.81
3343 ,14.50 ,1.12
3361 ,16.35 ,1.42
3379 ,14.50 ,1.12
3396 ,12.36 ,0.81
3414 ,12.36 ,0.81
3432 ,9.78 ,0.51
3448 ,9.78 ,0.51
3465 ,16.35 ,1.42
3482 ,14.50 ,1.12
3501 ,14.50 ,1.12
3518 ,14.50 ,1.12
3535 ,12.36 ,0.81
3553 ,12.36 ,0.81
3571 ,14.50 ,1.12
3589 ,14.50 ,1.12
3606 ,14.50 ,1.12
3624 ,12.36 ,0.81
3642 ,9.78 ,0.51
3658 ,9.78 ,0.51
3675 ,9.78 ,0.51
3692 ,12.36 ,0.81
3709 ,6.19 ,0.20
3726 ,0.00 ,-0.10
3743 ,9.78 ,0.51
3761 ,16.35 ,1.42
3778 ,12.36 ,0.81
3795 ,9.78 ,0.51
3812 ,12.36 ,0.81
3830 ,12.36 ,0.81
3848 ,16.35 ,1.42
3865 ,9.78 ,0.51
3881 ,0.00 ,-0.10
3900 ,6.19 ,0.20
3916 ,12.36 ,0.81
3934 ,0.00 ,-3.61
3951 ,12.36 ,0.81
3970 ,0.00 ,-0.56
3987 ,14.50 ,1.12
4004 ,14.50 ,1.12
4023 ,16.35 ,1.42
4040 ,16.35 ,1.42
4058 ,12.36 ,0.81
4075 ,16.35 ,1.42
4093 ,12.36 ,0.81
4111 ,14.50 ,1.12
4128 ,9.78 ,0.51
4145 ,14.50 ,1.12
4163 ,9.78 ,0.51
4179 ,12.36 ,0.81
4197 ,9.78 ,0.51
4213 ,12.36 ,0.81
4232 ,9.78 ,0.51
4248 ,16.35 ,1.42
4265 ,9.78 ,0.51
4282 ,12.36 ,0.81
4300 ,12.36 ,0.81
4318 ,16.35 ,1.42
4335 ,14.50 ,1.12
4354 ,14.50 ,1.12
4371 ,14.50 ,1.12
4388 ,14.50 ,1.12
4406 ,14.50 ,1.12
4424 ,12.36 ,0.81
4442 ,6.19 ,0.20
4458 ,16.35 ,1.42
4475 ,9.78 ,0.51
4493 ,9.78 ,0.51
4509 ,14.50 ,1.12
4527 ,14.50 ,1.12
4544 ,12.36 ,0.81
4562 ,12.36 ,0.81
4580 ,12.36 ,0.81
4597 ,16.35 ,1.42
4615 ,14.50 ,1.12
4633 ,14.50 ,1.12
4651 ,14.50 ,1.12
4668 ,9.78 ,0.51
4684 ,6.19 ,0.20
4702 ,9.78 ,0.51
4718 ,12.36 ,0.81
4736 ,12.36 ,0.81
4754 ,9.78 ,0.51
4770 ,9.78 ,0.51
4787 ,9.78 ,0.51
4803 ,9.78 ,0.51
4820 ,14.50 ,1.12
4838 ,9.78 ,0.51
4854 ,12.36 ,0.81
4872 ,12.36 ,0.81
4890 ,12.36 ,0.81
4908 ,6.19 ,0.20
4924 ,6.19 ,0.20
4940 ,12.36 ,0.81
4959 ,6.19 ,0.20
4975 ,6.19 ,0.20
4992 ,9.78 ,0.51
5008 ,6.19 ,0.20
5025 ,20.26 ,2.19
5043 ,9.78 ,0.51
5059 ,18.02 ,1.73
5076 ,12.36 ,0.81
5095 ,14.50 ,1.12
5112 ,14.50 ,1.12
5130 ,14.50 ,1.12
5147 ,0.00 ,-0.10
5166 ,12.36 ,0.81
5183 ,14.50 ,1.12
5200 ,12.36 ,0.81
5219 ,0.00 ,-1.47
5236 ,14.50 ,1.12
5254 ,6.19 ,0.20
5270 ,9.78 ,0.51
5287 ,6.19 ,0.20
5304 ,6.19 ,0.20
5320 ,9.78 ,0.51
5337 ,9.78 ,0.51
5354 ,12.36 ,0.81
5371 ,16.35 ,1.42
5389 ,9.78 ,0.51
5405 ,6.19 ,0.20
5423 ,6.19 ,0.20
5439 ,0.00 ,-0.10
5456 ,9.78 ,0.51
5473 ,6.19 ,0.20
5490 ,9.78 ,0.51
5507 ,9.78 ,0.51
5523 ,14.50 ,1.12
5540 ,9.78 ,0.51
5558 ,14.50 ,1.12
5575 ,12.36 ,0.81
5593 ,12.36 ,0.81
5610 ,9.78 ,0.51
5627 ,9.78 ,0.51
5644 ,9.78 ,0.51
5660 ,9.78 ,0.51
5677 ,14.50 ,1.12
5695 ,12.36 ,0.81
5712 ,12.36 ,0.81
5730 ,16.35 ,1.42
5747 ,14.50 ,1.12
5766 ,18.02 ,1.73
5783 ,14.50 ,1.12
5800 ,14.50 ,1.12
5819 ,9.78 ,0.51
5835 ,6.19 ,0.20
5852 ,9.78 ,0.51
5868 ,9.78 ,0.51
5885 ,9.78 ,0.51
5902 ,12.36 ,0.81
5919 ,12.36 ,0.81
5937 ,14.50 ,1.12
5955 ,9.78 ,0.51
5971 ,14.50 ,1.12
5989 ,12.36 ,0.81
6006 ,12.36 ,0.81
6025 ,14.50 ,1.12
6042 ,9.78 ,0.51
6059 ,12.36 ,0.81
6076 ,12.36 ,0.81
6094 ,9.78 ,0.51
6111 ,6.19 ,0.20
6127 ,12.36 ,0.81
6145 ,6.19 ,0.20
6162 ,9.78 ,0.51
6178 ,12.36 ,0.81
6196 ,12.36 ,0.81
6213 ,14.50 ,1.12
6232 ,12.36 ,0.81
6249 ,12.36 ,0.81
6266 ,14.50 ,1.12
6285 ,9.78 ,0.51
6301 ,14.50 ,1.12
6319 ,12.36 ,0.81
6336 ,12.36 ,0.81
6354 ,9.78 ,0.51
6371 ,9.78 ,0.51
6387 ,16.35 ,1.42
6405 ,9.78 ,0.51
6422 ,12.36 ,0.81
6439 ,9.78 ,0.51
6456 ,12.36 ,0.81
6473 ,6.19 ,0.20
6491 ,9.78 ,0.51
6507 ,9.78 ,0.51
6523 ,6.19 ,0.20
6540 ,6.19 ,0.20
6557 ,6.19 ,0.20
6574 ,9.78 ,0.51
6590 ,6.19 ,0.20
6606 ,9.78 ,0.51
6624 ,6.19 ,0.20
6640 ,12.36 ,0.81
6658 ,12.36 ,0.81
6675 ,9.78 ,0.51
6692 ,14.50 ,1.12
6710 ,12.36 ,0.81
6727 ,12.36 ,0.81
6745 ,9.78 ,0.51
6762 ,6.19 ,0.20
6778 ,0.00 ,-2.39
6796 ,6.19 ,0.20
6812 ,9.78 ,0.51
6830 ,6.19 ,0.20
6846 ,12.36 ,0.81
6863 ,9.78 ,0.51
6880 ,6.19 ,0.20
6897 ,9.78 ,0.51
6914 ,9.78 ,0.51
6930 ,6.19 ,0.20
6946 ,9.78 ,0.51
6964 ,14.50 ,1.12
6981 ,12.36 ,0.81
6999 ,12.36 ,0.81
7017 ,9.78 ,0.51
7033 ,9.78 ,0.51
7050 ,12.36 ,0.81
7067 ,12.36 ,0.81
7086 ,12.36 ,0.81
7103 ,0.00 ,-0.56
7120 ,9.78 ,0.51
7137 ,9.78 ,0.51
7154 ,6.19 ,0.20
7171 ,12.36 ,0.81
7188 ,12.36 ,0.81
7205 ,14.50 ,1.12
7224 ,9.78 ,0.51
7240 ,6.19 ,0.20
7257 ,12.36 ,0.81
7274 ,9.78 ,0.51
7291 ,9.78 ,0.51
7308 ,6.19 ,0.20
7324 ,0.00 ,-0.10
7342 ,12.36 ,0.81
7360 ,12.36 ,0.81
7377 ,12.36 ,0.81
7395 ,12.36 ,0.81
7412 ,9.78 ,0.51
7430 ,9.78 ,0.51
7446 ,6.19 ,0.20
7462 ,6.19 ,0.20
7479 ,12.36 ,0.81
7497 ,6.19 ,0.20
7514 ,9.78 ,0.51
7530 ,9.78 ,0.51
7546 ,0.00 ,-0.86
7565 ,14.50 ,1.12
7582 ,9.78 ,0.51
7599 ,6.19 ,0.20
7616 ,0.00 ,-2.39
7633 ,0.00 ,-1.78
7651 ,12.36 ,0.81
7668 ,18.02 ,1.73
7687 ,14.50 ,1.12
7704 ,12.36 ,0.81
7721 ,9.78 ,0.51
7738 ,9.78 ,0.51
7755 ,12.36 ,0.81
7773 ,14.50 ,1.12
7790 ,6.19 ,0.20
7806 ,12.36 ,0.81
7825 ,6.19 ,0.20
7841 ,12.36 ,0.81
7859 ,14.50 ,1.12
7876 ,12.36 ,0.81
7895 ,12.36 ,0.81
7912 ,16.35 ,1.42
7929 ,9.78 ,0.51
7946 ,9.78 ,0.51
7963 ,12.36 ,0.81
7981 ,14.50 ,1.12
7998 ,12.36 ,0.81
8016 ,12.36 ,0.81
8034 ,14.50 ,1.12
8051 ,9.78 ,0.51
8068 ,12.36 ,0.81
8086 ,12.36 ,0.81
8103 ,12.36 ,0.81
8121 ,14.50 ,1.12
8138 ,12.36 ,0.81
8157 ,9.78 ,0.51
8173 ,14.50 ,1.12
8190 ,14.50 ,1.12
8208 ,14.50 ,1.12
8226 ,12.36 ,0.81
8244 ,12.36 ,0.81
8261 ,12.36 ,0.81
8279 ,14.50 ,1.12
8297 ,14.50 ,1.12
8314 ,14.50 ,1.12
8332 ,14.50 ,1.12
8350 ,9.78 ,0.51
8367 ,9.78 ,0.51
8383 ,9.78 ,0.51
8399 ,9.78 ,0.51
8417 ,6.19 ,0.20
8433 ,9.78 ,0.51
8450 ,9.78 ,0.51
8466 ,14.50 ,1.12
8484 ,14.50 ,1.12
8502 ,12.36 ,0.81
8519 ,9.78 ,0.51
8536 ,12.36 ,0.81
8554 ,16.35 ,1.42
8571 ,16.35 ,1.42
8589 ,12.36 ,0.81
8606 ,12.36 ,0.81
8625 ,18.02 ,1.73
8642 ,6.19 ,0.20
8658 ,6.19 ,0.20
8675 ,0.00 ,-0.56
8693 ,16.35 ,1.42
8711 ,26.40 ,3.71
8728 ,31.81 ,5.39
8747 ,26.40 ,3.71
8764 ,0.00 ,-1.47
8781 ,0.00 ,-0.10
8799 ,18.02 ,1.73
8817 ,12.36 ,0.81
8835 ,6.19 ,0.20
8851 ,6.19 ,0.20
8867 ,9.78 ,0.51
8885 ,6.19 ,0.20
8901 ,26.40 ,3.71
8919 ,6.19 ,0.20
8935 ,9.78 ,0.51
8952 ,12.36 ,0.81
8970 ,9.78 ,0.51
8986 ,9.78 ,0.51
9003 ,12.36 ,0.81
9021 ,16.35 ,1.42
9038 ,12.36 ,0.81
9056 ,9.78 ,0.51
9072 ,9.78 ,0.51
9090 ,12.36 ,0.81
9107 ,14.50 ,1.12
9124 ,6.19 ,0.20
9141 ,14.50 ,1.12
9159 ,12.36 ,0.81
9177 ,0.00 ,-0.56
9194 ,14.50 ,1.12
9212 ,14.50 ,1.12
9230 ,12.36 ,0.81
9247 ,9.78 ,0.51
9264 ,9.78 ,0.51
9281 ,12.36 ,0.81
9298 ,12.36 ,0.81
9316 ,12.36 ,0.81
9333 ,12.36 ,0.81
9352 ,9.78 ,0.51
9368 ,9.78 ,0.51
9384 ,14.50 ,1.12
9402 ,12.36 ,0.81
9420 ,12.36 ,0.81
9438 ,9.78 ,0.51
9454 ,12.36 ,0.81
9472 ,16.35 ,1.42
9490 ,9.78 ,0.51
9506 ,9.78 ,0.51
9523 ,9.78 ,0.51
9539 ,14.50 ,1.12
9558 ,9.78 ,0.51
9574 ,9.78 ,0.51
9590 ,6.19 ,0.20
9607 ,9.78 ,0.51
9624 ,12.36 ,0.81
9641 ,9.78 ,0.51
9658 ,9.78 ,0.51
9674 ,9.78 ,0.51
9692 ,9.78 ,0.51
9708 ,14.50 ,1.12
9725 ,12.36 ,0.81
9743 ,14.50 ,1.12
9761 ,14.50 ,1.12
9779 ,12.36 ,0.81
9796 ,9.78 ,0.51
9814 ,14.50 ,1.12
9831 ,12.36 ,0.81
9848 ,9.78 ,0.51
9865 ,14.50 ,1.12
9883 ,12.36 ,0.81
9901 ,14.50 ,1.12
9918 ,0.00 ,-0.10
9935 ,24.14 ,3.10
9954 ,20.26 ,2.19
9971 ,9.78 ,0.51
9988 ,18.02 ,1.73
10005 ,14.50 ,1.12
10024 ,16.35 ,1.42
10043 ,14.50 ,1.12
10061 ,14.50 ,1.12
10081 ,9.78 ,0.51
10098 ,0.00 ,-0.10
10117 ,0.00 ,-0.10
10135 ,6.19 ,0.20
10153 ,6.19 ,0.20
10171 ,0.00 ,-0.10
10189 ,6.19 ,0.20
10207 ,9.78 ,0.51
10225 ,6.19 ,0.20
10243 ,6.19 ,0.20
10260 ,6.19 ,0.20
10278 ,9.78 ,0.51
10296 ,14.50 ,1.12
10314 ,14.50 ,1.12
10333 ,16.35 ,1.42
10352 ,20.26 ,2.19
10371 ,12.36 ,0.81
10389 ,12.36 ,0.81
10407 ,9.78 ,0.51
10426 ,9.78 ,0.51
10443 ,9.78 ,0.51
10461 ,14.50 ,1.12
10480 ,14.50 ,1.12
10499 ,18.02 ,1.73
10517 ,21.63 ,2.49
10535 ,9.78 ,0.51
10554 ,9.78 ,0.51
10571 ,12.36 ,0.81
10590 ,14.50 ,1.12
10608 ,14.50 ,1.12
10628 ,14.50 ,1.12
10646 ,12.36 ,0.81
10664 ,12.36 ,0.81
10684 ,9.78 ,0.51
10701 ,12.36 ,0.81
10720 ,6.19 ,0.20
10737 ,6.19 ,0.20
10756 ,12.36 ,0.81
10774 ,9.78 ,0.51
10791 ,12.36 ,0.81
10811 ,9.78 ,0.51
10828 ,9.78 ,0.51
10846 ,0.00 ,-0.56
10864 ,6.19 ,0.20
10883 ,9.78 ,0.51
10900 ,12.36 ,0.81
10918 ,16.35 ,1.42
10937 ,12.36 ,0.81
10956 ,12.36 ,0.81
10975 ,14.50 ,1.12
10993 ,14.50 ,1.12
11013 ,12.36 ,0.81
11031 ,9.78 ,0.51
11048 ,6.19 ,0.20
11066 ,9.78 ,0.51
11084 ,9.78 ,0.51
11102 ,14.50 ,1.12
11120 ,12.36 ,0.81
11139 ,16.35 ,1.42
11158 ,14.50 ,1.12
11176 ,14.50 ,1.12
11195 ,14.50 ,1.12
11214 ,12.36 ,0.81
11233 ,9.78 ,0.51
11250 ,16.35 ,1.42
11269 ,18.02 ,1.73
11288 ,14.50 ,1.12
11307 ,0.00 ,-0.10
11325 ,12.36 ,0.81
11344 ,12.36 ,0.81
11363 ,12.36 ,0.81
11381 ,9.78 ,0.51
11399 ,14.50 ,1.12
11418 ,16.35 ,1.42
11437 ,9.78 ,0.51
11454 ,12.36 ,0.81
11472 ,12.36 ,0.81
11492 ,12.36 ,0.81
11510 ,12.36 ,0.81
11529 ,14.50 ,1.12
11548 ,9.78 ,0.51
11566 ,6.19 ,0.20
11583 ,0.00 ,-0.10
11601 ,0.00 ,-0.56
11621 ,12.36 ,0.81
11639 ,14.50 ,1.12
11658 ,14.50 ,1.12
11677 ,14.50 ,1.12
11696 ,14.50 ,1.12
11714 ,12.36 ,0.81
11732 ,12.36 ,0.81
11752 ,9.78 ,0.51
11769 ,6.19 ,0.20
11787 ,12.36 ,0.81
11805 ,9.78 ,0.51
11824 ,12.36 ,0.81
11842 ,14.50 ,1.12
11860 ,12.36 ,0.81
11880 ,9.78 ,0.51
11897 ,9.78 ,0.51
11915 ,12.36 ,0.81
11933 ,12.36 ,0.81
11953 ,12.36 ,0.81
11971 ,9.78 ,0.51
11988 ,12.36 ,0.81
12008 ,9.78 ,0.51
12025 ,9.78 ,0.51
12043 ,0.00 ,-0.10
12061 ,9.78 ,0.51
12080 ,6.19 ,0.20
12097 ,9.78 ,0.51
12114 ,6.19 ,0.20
12132 ,12.36 ,0.81
12151 ,14.50 ,1.12
12170 ,14.50 ,1.12
12188 ,12.36 ,0.81
12208 ,12.36 ,0.81
12226 ,14.50 ,1.12
12244 ,14.50 ,1.12
12263 ,14.50 ,1.12
12282 ,14.50 ,1.12
12301 ,14.50 ,1.12
12319 ,9.78 ,0.51
12337 ,9.78 ,0.51
12355 ,9.78 ,0.51
12372 ,9.78 ,0.51
12390 ,12.36 ,0.81
12409 ,14.50 ,1.12
12428 ,12.36 ,0.81
12446 ,14.50 ,1.12
12465 ,21.63 ,2.49
12484 ,21.63 ,2.49
12503 ,22.92 ,2.80
12521 ,14.50 ,1.12
12540 ,9.78 ,0.51
12558 ,16.35 ,1.42
12576 ,9.78 ,0.51
12594 ,9.78 ,0.51
12612 ,9.78 ,0.51
12630 ,6.19 ,0.20
12647 ,6.19 ,0.20
12664 ,12.36 ,0.81
12684 ,20.26 ,2.19
12702 ,12.36 ,0.81
12721 ,12.36 ,0.81
12740 ,0.00 ,-0.10
12759 ,0.00 ,-0.10
12777 ,0.00 ,-0.10
12795 ,6.19 ,0.20
12814 ,9.78 ,0.51
12831 ,18.02 ,1.73
12850 ,14.50 ,1.12
12868 ,12.36 ,0.81
12888 ,9.78 ,0.51
12905 ,14.50 ,1.12
12923 ,14.50 ,1.12
12943 ,9.78 ,0.51
12960 ,9.78 ,0.51
12978 ,12.36 ,0.81
12996 ,9.78 ,0.51
13015 ,6.19 ,0.20
13032 ,12.36 ,0.81
13050 ,12.36 ,0.81
13069 ,9.78 ,0.51
13087 ,12.36 ,0.81
13106 ,9.78 ,0.51
13123 ,6.19 ,0.20
13142 ,9.78 ,0.51
13159 ,12.36 ,0.81
13177 ,9.78 ,0.51
13195 ,9.78 ,0.51
13213 ,12.36 ,0.81
13232 ,12.36 ,0.81
13250 ,6.19 ,0.20
13267 ,9.78 ,0.51
13286 ,9.78 ,0.51
13303 ,12.36 ,0.81
13322 ,6.19 ,0.20
13340 ,9.78 ,0.51
13358 ,12.36 ,0.81
13376 ,12.36 ,0.81
13394 ,12.36 ,0.81
13414 ,9.78 ,0.51
13431 ,14.50 ,1.12
13450 ,9.78 ,0.51
13467 ,12.36 ,0.81
13487 ,12.36 ,0.81
13505 ,6.19 ,0.20
13522 ,9.78 ,0.51
13541 ,12.36 ,0.81
13559 ,9.78 ,0.51
13577 ,12.36 ,0.81
13595 ,14.50 ,1.12
13615 ,0.00 ,-0.10
13633 ,12.36 ,0.81
13651 ,6.19 ,0.20
13669 ,9.78 ,0.51
13687 ,0.00 ,-0.10
13706 ,0.00 ,-0.10
13724 ,6.19 ,0.20
13743 ,12.36 ,0.81
13761 ,14.50 ,1.12
13779 ,9.78 ,0.51
13797 ,9.78 ,0.51
13815 ,9.78 ,0.51
13833 ,9.78 ,0.51
13850 ,9.78 ,0.51
13868 ,9.78 ,0.51
13886 ,14.50 ,1.12
13904 ,14.50 ,1.12
13923 ,12.36 ,0.81
13942 ,12.36 ,0.81
13961 ,9.78 ,0.51
13978 ,12.36 ,0.81
13997 ,14.50 ,1.12
14016 ,14.50 ,1.12
14034 ,12.36 ,0.81
14053 ,12.36 ,0.81
14072 ,18.02 ,1.73
14091 ,16.35 ,1.42
14109 ,12.36 ,0.81
14128 ,12.36 ,0.81
14147 ,14.50 ,1.12
14166 ,0.00 ,-0.56
14184 ,6.19 ,0.20
14201 ,6.19 ,0.20
14220 ,9.78 ,0.51
14237 ,14.50 ,1.12
14256 ,14.50 ,1.12
14275 ,14.50 ,1.12
14294 ,12.36 ,0.81
14312 ,14.50 ,1.12
14330 ,16.35 ,1.42
14350 ,16.35 ,1.42
14368 ,16.35 ,1.42
14387 ,16.35 ,1.42
14406 ,14.50 ,1.12
14425 ,9.78 ,0.51
14442 ,6.19 ,0.20
14459 ,12.36 ,0.81
14479 ,16.35 ,1.42
14497 ,18.02 ,1.73
14516 ,16.35 ,1.42
14534 ,16.35 ,1.42
14554 ,14.50 ,1.12
14572 ,14.50 ,1.12
14590 ,6.19 ,0.20
14609 ,14.50 ,1.12
14627 ,12.36 ,0.81
14646 ,14.50 ,1.12
14664 ,16.35 ,1.42
14684 ,16.35 ,1.42
14702 ,12.36 ,0.81
14721 ,12.36 ,0.81
14740 ,9.78 ,0.51
14757 ,16.35 ,1.42
14776 ,16.35 ,1.42
14794 ,14.50 ,1.12
14814 ,20.26 ,2.19
14832 ,16.35 ,1.42
14851 ,12.36 ,0.81
14870 ,14.50 ,1.12
14888 ,14.50 ,1.12
14907 ,16.35 ,1.42
14925 ,16.35 ,1.42
14945 ,14.50 ,1.12
14963 ,12.36 ,0.81
14982 ,16.35 ,1.42
15000 ,16.35 ,1.42
15020 ,16.35 ,1.42
15038 ,12.36 ,0.81
15056 ,18.02 ,1.73
15076 ,18.02 ,1.73
15094 ,12.36 ,0.81
15113 ,14.50 ,1.12
15131 ,16.35 ,1.42
15151 ,9.78 ,0.51
15168 ,14.50 ,1.12
15186 ,14.50 ,1.12
15206 ,16.35 ,1.42
15224 ,18.02 ,1.73
15243 ,16.35 ,1.42
15261 ,16.35 ,1.42
15281 ,12.36 ,0.81
15299 ,14.50 ,1.12
15318 ,12.36 ,0.81
15337 ,14.50 ,1.12
15355 ,14.50 ,1.12
15374 ,9.78 ,0.51
15391 ,9.78 ,0.51
15410 ,16.35 ,1.42
15428 ,12.36 ,0.81
15447 ,9.78 ,0.51
15464 ,9.78 ,0.51
15482 ,0.00 ,-0.10
15501 ,6.19 ,0.20
15518 ,0.00 ,-0.10
15538 ,0.00 ,-0.56
15556 ,0.00 ,-0.10
15575 ,12.36 ,0.81
15593 ,12.36 ,0.81
15612 ,0.00 ,-0.10
15631 ,14.50 ,1.12
15649 ,12.36 ,0.81
15669 ,12.36 ,0.81
15687 ,14.50 ,1.12
15706 ,12.36 ,0.81
15724 ,9.78 ,0.51
15742 ,14.50 ,1.12
15761 ,9.78 ,0.51
15778 ,6.19 ,0.20
15796 ,9.78 ,0.51
15814 ,9.78 ,0.51
15832 ,12.36 ,0.81
15850 ,12.36 ,0.81
15869 ,20.26 ,2.19
15888 ,9.78 ,0.51
15905 ,14.50 ,1.12
15924 ,6.19 ,0.20
15942 ,6.19 ,0.20
15960 ,6.19 ,0.20
15977 ,0.00 ,-0.86
15995 ,6.19 ,0.20
16014 ,6.19 ,0.20
16031 ,9.78 ,0.51
16049 ,0.00 ,-0.56
16068 ,0.00 ,-0.10
16087 ,0.00 ,-0.10
16105 ,12.36 ,0.81
16123 ,9.78 ,0.51
16142 ,9.78 ,0.51
16159 ,9.78 ,0.51
16177 ,9.78 ,0.51
16194 ,6.19 ,0.20
16212 ,0.00 ,-0.10
16231 ,0.00 ,-1.78
16249 ,0.00 ,-0.56
16269 ,9.78 ,0.51
16286 ,6.19 ,0.20
16304 ,9.78 ,0.51
16321 ,0.00 ,-0.56
16340 ,0.00 ,-0.86
16359 ,0.00 ,-0.56
16377 ,0.00 ,-0.10
16396 ,9.78 ,0.51
16414 ,6.19 ,0.20
16432 ,0.00 ,-0.10
16450 ,6.19 ,0.20
16468 ,6.19 ,0.20
16486 ,9.78 ,0.51
16503 ,0.00 ,-0.10
16522 ,0.00 ,-1.17
16541 ,0.00 ,-0.56
16560 ,0.00 ,-0.56
16578 ,6.19 ,0.20
16595 ,6.19 ,0.20
16614 ,0.00 ,-0.10
16632 ,0.00 ,-0.86
16651 ,6.19 ,0.20
16669 ,0.00 ,-0.10
16688 ,0.00 ,-0.56
16706 ,0.00 ,-0.10
16724 ,0.00 ,-0.56
16744 ,0.00 ,-0.86
16762 ,0.00 ,-0.86
16781 ,0.00 ,-0.10
16800 ,0.00 ,-0.10
16819 ,6.19 ,0.20
16836 ,0.00 ,-0.10
16855 ,0.00 ,-0.10
16874 ,0.00 ,-0.10
16892 ,0.00 ,-0.10
16911 ,0.00 ,-0.10
16929 ,6.19 ,0.20
16948 ,9.78 ,0.51
16965 ,6.19 ,0.20
16983 ,6.19 ,0.20
17001 ,6.19 ,0.20
17018 ,6.19 ,0.20
17036 ,6.19 ,0.20
17053 ,6.19 ,0.20
17072 ,9.78 ,0.51
17089 ,6.19 ,0.20
17106 ,6.19 ,0.20
17124 ,0.00 ,-0.10
17143 ,6.19 ,0.20
17161 ,0.00 ,-0.10
17179 ,0.00 ,-0.10
17198 ,9.78 ,0.51
17216 ,12.36 ,0.81
17234 ,9.78 ,0.51
17252 ,9.78 ,0.51
17270 ,9.78 ,0.51
17288 ,0.00 ,-0.10
17306 ,0.00 ,-0.56
17325 ,0.00 ,-0.56
17344 ,0.00 ,-0.10
17362 ,12.36 ,0.81
17381 ,0.00 ,-0.10
17400 ,16.35 ,1.42
17419 ,6.19 ,0.20
17436 ,0.00 ,-0.86
17455 ,0.00 ,-0.56
17474 ,0.00 ,-0.10
17492 ,0.00 ,-0.10
17511 ,0.00 ,-0.10
17529 ,0.00 ,-0.10
17549 ,6.19 ,0.20
17566 ,0.00 ,-0.10
17585 ,6.19 ,0.20
17603 ,6.19 ,0.20
17620 ,9.78 ,0.51
17638 ,6.19 ,0.20
17655 ,6.19 ,0.20
17674 ,0.00 ,-0.10
17692 ,0.00 ,-0.10
17711 ,6.19 ,0.20
17728 ,6.19 ,0.20
17746 ,0.00 ,-0.56
17765 ,0.00 ,-0.10
17783 ,0.00 ,-0.10
17803 ,0.00 ,-0.10
17821 ,0.00 ,-0.10
17840 ,0.00 ,-0.56
17858 ,0.00 ,-0.10
17878 ,0.00 ,-0.56
17896 ,0.00 ,-0.10
17914 ,0.00 ,-0.56
17934 ,0.00 ,-0.56
17952 ,0.00 ,-0.56
17971 ,0.00 ,-0.56
17989 ,0.00 ,-0.10
18009 ,6.19 ,0.20
18026 ,0.00 ,-0.10
18044 ,6.19 ,0.20
18062 ,6.19 ,0.20
18080 ,6.19 ,0.20
18098 ,6.19 ,0.20
18115 ,0.00 ,-0.10
18135 ,0.00 ,-0.56
18153 ,0.00 ,-0.10
18171 ,0.00 ,-0.56
18190 ,0.00 ,-0.56
18209 ,0.00 ,-0.56
18228 ,0.00 ,-0.56
18246 ,0.00 ,-0.56
18266 ,0.00 ,-0.56
18284 ,0.00 ,-0.10
18302 ,0.00 ,-0.56
18321 ,6.19 ,0.20
18339 ,6.19 ,0.20
18357 ,0.00 ,-0.10
18375 ,0.00 ,-0.10
18394 ,0.00 ,-0.10
18413 ,9.78 ,0.51
18430 ,0.00 ,-0.10
18449 ,0.00 ,-0.10
18468 ,0.00 ,-0.10
18487 ,0.00 ,-0.10
18505 ,0.00 ,-0.10
18524 ,0.00 ,-0.10
18543 ,0.00 ,-0.10
18562 ,0.00 ,-0.56
18580 ,0.00 ,-0.56
18599 ,0.00 ,-0.10
18618 ,0.00 ,-0.56
18636 ,0.00 ,-0.86
18655 ,0.00 ,-0.86
18674 ,0.00 ,-1.47
18693 ,0.00 ,-0.10
18711 ,0.00 ,-1.47
18731 ,0.00 ,-0.56
18749 ,0.00 ,-0.56
18767 ,6.19 ,0.20
18785 ,0.00 ,-0.10
18804 ,9.78 ,0.51
18822 ,9.78 ,0.51
18839 ,9.78 ,0.51
18856 ,0.00 ,-0.10
18876 ,6.19 ,0.20
18893 ,0.00 ,-0.56
18912 ,0.00 ,-0.10
18931 ,9.78 ,0.51
18949 ,6.19 ,0.20
18966 ,0.00 ,-0.10
18984 ,6.19 ,0.20
19003 ,0.00 ,-0.10
19021 ,6.19 ,0.20
19039 ,0.00 ,-0.56
19057 ,0.00 ,-0.56
19077 ,0.00 ,-0.56
19095 ,9.78 ,0.51
19112 ,0.00 ,-0.56
19132 ,6.19 ,0.20
19149 ,0.00 ,-0.10
19168 ,9.78 ,0.51
19185 ,6.19 ,0.20
19204 ,0.00 ,-0.10
19222 ,9.78 ,0.51
19239 ,6.19 ,0.20
19257 ,6.19 ,0.20
19275 ,6.19 ,0.20
19293 ,6.19 ,0.20
19310 ,0.00 ,-0.10
19330 ,9.78 ,0.51
19347 ,6.19 ,0.20
19364 ,9.78 ,0.51
19382 ,0.00 ,-0.10
19401 ,0.00 ,-0.10
19420 ,0.00 ,-0.56
19438 ,6.19 ,0.20
19456 ,0.00 ,-0.10
19475 ,6.19 ,0.20
19492 ,6.19 ,0.20
19510 ,9.78 ,0.51
19527 ,12.36 ,0.81
19547 ,0.00 ,-0.10
19565 ,0.00 ,-0.10
19584 ,0.00 ,-0.10
19603 ,6.19 ,0.20
19620 ,0.00 ,-1.17
19639 ,0.00 ,-0.10
19657 ,9.78 ,0.51
19676 ,0.00 ,-0.10
19694 ,9.78 ,0.51
19712 ,6.19 ,0.20
19730 ,6.19 ,0.20
19747 ,9.78 ,0.51
19765 ,9.78 ,0.51
19782 ,6.19 ,0.20
19801 ,12.36 ,0.81
19819 ,9.78 ,0.51
19836 ,0.00 ,-0.56
19855 ,0.00 ,-0.10
19874 ,6.19 ,0.20
19892 ,0.00 ,-0.10
19910 ,0.00 ,-0.10
19930 ,6.19 ,0.20
19947 ,6.19 ,0.20
19964 ,6.19 ,0.20
19982 ,9.78 ,0.51
20000 ,0.00 ,-0.10
20019 ,9.78 ,0.51
20036 ,0.00 ,-0.56
20055 ,6.19 ,0.20
20073 ,20.26 ,2.19
20091 ,14.50 ,1.12
20110 ,6.19 ,0.20
20128 ,6.19 ,0.20
20146 ,0.00 ,-1.78
20164 ,0.00 ,-0.56
20183 ,0.00 ,-0.10
20202 ,9.78 ,0.51
20219 ,0.00 ,-0.10
20238 ,9.78 ,0.51
20255 ,0.00 ,-0.10
20275 ,0.00 ,-0.56
20293 ,6.19 ,0.20
20311 ,9.78 ,0.51
20329 ,0.00 ,-0.56
20347 ,6.19 ,0.20
20365 ,6.19 ,0.20
20382 ,0.00 ,-0.56
20402 ,6.19 ,0.20
20419 ,9.78 ,0.51
20436 ,0.00 ,-0.10
20455 ,9.78 ,0.51
20473 ,9.78 ,0.51
20491 ,12.36 ,0.81
20509 ,9.78 ,0.51
20528 ,6.19 ,0.20
20545 ,0.00 ,-0.10
20563 ,0.00 ,-0.10
20582 ,6.19 ,0.20
20600 ,6.19 ,0.20
20618 ,6.19 ,0.20
20635 ,6.19 ,0.20
20653 ,9.78 ,0.51
20671 ,9.78 ,0.51
20688 ,14.50 ,1.12
20707 ,9.78 ,0.51
20724 ,0.00 ,-1.17
20744 ,6.19 ,0.20
20761 ,14.50 ,1.12
20780 ,6.19 ,0.20
20798 ,6.19 ,0.20
20815 ,0.00 ,-0.56
20834 ,0.00 ,-0.56
20852 ,0.00 ,-0.10
20872 ,0.00 ,-0.10
20890 ,0.00 ,-0.10
20909 ,6.19 ,0.20
20927 ,9.78 ,0.51
20944 ,6.19 ,0.20
20962 ,12.36 ,0.81
20980 ,6.19 ,0.20
20999 ,9.78 ,0.51
21016 ,0.00 ,-0.10
21035 ,6.19 ,0.20
21052 ,6.19 ,0.20
21070 ,0.00 ,-0.10
21089 ,0.00 ,-0.86
21107 ,0.00 ,-0.56
21127 ,0.00 ,-0.56
21145 ,6.19 ,0.20
21163 ,0.00 ,-0.56
21181 ,0.00 ,-0.86
21200 ,0.00 ,-0.56
21219 ,0.00 ,-0.10
21237 ,6.19 ,0.20
21255 ,0.00 ,-0.10
21274 ,0.00 ,-0.10
21293 ,6.19 ,0.20
21310 ,6.19 ,0.20
21328 ,6.19 ,0.20
21346 ,6.19 ,0.20
21363 ,9.78 ,0.51
21381 ,6.19 ,0.20
21399 ,0.00 ,-0.10
21417 ,9.78 ,0.51
21435 ,6.19 ,0.20
21452 ,9.78 ,0.51
21471 ,9.78 ,0.51
21488 ,12.36 ,0.81
21507 ,6.19 ,0.20
21524 ,9.78 ,0.51
21542 ,6.19 ,0.20
21560 ,9.78 ,0.51
21577 ,20.26 ,2.19
21597 ,6.19 ,0.20
21614 ,9.78 ,0.51
21632 ,12.36 ,0.81
21650 ,9.78 ,0.51
21668 ,9.78 ,0.51
21686 ,0.00 ,-0.10
21704 ,12.36 ,0.81
21723 ,6.19 ,0.20
21741 ,12.36 ,0.81
21760 ,9.78 ,0.51
21777 ,0.00 ,-0.10
21796 ,9.78 ,0.51
21814 ,0.00 ,-0.56
21832 ,0.00 ,-0.56
21851 ,0.00 ,-0.10
21870 ,9.78 ,0.51
21888 ,0.00 ,-0.10
21906 ,14.50 ,1.12
21925 ,6.19 ,0.20
21943 ,6.19 ,0.20
21960 ,9.78 ,0.51
21978 ,6.19 ,0.20
21996 ,9.78 ,0.51
22013 ,9.78 ,0.51
22031 ,6.19 ,0.20
22048 ,6.19 ,0.20
22067 ,6.19 ,0.20
22084 ,0.00 ,-0.10
22103 ,0.00 ,-0.56
22121 ,0.00 ,-0.56
22140 ,0.00 ,-0.56
22159 ,0.00 ,-0.56
22177 ,0.00 ,-0.10
22197 ,0.00 ,-0.86
22215 ,0.00 ,-1.17
22234 ,0.00 ,-0.86
22252 ,6.19 ,0.20
22270 ,0.00 ,-0.10
22289 ,6.19 ,0.20
22306 ,6.19 ,0.20
22325 ,0.00 ,-0.56
22343 ,0.00 ,-0.56
22362 ,6.19 ,0.20
22379 ,9.78 ,0.51
22397 ,6.19 ,0.20
22415 ,6.19 ,0.20
22432 ,6.19 ,0.20
22450 ,9.78 ,0.51
22468 ,9.78 ,0.51
22486 ,12.36 ,0.81
22504 ,0.00 ,-0.10
22522 ,6.19 ,0.20
22541 ,6.19 ,0.20
22558 ,6.19 ,0.20
22576 ,6.19 ,0.20
22594 ,0.00 ,-0.10
22612 ,0.00 ,-0.56
22631 ,0.00 ,-0.10
22649 ,0.00 ,-0.10
22669 ,6.19 ,0.20
22686 ,6.19 ,0.20
22704 ,9.78 ,0.51
22721 ,9.78 ,0.51
22739 ,6.19 ,0.20
22757 ,0.00 ,-0.10
22775 ,0.00 ,-0.10
22795 ,0.00 ,-0.10
22813 ,0.00 ,-0.56
22832 ,0.00 ,-0.10
22850 ,6.19 ,0.20
22868 ,6.19 ,0.20
22886 ,0.00 ,-0.10
22904 ,12.36 ,0.81
22924 ,9.78 ,0.51
22941 ,9.78 ,0.51
22959 ,12.36 ,0.81
22977 ,12.36 ,0.81
22996 ,0.00 ,-0.10
23015 ,0.00 ,-0.10
23033 ,0.00 ,-0.10
23052 ,0.00 ,-0.10
23071 ,0.00 ,-0.56
23090 ,6.19 ,0.20
23107 ,0.00 ,-0.10
23127 ,6.19 ,0.20
23144 ,9.78 ,0.51
23161 ,9.78 ,0.51
23179 ,6.19 ,0.20
23197 ,9.78 ,0.51
23215 ,6.19 ,0.20
23232 ,9.78 ,0.51
23249 ,9.78 ,0.51
23268 ,6.19 ,0.20
23285 ,6.19 ,0.20
23303 ,6.19 ,0.20
23320 ,6.19 ,0.20
23339 ,0.00 ,-0.56
23357 ,6.19 ,0.20
23374 ,0.00 ,-0.10
23394 ,6.19 ,0.20
23411 ,9.78 ,0.51
23429 ,6.19 ,0.20
23446 ,6.19 ,0.20
23464 ,6.19 ,0.20
23482 ,12.36 ,0.81
23500 ,9.78 ,0.51
23518 ,9.78 ,0.51
23536 ,6.19 ,0.20
23554 ,6.19 ,0.20
23571 ,0.00 ,-0.10
23590 ,6.19 ,0.20
23608 ,0.00 ,-0.10
23626 ,6.19 ,0.20
23644 ,9.78 ,0.51
23662 ,12.36 ,0.81
23681 ,9.78 ,0.51
23698 ,6.19 ,0.20
23715 ,9.78 ,0.51
23734 ,0.00 ,-0.10
23752 ,6.19 ,0.20
23770 ,6.19 ,0.20
23787 ,0.00 ,-0.56
23806 ,0.00 ,-2.08
23825 ,0.00 ,-0.56
23843 ,9.78 ,0.51
23862 ,6.19 ,0.20
23879 ,6.19 ,0.20
23897 ,9.78 ,0.51
23914 ,20.26 ,2.19
23933 ,43.26 ,9.97
23952 ,53.61 ,15.31
23971 ,57.48 ,17.60
23992 ,60.63 ,19.58
24011 ,57.97 ,17.90
24031 ,55.19 ,16.22
24050 ,49.44 ,13.02
24071 ,59.44 ,18.82
24090 ,73.45 ,28.74
24110 ,92.44 ,45.52
24130 ,105.87 ,59.71
24151 ,114.20 ,69.47
24171 ,119.23 ,75.73
24193 ,126.80 ,85.65
24213 ,134.58 ,96.48
24233 ,150.36 ,120.44
24256 ,153.38 ,125.32
24278 ,111.15 ,65.81
24298 ,102.29 ,55.74
24318 ,150.36 ,120.44
24341 ,113.70 ,68.86
24361 ,95.64 ,48.72
24381 ,151.59 ,122.42
24403 ,131.78 ,92.51
24424 ,149.69 ,119.37
24445 ,143.04 ,108.99
24468 ,140.61 ,105.33
24489 ,122.55 ,80.00
24510 ,144.53 ,111.28
24532 ,142.33 ,107.92
24554 ,133.83 ,95.41
24574 ,136.37 ,99.08
24596 ,135.00 ,97.09
24616 ,142.13 ,107.62
24638 ,136.58 ,99.38
24659 ,135.00 ,97.09
24680 ,142.13 ,107.62
24701 ,142.74 ,108.53
24724 ,147.28 ,115.55
24745 ,137.73 ,101.06
24767 ,131.56 ,92.21
24788 ,118.99 ,75.43
24809 ,136.37 ,99.08
24829 ,117.66 ,73.75
24850 ,130.14 ,90.23
24871 ,129.37 ,89.16
24892 ,115.57 ,71.15
24912 ,133.19 ,94.50
24934 ,132.97 ,94.19
24954 ,118.99 ,75.43
24975 ,117.90 ,74.05
24996 ,114.20 ,69.47
25017 ,123.01 ,80.61
25037 ,118.99 ,75.43
25059 ,134.36 ,96.18
25079 ,119.71 ,76.34
25100 ,100.17 ,53.45
25121 ,110.63 ,65.20
25142 ,93.36 ,46.44
25161 ,118.75 ,75.12
25182 ,113.44 ,68.56
25203 ,122.78 ,80.31
25224 ,118.51 ,74.82
25244 ,116.31 ,72.07
25266 ,112.30 ,67.19
25286 ,111.15 ,65.81
25307 ,102.29 ,55.74
25328 ,122.08 ,79.39
25349 ,118.51 ,74.82
25369 ,128.48 ,87.94
25391 ,129.92 ,89.92
25411 ,95.64 ,48.72
25431 ,125.78 ,84.27
25451 ,127.25 ,86.26
25473 ,116.56 ,72.37
25493 ,117.17 ,73.14
25513 ,115.82 ,71.46
25535 ,112.30 ,67.19
25555 ,102.57 ,56.05
25576 ,109.85 ,64.29
25597 ,100.17 ,53.45
25618 ,116.56 ,72.37
25638 ,98.29 ,51.47
25659 ,113.07 ,68.10
25679 ,98.59 ,51.78
25699 ,82.10 ,35.91
25719 ,87.34 ,40.64
25739 ,63.62 ,21.57
25758 ,0.00 ,-7.58
25777 ,0.00 ,-47.25
25797 ,0.00 ,-102.18
25818 ,0.00 ,-168.24
25838 ,0.00 ,-231.26
25860 ,0.00 ,-283.59
25880 ,0.00 ,-327.99
25901 ,0.00 ,-366.14
25922 ,0.00 ,-399.40
25943 ,0.00 ,-423.96
25963 ,0.00 ,-442.73
25984 ,0.00 ,-437.54
26005 ,0.00 ,-436.48
26025 ,0.00 ,-419.69
26046 ,0.00 ,-385.82
26067 ,0.00 ,-381.55
26088 ,0.00 ,-363.24
26108 ,0.00 ,-357.59
26130 ,0.00 ,-353.02
26150 ,0.00 ,-340.81
26171 ,0.00 ,-339.28
26192 ,0.00 ,-327.99
26213 ,0.00 ,-330.74
26233 ,0.00 ,-329.37
26255 ,0.00 ,-333.33
26275 ,0.00 ,-327.69
26296 ,0.00 ,-337.30
26316 ,0.00 ,-341.27
26338 ,0.00 ,-337.91
26358 ,0.00 ,-321.43
26379 ,0.00 ,-325.70
26400 ,0.00 ,-331.96
26421 ,0.00 ,-322.19
26441 ,0.00 ,-314.11
26463 ,0.00 ,-318.23
26483 ,0.00 ,-319.45
26504 ,0.00 ,-312.12
26525 ,0.00 ,-320.82
26546 ,0.00 ,-313.50
26566 ,0.00 ,-310.75
26588 ,0.00 ,-315.02
26608 ,0.00 ,-318.53
26629 ,0.00 ,-310.14
26649 ,0.00 ,-313.50
26671 ,0.00 ,-312.43
26691 ,0.00 ,-318.53
26712 ,0.00 ,-311.82
26733 ,0.00 ,-310.75
26754 ,0.00 ,-305.56
26774 ,0.00 ,-310.14
26796 ,0.00 ,-310.14
26816 ,0.00 ,-306.17
26836 ,0.00 ,-307.24
26858 ,0.00 ,-296.71
26878 ,0.00 ,-295.04
26899 ,0.00 ,-294.12
26920 ,0.00 ,-291.83
26941 ,0.00 ,-291.83
26961 ,0.00 ,-287.86
26982 ,0.00 ,-282.83
27003 ,0.00 ,-282.22
27024 ,0.00 ,-279.32
27044 ,0.00 ,-274.28
27066 ,0.00 ,-276.27
27086 ,0.00 ,-273.98
27107 ,0.00 ,-273.06
27128 ,0.00 ,-275.05
27149 ,0.00 ,-267.72
27169 ,0.00 ,-262.84
27191 ,0.00 ,-259.48
27211 ,0.00 ,-252.92
27232 ,0.00 ,-249.11
27253 ,0.00 ,-245.45
27274 ,0.00 ,-244.84
27294 ,0.00 ,-243.16
27315 ,0.00 ,-242.85
27336 ,0.00 ,-243.77
27357 ,0.00 ,-242.85
27377 ,0.00 ,-238.58
27399 ,0.00 ,-234.92
27419 ,0.00 ,-232.33
27440 ,0.00 ,-228.05
27461 ,0.00 ,-226.07
27482 ,0.00 ,-223.78
27502 ,0.00 ,-225.46
27524 ,0.00 ,-221.49
27544 ,0.00 ,-216.92
27565 ,0.00 ,-212.64
27586 ,0.00 ,-209.90
27607 ,0.00 ,-205.32
27627 ,0.00 ,-202.73
27648 ,0.00 ,-198.15
27669 ,0.00 ,-192.81
27689 ,0.00 ,-187.01
27710 ,0.00 ,-183.35
27731 ,0.00 ,-184.26
27752 ,0.00 ,-185.33
27772 ,0.00 ,-183.04
27794 ,0.00 ,-179.99
27814 ,0.00 ,-174.19
27835 ,0.00 ,-168.24
27856 ,0.00 ,-160.61
27877 ,0.00 ,-154.36
27897 ,0.00 ,-148.10
27919 ,0.00 ,-126.13
27939 ,0.00 ,-80.51
27959 ,0.00 ,-19.02
27978 ,94.13 ,47.20
27999 ,152.63 ,124.10
28020 ,152.16 ,123.34
28042 ,110.37 ,64.90
28063 ,146.79 ,114.79
28085 ,159.33 ,135.24
28106 ,144.53 ,111.28
28129 ,155.79 ,129.29
28150 ,158.88 ,134.47
28172 ,144.04 ,110.52
28194 ,137.32 ,100.45
28216 ,141.43 ,106.55
28237 ,124.29 ,82.29
28259 ,126.23 ,84.89
28279 ,104.37 ,58.03
28300 ,94.73 ,47.81
28320 ,113.07 ,68.10
28341 ,123.83 ,81.68
28361 ,140.82 ,105.64
28384 ,134.36 ,96.18
28404 ,102.57 ,56.05
28425 ,118.51 ,74.82
28445 ,93.36 ,46.44
28466 ,87.67 ,40.94
28485 ,104.92 ,58.64
28506 ,102.85 ,56.35
28527 ,114.45 ,69.78
28548 ,114.45 ,69.78
28568 ,117.90 ,74.05
28590 ,93.06 ,46.13
28609 ,83.66 ,37.28
28628 ,111.15 ,65.81
28650 ,104.65 ,58.34
28670 ,98.00 ,51.17
28690 ,124.29 ,82.29
28710 ,102.29 ,55.74
28732 ,105.87 ,59.71
28752 ,125.32 ,83.66
28773 ,119.23 ,75.73
28794 ,129.92 ,89.92
28815 ,115.82 ,71.46
28835 ,125.09 ,83.36
28857 ,110.63 ,65.20
28877 ,118.14 ,74.36
28898 ,103.68 ,57.27
28919 ,85.18 ,38.65
28939 ,96.08 ,49.18
28958 ,108.67 ,62.91
28979 ,106.41 ,60.32
29000 ,82.97 ,36.67
29020 ,102.29 ,55.74
29040 ,100.46 ,53.76
29062 ,113.07 ,68.10
29082 ,108.41 ,62.61
29103 ,119.47 ,76.04
29124 ,108.94 ,63.22
29145 ,116.56 ,72.37
29165 ,107.88 ,62.00
29187 ,112.30 ,67.19
29207 ,70.05 ,26.14
29227 ,91.03 ,44.15
29247 ,106.14 ,60.01
29267 ,90.40 ,43.54
29287 ,95.04 ,48.11
29306 ,91.35 ,44.45
29327 ,98.88 ,52.08
29346 ,114.20 ,69.47
29367 ,96.97 ,50.10
29387 ,82.97 ,36.67
29407 ,87.67 ,40.94
29426 ,90.72 ,43.84
29447 ,97.27 ,50.40
29466 ,105.46 ,59.25
29487 ,110.89 ,65.51
29507 ,110.63 ,65.20
29529 ,110.11 ,64.59
29549 ,109.85 ,64.29
29570 ,103.13 ,56.66
29591 ,98.88 ,52.08
29611 ,96.68 ,49.79
29630 ,87.67 ,40.94
29650 ,77.62 ,32.09
29670 ,65.84 ,23.09
29689 ,44.88 ,10.73
29709 ,0.00 ,-6.81
29728 ,0.00 ,-21.00
29748 ,0.00 ,-31.23
29767 ,0.00 ,-40.69
29788 ,0.00 ,-53.50
29807 ,0.00 ,-72.58
29827 ,0.00 ,-100.50
29848 ,0.00 ,-132.69
29869 ,0.00 ,-152.83
29889 ,0.00 ,-128.42
29910 ,0.00 ,-64.34
29930 ,0.00 ,-4.98
29948 ,86.18 ,39.57
29968 ,113.70 ,68.86
29989 ,128.70 ,88.24
30010 ,113.95 ,69.17
30030 ,89.77 ,42.93
30051 ,60.15 ,19.28
30070 ,0.00 ,-53.50
30090 ,0.00 ,-149.17
30110 ,0.00 ,-340.81
30132 ,0.00 ,-497.20
30152 ,0.00 ,-480.11
30173 ,0.00 ,-488.66
30194 ,0.00 ,-470.04
30215 ,0.00 ,-464.70
30235 ,0.00 ,-457.84
30257 ,0.00 ,-430.83
30277 ,0.00 ,-429.30
30298 ,0.00 ,-407.64
30319 ,0.00 ,-382.62
30340 ,0.00 ,-378.34
30360 ,0.00 ,-365.53
30382 ,0.00 ,-373.00
30402 ,0.00 ,-356.37
30423 ,0.00 ,-356.37
30443 ,0.00 ,-348.74
30465 ,0.00 ,-352.40
30485 ,0.00 ,-344.17
30505 ,0.00 ,-342.18
30527 ,0.00 ,-344.78
30547 ,0.00 ,-343.10
30568 ,0.00 ,-344.17
30589 ,0.00 ,-349.81
30610 ,0.00 ,-348.13
30630 ,0.00 ,-349.35
30652 ,0.00 ,-340.81
30672 ,0.00 ,-341.57
30693 ,0.00 ,-345.54
30714 ,0.00 ,-344.47
30735 ,0.00 ,-337.30
30755 ,0.00 ,-322.50
30776 ,0.00 ,-324.18
30797 ,0.00 ,-318.23
30818 ,0.00 ,-326.77
30838 ,0.00 ,-318.53
30860 ,0.00 ,-316.85
30880 ,0.00 ,-306.48
30901 ,0.00 ,-312.43
30922 ,0.00 ,-313.19
30943 ,0.00 ,-307.24
30963 ,0.00 ,-310.45
30985 ,0.00 ,-309.53
31005 ,0.00 ,-311.21
31026 ,0.00 ,-306.17
31047 ,0.00 ,-303.58
31068 ,0.00 ,-312.43
31088 ,0.00 ,-308.92
31109 ,0.00 ,-299.92
31130 ,0.00 ,-299.31
31151 ,0.00 ,-290.46
31171 ,0.00 ,-296.41
31193 ,0.00 ,-280.85
31213 ,0.00 ,-284.81
31234 ,0.00 ,-280.54
31255 ,0.00 ,-279.62
31276 ,0.00 ,-278.56
31296 ,0.00 ,-279.01
31318 ,0.00 ,-275.05
31338 ,0.00 ,-275.05
31358 ,0.00 ,-275.96
31380 ,0.00 ,-278.56
31400 ,0.00 ,-279.62
31421 ,0.00 ,-278.25
31441 ,0.00 ,-286.19
31463 ,0.00 ,-279.32
31483 ,0.00 ,-283.90
31504 ,0.00 ,-282.22
31525 ,0.00 ,-285.12
31546 ,0.00 ,-285.58
31566 ,0.00 ,-283.59
31588 ,0.00 ,-284.81
31608 ,0.00 ,-279.93
31629 ,0.00 ,-274.74
31650 ,0.00 ,-262.23
31671 ,0.00 ,-251.09
31691 ,0.00 ,-243.46
31713 ,0.00 ,-233.24
31733 ,0.00 ,-214.47
31754 ,0.00 ,-205.01
31774 ,0.00 ,-204.10
31796 ,0.00 ,-205.93
31816 ,0.00 ,-208.68
31837 ,0.00 ,-210.66
31858 ,0.00 ,-212.19
31879 ,0.00 ,-208.68
31899 ,0.00 ,-203.64
31921 ,0.00 ,-197.39
31941 ,0.00 ,-193.11
31962 ,0.00 ,-189.30
31983 ,0.00 ,-185.64
32004 ,0.00 ,-182.28
32024 ,0.00 ,-181.36
32046 ,0.00 ,-179.38
32066 ,0.00 ,-177.40
32087 ,0.00 ,-175.72
32107 ,0.00 ,-172.82
32129 ,0.00 ,-167.94
32149 ,0.00 ,-162.90
32169 ,0.00 ,-156.65
32191 ,0.00 ,-150.09
32211 ,0.00 ,-143.52
32232 ,0.00 ,-136.96
32253 ,0.00 ,-131.47
32274 ,0.00 ,-122.93
32294 ,0.00 ,-103.55
32316 ,0.00 ,-80.51
32335 ,0.00 ,-59.15
32355 ,0.00 ,-35.80
32375 ,32.70 ,5.70
32394 ,111.15 ,65.81
32414 ,164.46 ,144.09
32436 ,141.73 ,107.01
32458 ,131.35 ,91.90
32479 ,131.02 ,91.45
32499 ,125.55 ,83.97
32521 ,133.62 ,95.11
32541 ,136.37 ,99.08
32562 ,160.05 ,136.46
32584 ,143.64 ,109.91
32606 ,144.53 ,111.28
32627 ,113.44 ,68.56
32649 ,132.97 ,94.19
32669 ,116.07 ,71.76
32690 ,135.95 ,98.46
32711 ,123.83 ,81.68
32732 ,137.32 ,100.45
32753 ,129.15 ,88.85
32775 ,126.23 ,84.89
32795 ,134.04 ,95.72
32816 ,119.71 ,76.34
32836 ,139.49 ,103.65
32859 ,113.95 ,69.17
32879 ,122.78 ,80.31
32900 ,124.75 ,82.90
32921 ,105.87 ,59.71
32942 ,115.57 ,71.15
32962 ,109.85 ,64.29
32984 ,130.14 ,90.23
33004 ,119.23 ,75.73
33025 ,122.31 ,79.70
33046 ,115.82 ,71.46
33067 ,111.79 ,66.58
33087 ,117.90 ,74.05
33108 ,105.87 ,59.71
33129 ,118.14 ,74.36
33149 ,129.37 ,89.16
33170 ,125.32 ,83.66
33191 ,127.92 ,87.17
33212 ,133.40 ,94.80
33232 ,129.15 ,88.85
33254 ,119.47 ,76.04
33274 ,98.00 ,51.17
33294 ,120.31 ,77.10
33315 ,106.68 ,60.63
33336 ,116.07 ,71.76
33356 ,118.99 ,75.43
33378 ,97.56 ,50.71
33397 ,113.95 ,69.17
33418 ,112.30 ,67.19
33438 ,123.59 ,81.38
33460 ,118.14 ,74.36
33480 ,106.95 ,60.93
33501 ,114.70 ,70.09
33522 ,98.29 ,51.47
33542 ,121.02 ,78.02
33562 ,113.95 ,69.17
33584 ,127.92 ,87.17
33604 ,119.47 ,76.04
33625 ,117.90 ,74.05
33646 ,125.09 ,83.36
33667 ,114.45 ,69.78
33687 ,105.46 ,59.25
33709 ,115.82 ,71.46
33729 ,130.80 ,91.14
33750 ,104.37 ,58.03
33770 ,123.25 ,80.92
33792 ,114.45 ,69.78
33812 ,121.84 ,79.09
33832 ,115.82 ,71.46
33854 ,110.11 ,64.59
33874 ,125.78 ,84.27
33895 ,115.32 ,70.85
33916 ,113.70 ,68.86
33937 ,113.95 ,69.17
33957 ,110.37 ,64.90
33979 ,115.32 ,70.85
33999 ,112.56 ,67.49
34020 ,70.05 ,26.14
34040 ,101.31 ,54.67
34061 ,91.03 ,44.15
34080 ,118.75 ,75.12
34101 ,92.75 ,45.83
34121 ,106.41 ,60.32
34142 ,91.35 ,44.45
34161 ,89.77 ,42.93
34182 ,79.98 ,34.08
34201 ,88.96 ,42.16
34221 ,77.62 ,32.09
34241 ,38.72 ,7.99
34259 ,0.00 ,-12.15
34279 ,0.00 ,-28.63
34298 ,0.00 ,-42.98
34319 ,0.00 ,-64.03
34338 ,0.00 ,-81.12
34358 ,0.00 ,-86.77
34378 ,0.00 ,-79.44
34398 ,0.00 ,-67.39
34417 ,0.00 ,-54.57
34437 ,0.00 ,-54.57
34457 ,0.00 ,-68.30
34477 ,0.00 ,-93.02
34496 ,0.00 ,-128.42
34518 ,0.00 ,-190.52
34538 ,0.00 ,-289.85
34558 ,0.00 ,-440.44
34580 ,0.00 ,-557.01
34600 ,0.00 ,-572.88
34621 ,0.00 ,-566.01
34642 ,0.00 ,-525.89
34663 ,0.00 ,-511.09
34683 ,0.00 ,-518.26
34705 ,0.00 ,-516.27
34725 ,0.00 ,-515.05
34746 ,0.00 ,-501.17
34766 ,0.00 ,-515.66
34788 ,0.00 ,-515.97
34808 ,0.00 ,-488.05
34829 ,0.00 ,-486.37
34850 ,0.00 ,-461.19
34871 ,0.00 ,-469.28
34891 ,0.00 ,-486.37
34913 ,0.00 ,-470.35
34933 ,0.00 ,-473.55
34954 ,0.00 ,-458.45
34975 ,0.00 ,-432.51
34996 ,0.00 ,-430.53
35016 ,0.00 ,-426.25
35038 ,0.00 ,-410.84
35058 ,0.00 ,-398.03
35079 ,0.00 ,-394.36
35099 ,0.00 ,-399.09
35121 ,0.00 ,-380.94
35141 ,0.00 ,-387.80
35162 ,0.00 ,-377.73
35183 ,0.00 ,-372.70
35204 ,0.00 ,-362.93
35224 ,0.00 ,-351.64
35246 ,0.00 ,-348.44
35266 ,0.00 ,-352.40
35287 ,0.00 ,-353.02
35308 ,0.00 ,-337.91
35329 ,0.00 ,-335.93
35349 ,0.00 ,-337.60
35371 ,0.00 ,-343.56
35391 ,0.00 ,-339.59
35411 ,0.00 ,-335.01
35432 ,0.00 ,-317.16
35453 ,0.00 ,-314.41
35474 ,0.00 ,-314.11
35494 ,0.00 ,-314.72
35516 ,0.00 ,-308.92
35536 ,0.00 ,-308.46
35557 ,0.00 ,-304.19
35578 ,0.00 ,-303.27
35599 ,0.00 ,-288.17
35619 ,0.00 ,-292.44
35641 ,0.00 ,-293.66
35661 ,0.00 ,-295.04
35682 ,0.00 ,-286.19
35703 ,0.00 ,-284.51
35724 ,0.00 ,-273.98
35744 ,0.00 ,-273.98
35765 ,0.00 ,-271.08
35786 ,0.00 ,-261.93
35807 ,0.00 ,-263.45
35827 ,0.00 ,-260.55
35849 ,0.00 ,-253.69
35869 ,0.00 ,-249.11
35890 ,0.00 ,-257.20
35911 ,0.00 ,-254.60
35932 ,0.00 ,-256.89
35952 ,0.00 ,-251.09
35974 ,0.00 ,-249.72
35994 ,0.00 ,-247.13
36015 ,0.00 ,-248.04
36036 ,0.00 ,-245.14
36057 ,0.00 ,-244.84
36077 ,0.00 ,-234.31
36098 ,0.00 ,-229.27
36119 ,0.00 ,-228.36
36140 ,0.00 ,-230.04
36160 ,0.00 ,-228.05
36182 ,0.00 ,-220.12
36202 ,0.00 ,-212.64
36222 ,0.00 ,-202.42
36244 ,0.00 ,-189.60
36264 ,0.00 ,-178.47
36285 ,0.00 ,-168.85
36306 ,0.00 ,-163.97
36327 ,0.00 ,-152.83
36347 ,0.00 ,-142.30
36369 ,0.00 ,-129.18
36389 ,0.00 ,-115.91
36410 ,0.00 ,-106.45
36430 ,0.00 ,-96.53
36451 ,0.00 ,-87.07
36470 ,0.00 ,-78.53
36490 ,0.00 ,-70.90
36510 ,0.00 ,-60.83
36530 ,0.00 ,-55.18
36549 ,0.00 ,-46.33
36570 ,0.00 ,-32.45
36589 ,0.00 ,-11.54
36609 ,69.64 ,25.84
36628 ,113.95 ,69.17
36649 ,140.21 ,104.72
36671 ,158.70 ,134.17
36692 ,144.93 ,111.89
36715 ,108.15 ,62.30
36736 ,162.97 ,141.49
36757 ,147.67 ,116.16
36780 ,135.95 ,98.46
36800 ,141.02 ,105.94
36822 ,154.40 ,127.00
36844 ,143.24 ,109.30
36866 ,141.22 ,106.25
36887 ,135.21 ,97.40
36909 ,135.00 ,97.09
36929 ,134.36 ,96.18
36950 ,134.36 ,96.18
36971 ,132.65 ,93.73
36992 ,131.35 ,91.90
37012 ,128.93 ,88.55
37032 ,154.96 ,127.91
37055 ,124.75 ,82.90
37075 ,145.52 ,112.81
37097 ,139.08 ,103.04
37120 ,142.33 ,107.92
37141 ,149.12 ,118.45
37163 ,134.04 ,95.72
37184 ,102.29 ,55.74
37204 ,125.78 ,84.27
37225 ,123.83 ,81.68
37246 ,121.49 ,78.63
37267 ,128.70 ,88.24
37287 ,126.80 ,85.65
37309 ,133.62 ,95.11
37329 ,127.70 ,86.87
37350 ,138.56 ,102.28
37372 ,141.93 ,107.31
37394 ,131.35 ,91.90
37414 ,119.23 ,75.73
37436 ,121.26 ,78.32
37456 ,127.02 ,85.95
37477 ,116.31 ,72.07
37497 ,124.29 ,82.29
37519 ,116.56 ,72.37
37539 ,115.32 ,70.85
37560 ,128.48 ,87.94
37581 ,117.17 ,73.14
37602 ,96.97 ,50.10
37621 ,105.87 ,59.71
37643 ,104.92 ,58.64
37663 ,102.57 ,56.05
37684 ,117.17 ,73.14
37705 ,100.46 ,53.76
37726 ,111.15 ,65.81
37746 ,116.93 ,72.83
37768 ,112.05 ,66.88
37788 ,124.06 ,81.99
37809 ,130.58 ,90.84
37829 ,145.52 ,112.81
37852 ,126.23 ,84.89
37872 ,123.01 ,80.61
37893 ,131.56 ,92.21
37914 ,121.26 ,78.32
37935 ,124.06 ,81.99
37955 ,96.08 ,49.18
37976 ,113.70 ,68.86
37996 ,117.41 ,73.44
38017 ,116.56 ,72.37
38038 ,128.70 ,88.24
38059 ,107.48 ,61.54
38079 ,129.37 ,89.16
38100 ,129.37 ,89.16
38121 ,118.51 ,74.82
38141 ,130.14 ,90.23
38162 ,118.99 ,75.43
38183 ,122.55 ,80.00
38204 ,110.11 ,64.59
38224 ,115.82 ,71.46
38246 ,116.31 ,72.07
38266 ,119.95 ,76.65
38287 ,118.75 ,75.12
38308 ,94.13 ,47.20
38328 ,89.45 ,42.62
38347 ,81.05 ,34.99
38368 ,63.62 ,21.57
38387 ,27.98 ,4.17
38406 ,0.00 ,-17.80
38425 ,0.00 ,-36.72
38446 ,0.00 ,-35.19
38465 ,0.00 ,-39.47
38484 ,0.00 ,-46.03
38505 ,0.00 ,-56.86
38524 ,0.00 ,-63.73
38544 ,0.00 ,-73.19
38563 ,0.00 ,-91.34
38584 ,0.00 ,-125.22
38604 ,0.00 ,-187.01
38625 ,0.00 ,-279.32
38646 ,0.00 ,-354.08
38667 ,0.00 ,-361.56
38687 ,0.00 ,-312.43
38709 ,0.00 ,-319.14
38729 ,0.00 ,-438.76
38750 ,0.00 ,-515.05
38771 ,0.00 ,-539.92
38792 ,0.00 ,-585.39
38812 ,0.00 ,-593.48
38834 ,0.00 ,-571.81
38854 ,0.00 ,-524.21
38875 ,0.00 ,-493.69
38895 ,0.00 ,-483.78
38917 ,0.00 ,-474.62
38937 ,0.00 ,-493.39
38958 ,0.00 ,-504.53
38979 ,0.00 ,-472.94
39000 ,0.00 ,-466.38
39020 ,0.00 ,-459.52
39042 ,0.00 ,-500.86
39062 ,0.00 ,-506.20
39083 ,0.00 ,-470.65
39104 ,0.00 ,-472.64
39124 ,0.00 ,-492.62
39145 ,0.00 ,-483.47
39166 ,0.00 ,-499.95
39187 ,0.00 ,-473.25
39207 ,0.00 ,-478.28
39228 ,0.00 ,-427.93
39249 ,0.00 ,-492.32
39270 ,0.00 ,-478.89
39290 ,0.00 ,-453.26
39312 ,0.00 ,-451.89
39332 ,0.00 ,-452.19
39353 ,0.00 ,-445.63
39374 ,0.00 ,-447.31
39395 ,0.00 ,-439.07
39415 ,0.00 ,-426.25
39437 ,0.00 ,-413.13
39457 ,0.00 ,-412.52
39478 ,0.00 ,-408.55
39499 ,0.00 ,-412.22
39520 ,0.00 ,-389.48
39540 ,0.00 ,-401.69
39561 ,0.00 ,-386.58
39582 ,0.00 ,-376.97
39603 ,0.00 ,-380.94
39623 ,0.00 ,-361.25
39645 ,0.00 ,-361.56
39665 ,0.00 ,-368.43
39686 ,0.00 ,-335.93
39707 ,0.00 ,-342.18
39728 ,0.00 ,-340.50
39748 ,0.00 ,-342.49
39770 ,0.00 ,-327.69
39790 ,0.00 ,-344.78
39811 ,0.00 ,-310.75
39832 ,0.00 ,-303.58
39853 ,0.00 ,-297.02
39873 ,0.00 ,-294.43
39894 ,0.00 ,-294.73
39915 ,0.00 ,-301.29
39936 ,0.00 ,-295.34
39956 ,0.00 ,-286.49
39977 ,0.00 ,-288.78
39998 ,0.00 ,-296.10
40018 ,0.00 ,-275.66
40040 ,0.00 ,-271.39
40060 ,0.00 ,-279.01
40081 ,0.00 ,-264.52
40102 ,0.00 ,-257.96
40123 ,0.00 ,-247.74
40143 ,0.00 ,-251.09
40165 ,0.00 ,-249.11
40185 ,0.00 ,-245.14
40206 ,0.00 ,-251.40
40226 ,0.00 ,-242.55
40248 ,0.00 ,-238.89
40268 ,0.00 ,-232.94
40289 ,0.00 ,-238.89
40310 ,0.00 ,-235.83
40331 ,0.00 ,-230.65
40351 ,0.00 ,-228.05
40373 ,0.00 ,-223.48
40393 ,0.00 ,-214.47
40414 ,0.00 ,-214.17
40435 ,0.00 ,-205.01
40456 ,0.00 ,-194.18
40476 ,0.00 ,-184.26
40498 ,0.00 ,-167.17
40518 ,0.00 ,-153.14
40539 ,0.00 ,-134.68
40559 ,0.00 ,-122.93
40581 ,0.00 ,-109.35
40601 ,0.00 ,-93.33
40621 ,0.00 ,-70.90
40641 ,0.00 ,-43.74
40660 ,0.00 ,-7.88
40679 ,79.98 ,34.08
40699 ,123.59 ,81.38
40720 ,157.52 ,132.18
40741 ,150.17 ,120.13
40764 ,110.63 ,65.20
40784 ,122.08 ,79.39
40805 ,150.36 ,120.44
40826 ,118.75 ,75.12
40848 ,155.23 ,128.37
40869 ,149.12 ,118.45
40891 ,148.25 ,117.08
40913 ,154.59 ,127.30
40935 ,131.02 ,91.45
40955 ,140.21 ,104.72
40978 ,152.16 ,123.34
40999 ,152.63 ,124.10
41021 ,139.49 ,103.65
41043 ,132.00 ,92.82
41064 ,111.15 ,65.81
41084 ,137.52 ,100.75
41107 ,149.12 ,118.45
41128 ,142.13 ,107.62
41150 ,109.20 ,63.52
41171 ,126.23 ,84.89
41192 ,129.15 ,88.85
41212 ,127.70 ,86.87
41234 ,147.67 ,116.16
41255 ,151.78 ,122.72
41277 ,139.49 ,103.65
41299 ,124.29 ,82.29
41320 ,151.78 ,122.72
41341 ,140.41 ,105.03
41364 ,156.79 ,130.96
41385 ,136.16 ,98.77
41406 ,132.00 ,92.82
41427 ,142.54 ,108.23
41449 ,144.53 ,111.28
41470 ,133.19 ,94.50
41491 ,141.93 ,107.31
41513 ,139.90 ,104.26
41535 ,153.00 ,124.71
41556 ,116.07 ,71.76
41578 ,124.29 ,82.29
41598 ,124.29 ,82.29
41619 ,111.15 ,65.81
41640 ,128.48 ,87.94
41661 ,115.32 ,70.85
41681 ,125.55 ,83.97
41703 ,124.06 ,81.99
41723 ,129.92 ,89.92
41744 ,126.46 ,85.19
41765 ,126.80 ,85.65
41786 ,117.66 ,73.75
41806 ,106.14 ,60.01
41828 ,107.21 ,61.24
41848 ,98.88 ,52.08
41868 ,115.32 ,70.85
41888 ,107.88 ,62.00
41910 ,126.00 ,84.58
41930 ,111.54 ,66.27
41951 ,118.51 ,74.82
41972 ,119.23 ,75.73
41993 ,120.78 ,77.71
42013 ,98.59 ,51.78
42034 ,113.70 ,68.86
42054 ,125.09 ,83.36
42075 ,115.82 ,71.46
42096 ,112.56 ,67.49
42117 ,114.70 ,70.09
42137 ,124.06 ,81.99
42158 ,116.56 ,72.37
42179 ,110.63 ,65.20
42200 ,119.71 ,76.34
42220 ,114.45 ,69.78
42242 ,117.90 ,74.05
42262 ,106.14 ,60.01
42283 ,77.06 ,31.64
42303 ,56.98 ,17.29
42322 ,56.98 ,17.29
42342 ,50.01 ,13.33
42362 ,6.19 ,0.20
42380 ,0.00 ,-8.49
42398 ,0.00 ,-20.70
42418 ,0.00 ,-30.62
42438 ,0.00 ,-38.40
42458 ,0.00 ,-47.71
42477 ,0.00 ,-60.52
42498 ,0.00 ,-69.98
42517 ,0.00 ,-86.00
42536 ,0.00 ,-101.26
42557 ,0.00 ,-111.03
42578 ,0.00 ,-124.91
42599 ,0.00 ,-136.66
42619 ,0.00 ,-149.78
42641 ,0.00 ,-179.38
42661 ,0.00 ,-239.19
42682 ,0.00 ,-346.45
42703 ,0.00 ,-495.98
42724 ,0.00 ,-453.56
42744 ,0.00 ,-524.82
42766 ,0.00 ,-570.90
42786 ,0.00 ,-556.71
42807 ,0.00 ,-523.90
42828 ,0.00 ,-466.99
42849 ,0.00 ,-500.56
42869 ,0.00 ,-484.84
42890 ,0.00 ,-482.55
42911 ,0.00 ,-523.29
42932 ,0.00 ,-556.40
42952 ,0.00 ,-507.12
42974 ,0.00 ,-541.60
42994 ,0.00 ,-498.27
43015 ,0.00 ,-515.97
43036 ,0.00 ,-515.05
43057 ,0.00 ,-494.00
43077 ,0.00 ,-478.89
43099 ,0.00 ,-466.38
43119 ,0.00 ,-463.79
43140 ,0.00 ,-470.65
43161 ,0.00 ,-475.54
43182 ,0.00 ,-468.67
43202 ,0.00 ,-457.53
43223 ,0.00 ,-443.34
43244 ,0.00 ,-438.15
43265 ,0.00 ,-452.65
43285 ,0.00 ,-456.92
43307 ,0.00 ,-408.55
43327 ,0.00 ,-393.45
43347 ,0.00 ,-400.92
43369 ,0.00 ,-393.75
43389 ,0.00 ,-388.11
43410 ,0.00 ,-396.04
43431 ,0.00 ,-374.68
43452 ,0.00 ,-371.17
43472 ,0.00 ,-380.33
43494 ,0.00 ,-364.92
43514 ,0.00 ,-362.17
43535 ,0.00 ,-356.37
43555 ,0.00 ,-332.72
43577 ,0.00 ,-346.76
43597 ,0.00 ,-350.12
43618 ,0.00 ,-308.46
43639 ,0.00 ,-329.67
43660 ,0.00 ,-321.13
43680 ,0.00 ,-328.76
43702 ,0.00 ,-311.21
43722 ,0.00 ,-317.46
43743 ,0.00 ,-291.07
43764 ,0.00 ,-292.44
43785 ,0.00 ,-290.76
43805 ,0.00 ,-287.56
43827 ,0.00 ,-273.37
43847 ,0.00 ,-279.32
43868 ,0.00 ,-280.24
43888 ,0.00 ,-279.93
43910 ,0.00 ,-263.45
43930 ,0.00 ,-247.74
43951 ,0.00 ,-255.98
43972 ,0.00 ,-246.36
43993 ,0.00 ,-246.82
44013 ,0.00 ,-235.53
44035 ,0.00 ,-230.95
44055 ,0.00 ,-233.24
44076 ,0.00 ,-220.42
44097 ,0.00 ,-216.46
44118 ,0.00 ,-207.61
44138 ,0.00 ,-208.37
44160 ,0.00 ,-208.68
44180 ,0.00 ,-200.74
44200 ,0.00 ,-196.47
44221 ,0.00 ,-191.59
44242 ,0.00 ,-184.72
44263 ,0.00 ,-186.25
44283 ,0.00 ,-185.03
44305 ,0.00 ,-174.80
44325 ,0.00 ,-173.74
44346 ,0.00 ,-166.87
44367 ,0.00 ,-160.61
44388 ,0.00 ,-160.31
44408 ,0.00 ,-143.83
44430 ,0.00 ,-136.35
44450 ,0.00 ,-127.50
44471 ,0.00 ,-111.03
44492 ,0.00 ,-95.31
44512 ,0.00 ,-80.82
44531 ,0.00 ,-68.61
44551 ,0.00 ,-55.49
44571 ,0.00 ,-35.19
44591 ,0.00 ,-8.49
44609 ,55.19 ,16.22
44630 ,89.45 ,42.62
44649 ,118.14 ,74.36
44669 ,148.25 ,117.08
44692 ,160.49 ,137.22
44713 ,114.70 ,70.09
44734 ,119.95 ,76.65
44755 ,144.04 ,110.52
44777 ,141.22 ,106.25
44798 ,124.29 ,82.29
44819 ,141.02 ,105.94
44841 ,131.78 ,92.51
44862 ,113.70 ,68.86
44882 ,138.56 ,102.28
44905 ,123.01 ,80.61
44925 ,138.56 ,102.28
44947 ,123.25 ,80.92
44968 ,143.84 ,110.21
44990 ,153.56 ,125.62
45011 ,140.61 ,105.33
45034 ,135.43 ,97.70
45054 ,139.49 ,103.65
45076 ,141.22 ,106.25
45099 ,131.02 ,91.45
45119 ,150.74 ,121.05
45140 ,135.43 ,97.70
45162 ,136.58 ,99.38
45182 ,114.45 ,69.78
45203 ,136.58 ,99.38
45224 ,134.79 ,96.79
45245 ,153.00 ,124.71
45266 ,139.49 ,103.65
45289 ,141.93 ,107.31
45310 ,142.13 ,107.62
45332 ,130.36 ,90.53
45352 ,127.02 ,85.95
45374 ,124.75 ,82.90
45394 ,135.21 ,97.40
45415 ,118.75 ,75.12
45436 ,130.14 ,90.23
45457 ,115.07 ,70.54
45477 ,124.52 ,82.60
45499 ,135.95 ,98.46
45519 ,125.55 ,83.97
45540 ,127.02 ,85.95
45561 ,118.99 ,75.43
45582 ,122.31 ,79.70
45602 ,116.07 ,71.76
45624 ,132.22 ,93.12
45644 ,115.07 ,70.54
45665 ,125.78 ,84.27
45685 ,129.37 ,89.16
45707 ,122.08 ,79.39
45727 ,112.05 ,66.88
45748 ,118.75 ,75.12
45769 ,124.29 ,82.29
45790 ,113.95 ,69.17
45810 ,113.44 ,68.56
45832 ,118.75 ,75.12
45852 ,122.55 ,80.00
45873 ,99.17 ,52.39
45893 ,119.71 ,76.34
45914 ,102.85 ,56.35
45934 ,107.48 ,61.54
45956 ,110.37 ,64.90
45976 ,102.01 ,55.44
45997 ,88.96 ,42.16
46016 ,98.88 ,52.08
46036 ,88.64 ,41.86
46056 ,77.62 ,32.09
46075 ,89.45 ,42.62
46096 ,94.43 ,47.50
46115 ,83.31 ,36.98
46135 ,63.62 ,21.57
46155 ,0.00 ,-6.81
46174 ,0.00 ,-42.37
46193 ,0.00 ,-116.67
46214 ,0.00 ,-134.07
46235 ,0.00 ,-116.67
46256 ,0.00 ,-77.15
46275 ,0.00 ,-39.77
46296 ,0.00 ,-24.36
46315 ,0.00 ,-22.99
46334 ,0.00 ,-15.82
46355 ,34.82 ,6.46
46373 ,72.66 ,28.13
46393 ,107.48 ,61.54
46413 ,124.06 ,81.99
46435 ,128.93 ,88.55
46455 ,131.02 ,91.45
46476 ,123.59 ,81.38
46497 ,141.93 ,107.31
46519 ,122.08 ,79.39
46539 ,109.46 ,63.83
46561 ,106.68 ,60.63
46581 ,105.46 ,59.25
46602 ,121.84 ,79.09
46623 ,118.51 ,74.82
46644 ,113.95 ,69.17
46664 ,112.05 ,66.88
46686 ,115.07 ,70.54
46706 ,0.00 ,-585.70
46727 ,0.00 ,-519.02
46747 ,0.00 ,-509.10
46769 ,0.00 ,-519.94
46789 ,0.00 ,-526.50
46810 ,0.00 ,-500.86
46831 ,0.00 ,-497.20
46852 ,0.00 ,-481.79
46872 ,0.00 ,-524.21
46894 ,0.00 ,-494.91
46914 ,0.00 ,-496.90
46935 ,0.00 ,-476.60
46956 ,0.00 ,-476.30
46977 ,0.00 ,-504.83
46997 ,0.00 ,-454.48
47019 ,0.00 ,-438.15
47039 ,0.00 ,-442.12
47059 ,0.00 ,-437.85
47080 ,0.00 ,-448.99
47101 ,0.00 ,-427.63
47122 ,0.00 ,-432.20
47142 ,0.00 ,-431.29
47164 ,0.00 ,-415.42
47184 ,0.00 ,-414.20
47205 ,0.00 ,-380.63
47226 ,0.00 ,-393.45
47247 ,0.00 ,-381.55
47267 ,0.00 ,-331.04
47289 ,0.00 ,-319.45
47309 ,0.00 ,-309.53
47330 ,0.00 ,-312.12
47351 ,0.00 ,-300.38
47372 ,0.00 ,-325.40
47392 ,0.00 ,-316.85
47413 ,0.00 ,-320.52
47434 ,0.00 ,-325.40
47455 ,0.00 ,-325.70
47475 ,0.00 ,-302.66
47497 ,0.00 ,-296.41
47517 ,0.00 ,-296.41
47538 ,0.00 ,-318.53
47559 ,0.00 ,-301.29
47580 ,0.00 ,-302.66
47600 ,0.00 ,-299.31
47622 ,0.00 ,-285.12
47642 ,0.00 ,-281.61
47663 ,0.00 ,-277.03
47684 ,0.00 ,-265.13
47705 ,0.00 ,-249.11
47725 ,0.00 ,-266.50
47746 ,0.00 ,-255.67
47767 ,0.00 ,-261.16
47788 ,0.00 ,-256.59
47808 ,0.00 ,-242.55
47830 ,0.00 ,-242.85
47850 ,0.00 ,-248.65
47870 ,0.00 ,-237.21
47892 ,0.00 ,-234.92
47912 ,0.00 ,-237.51
47933 ,0.00 ,-230.65
47954 ,0.00 ,-232.02
47975 ,0.00 ,-222.41
47995 ,0.00 ,-225.76
48017 ,0.00 ,-220.73
48037 ,0.00 ,-219.51
48058 ,0.00 ,-215.54
48078 ,0.00 ,-219.51
48100 ,0.00 ,-210.96
48120 ,0.00 ,-209.59
48141 ,0.00 ,-207.61
48162 ,0.00 ,-210.96
48183 ,0.00 ,-207.00
48203 ,0.00 ,-200.74
48225 ,0.00 ,-187.31
48245 ,0.00 ,-180.75
48266 ,0.00 ,-176.48
48287 ,0.00 ,-175.41
48308 ,0.00 ,-172.82
48328 ,0.00 ,-162.60
48350 ,0.00 ,-150.85
48370 ,0.00 ,-131.01
48391 ,0.00 ,-97.60
48410 ,0.00 ,-66.01
48431 ,0.00 ,-31.23
48450 ,76.69 ,31.33
48470 ,138.15 ,101.67
48492 ,163.85 ,143.02
48514 ,119.23 ,75.73
48534 ,112.05 ,66.88
48556 ,143.04 ,108.99
48577 ,133.19 ,94.50
48598 ,121.49 ,78.63
48619 ,134.36 ,96.18
48640 ,147.86 ,116.47
48661 ,153.75 ,125.93
48684 ,155.60 ,128.98
48705 ,118.99 ,75.43
48726 ,146.79 ,114.79
48747 ,128.70 ,88.24
48769 ,147.28 ,115.55
48790 ,142.74 ,108.53
48812 ,140.61 ,105.33
48834 ,127.47 ,86.56
48855 ,103.68 ,57.27
48875 ,126.23 ,84.89
48897 ,144.73 ,111.59
48918 ,115.57 ,71.15
48939 ,113.44 ,68.56
48960 ,146.21 ,113.88
48982 ,126.80 ,85.65
49002 ,126.23 ,84.89
49024 ,132.00 ,92.82
49044 ,143.84 ,110.21
49065 ,110.63 ,65.20
49087 ,123.01 ,80.61
49107 ,143.64 ,109.91
49129 ,134.36 ,96.18
49150 ,137.52 ,100.75
49172 ,129.37 ,89.16
49192 ,110.37 ,64.90
49213 ,127.47 ,86.56
49234 ,127.02 ,85.95
49255 ,125.78 ,84.27
49275 ,118.51 ,74.82
49297 ,119.71 ,76.34
49317 ,119.71 ,76.34
49338 ,129.92 ,89.92
49359 ,101.59 ,54.98
49380 ,117.17 ,73.14
49400 ,130.80 ,91.14
49422 ,110.37 ,64.90
49442 ,135.00 ,97.09
49463 ,112.56 ,67.49
49484 ,116.31 ,72.07
49505 ,115.07 ,70.54
49525 ,120.54 ,77.41
49546 ,115.82 ,71.46
49567 ,117.90 ,74.05
49588 ,113.70 ,68.86
49608 ,129.15 ,88.85
49630 ,123.83 ,81.68
49650 ,132.00 ,92.82
49671 ,113.70 ,68.86
49692 ,136.16 ,98.77
49713 ,122.31 ,79.70
49733 ,103.68 ,57.27
49755 ,110.89 ,65.51
49775 ,102.57 ,56.05
49796 ,101.31 ,54.67
49817 ,112.30 ,67.19
49838 ,95.04 ,48.11
49857 ,103.68 ,57.27
49878 ,84.34 ,37.89
49898 ,97.56 ,50.71
49917 ,105.19 ,58.95
49938 ,95.34 ,48.42
49958 ,91.82 ,44.91
49978 ,91.03 ,44.15
49997 ,77.06 ,31.64
50018 ,45.52 ,11.04
50037 ,0.00 ,-1.78
50056 ,0.00 ,-4.22
50074 ,0.00 ,-5.90
50094 ,0.00 ,-5.29
50112 ,0.00 ,-6.20
50130 ,0.00 ,-12.46
50151 ,0.00 ,-18.11
50170 ,0.00 ,-22.38
50190 ,0.00 ,-27.26
50209 ,0.00 ,-30.16
50230 ,0.00 ,-31.53
50249 ,0.00 ,-30.92
50269 ,0.00 ,-30.62
50289 ,0.00 ,-42.67
50309 ,0.00 ,-66.63
50328 ,0.00 ,-97.60
50349 ,0.00 ,-130.71
50369 ,0.00 ,-170.84
50390 ,0.00 ,-230.65
50410 ,0.00 ,-311.51
50432 ,0.00 ,-438.15
50452 ,0.00 ,-445.94
50472 ,0.00 ,-537.03
50494 ,0.00 ,-538.70
50514 ,0.00 ,-624.76
50535 ,0.00 ,-607.67
50556 ,0.00 ,-595.16
50577 ,0.00 ,-611.64
50597 ,0.00 ,-531.84
50619 ,0.00 ,-628.88
50639 ,0.00 ,-567.24
50660 ,0.00 ,-553.50
50681 ,0.00 ,-528.79
50702 ,0.00 ,-560.37
50722 ,0.00 ,-483.47
50743 ,0.00 ,-527.87
50764 ,0.00 ,-482.55
50785 ,0.00 ,-492.32
50805 ,0.00 ,-490.34
50827 ,0.00 ,-515.66
50847 ,0.00 ,-493.39
50868 ,0.00 ,-444.71
50889 ,0.00 ,-494.61
50910 ,0.00 ,-453.26
50930 ,0.00 ,-463.02
50952 ,0.00 ,-405.20
50972 ,0.00 ,-455.85
50993 ,0.00 ,-453.87
51014 ,0.00 ,-438.46
51035 ,0.00 ,-415.11
51055 ,0.00 ,-417.40
51076 ,0.00 ,-425.95
51097 ,0.00 ,-400.31
51118 ,0.00 ,-393.45
51138 ,0.00 ,-404.89
51160 ,0.00 ,-385.21
51180 ,0.00 ,-376.66
51201 ,0.00 ,-367.21
51222 ,0.00 ,-382.92
51243 ,0.00 ,-343.10
51263 ,0.00 ,-354.69
51284 ,0.00 ,-348.44
51305 ,0.00 ,-344.78
51325 ,0.00 ,-332.26
51347 ,0.00 ,-328.76
51367 ,0.00 ,-342.18
51388 ,0.00 ,-329.67
51408 ,0.00 ,-331.04
51430 ,0.00 ,-326.77
51450 ,0.00 ,-319.14
51471 ,0.00 ,-298.39
51492 ,0.00 ,-299.61
51513 ,0.00 ,-296.71
51533 ,0.00 ,-304.95
51555 ,0.00 ,-293.36
51575 ,0.00 ,-301.60
51596 ,0.00 ,-288.78
51617 ,0.00 ,-284.81
51638 ,0.00 ,-266.20
51658 ,0.00 ,-254.60
51680 ,0.00 ,-264.21
51700 ,0.00 ,-251.70
51721 ,0.00 ,-241.48
51741 ,0.00 ,-237.21
51763 ,0.00 ,-231.56
51783 ,0.00 ,-228.66
51804 ,0.00 ,-230.65
51825 ,0.00 ,-234.00
51846 ,0.00 ,-232.63
51866 ,0.00 ,-225.46
51888 ,0.00 ,-217.83
51908 ,0.00 ,-207.91
51929 ,0.00 ,-200.74
51950 ,0.00 ,-190.21
51971 ,0.00 ,-183.96
51991 ,0.00 ,-178.01
52013 ,0.00 ,-159.70
52033 ,0.00 ,-148.56
52054 ,0.00 ,-136.96
52074 ,0.00 ,-124.91
52096 ,0.00 ,-109.35
52116 ,0.00 ,-89.97
52135 ,0.00 ,-68.30
52156 ,0.00 ,-31.53
52175 ,59.44 ,18.82
52195 ,123.25 ,80.92
52216 ,164.11 ,143.48
52238 ,106.14 ,60.01
52258 ,148.25 ,117.08
52281 ,150.17 ,120.13
52302 ,158.34 ,133.56
52324 ,136.16 ,98.77
52345 ,136.79 ,99.69
52366 ,145.32 ,112.50
52387 ,124.29 ,82.29
52408 ,115.32 ,70.85
52429 ,111.79 ,66.58
52450 ,136.79 ,99.69
52470 ,156.15 ,129.90
52493 ,149.50 ,119.06
52514 ,158.34 ,133.56
52536 ,129.92 ,89.92
52557 ,116.56 ,72.37
52578 ,124.06 ,81.99
52598 ,119.95 ,76.65
52620 ,117.41 ,73.44
52640 ,108.67 ,62.91
52661 ,102.85 ,56.35
52682 ,89.77 ,42.93
52702 ,87.34 ,40.64
52721 ,110.63 ,65.20
52743 ,109.20 ,63.52
52763 ,86.52 ,39.87
52783 ,110.89 ,65.51
52803 ,109.46 ,63.83
52825 ,96.08 ,49.18
52844 ,102.85 ,56.35
52865 ,109.20 ,63.52
52886 ,98.29 ,51.47
52905 ,105.87 ,59.71
52926 ,113.95 ,69.17
52947 ,93.06 ,46.13
52967 ,102.29 ,55.74
52987 ,115.57 ,71.15
53009 ,111.54 ,66.27
53029 ,113.70 ,68.86
53050 ,112.05 ,66.88
53070 ,117.17 ,73.14
53092 ,128.48 ,87.94
53112 ,119.23 ,75.73
53133 ,113.70 ,68.86
53154 ,113.07 ,68.10
53175 ,114.45 ,69.78
53195 ,111.15 ,65.81
53217 ,121.84 ,79.09
53237 ,114.45 ,69.78
53258 ,113.44 ,68.56
53279 ,104.92 ,58.64
53300 ,106.68 ,60.63
53320 ,111.79 ,66.58
53342 ,108.15 ,62.30
53362 ,86.18 ,39.57
53382 ,104.37 ,58.03
53402 ,109.46 ,63.83
53424 ,89.77 ,42.93
53443 ,90.40 ,43.54
53463 ,86.52 ,39.87
53483 ,91.35 ,44.45
53502 ,89.45 ,42.62
53522 ,85.52 ,38.96
53542 ,84.34 ,37.89
53562 ,76.69 ,31.33
53581 ,63.62 ,21.57
53601 ,41.23 ,9.05
53620 ,0.00 ,-2.39
53639 ,0.00 ,-10.48
53658 ,0.00 ,-16.43
53679 ,0.00 ,-18.41
53698 ,0.00 ,-23.29
53718 ,0.00 ,-21.61
53737 ,0.00 ,-10.17
53757 ,18.02 ,1.73
53776 ,37.21 ,7.38
53794 ,40.52 ,8.75
53814 ,34.82 ,6.46
53832 ,18.02 ,1.73
53851 ,0.00 ,-7.58
53869 ,0.00 ,-15.36
53890 ,0.00 ,-22.38
53909 ,0.00 ,-34.13
53928 ,0.00 ,-53.50
53949 ,0.00 ,-72.58
53968 ,0.00 ,-88.75
53988 ,0.00 ,-104.46
54009 ,0.00 ,-129.18
54030 ,0.00 ,-159.09
54050 ,0.00 ,-205.32
54071 ,0.00 ,-279.01
54092 ,0.00 ,-380.63
54113 ,0.00 ,-420.00
54133 ,0.00 ,-463.02
54155 ,0.00 ,-456.92
54175 ,0.00 ,-526.50
54196 ,0.00 ,-567.54
54217 ,0.00 ,-598.82
54238 ,0.00 ,-582.34
54258 ,0.00 ,-515.05
54280 ,0.00 ,-506.20
54300 ,0.00 ,-502.24
54321 ,0.00 ,-494.30
54342 ,0.00 ,-495.68
54363 ,0.00 ,-442.73
54383 ,0.00 ,-427.32
54404 ,0.00 ,-433.58
54425 ,0.00 ,-431.59
54446 ,0.00 ,-410.84
54466 ,0.00 ,-436.17
54488 ,0.00 ,-423.66
54508 ,0.00 ,-428.24
54529 ,0.00 ,-410.23
54550 ,0.00 ,-398.64
54571 ,0.00 ,-397.42
54591 ,0.00 ,-385.51
54612 ,0.00 ,-375.44
54633 ,0.00 ,-374.38
54653 ,0.00 ,-390.09
54675 ,0.00 ,-372.39
54695 ,0.00 ,-362.63
54716 ,0.00 ,-349.81
54736 ,0.00 ,-352.10
54758 ,0.00 ,-329.98
54778 ,0.00 ,-353.32
54799 ,0.00 ,-339.89
54820 ,0.00 ,-338.22
54841 ,0.00 ,-336.54
54861 ,0.00 ,-324.79
54883 ,0.00 ,-333.03
54903 ,0.00 ,-354.69
54924 ,0.00 ,-319.91
54945 ,0.00 ,-308.92
54966 ,0.00 ,-299.31
54986 ,0.00 ,-292.44
55008 ,0.00 ,-296.41
55028 ,0.00 ,-299.61
55049 ,0.00 ,-290.76
55069 ,0.00 ,-296.10
55091 ,0.00 ,-289.39
55111 ,0.00 ,-277.34
55132 ,0.00 ,-273.98
55153 ,0.00 ,-277.03
55174 ,0.00 ,-269.10
55194 ,0.00 ,-256.59
55216 ,0.00 ,-252.62
55236 ,0.00 ,-253.38
55257 ,0.00 ,-238.89
55278 ,0.00 ,-245.75
55299 ,0.00 ,-239.50
55319 ,0.00 ,-230.95
55341 ,0.00 ,-234.31
55361 ,0.00 ,-226.68
55382 ,0.00 ,-226.68
55402 ,0.00 ,-225.00
55424 ,0.00 ,-215.24
55444 ,0.00 ,-216.15
55464 ,0.00 ,-211.57
55486 ,0.00 ,-205.62
55506 ,0.00 ,-200.44
55527 ,0.00 ,-196.16
55548 ,0.00 ,-191.89
55569 ,0.00 ,-187.93
55589 ,0.00 ,-182.28
55611 ,0.00 ,-171.90
55631 ,0.00 ,-173.43
55652 ,0.00 ,-162.90
55673 ,0.00 ,-153.14
55694 ,0.00 ,-138.95
55714 ,0.00 ,-125.52
55735 ,0.00 ,-114.99
55756 ,0.00 ,-108.74
55777 ,0.00 ,-98.21
55796 ,0.00 ,-82.80
55817 ,0.00 ,-61.13
55836 ,0.00 ,-29.55
55856 ,49.44 ,13.02
55876 ,101.31 ,54.67
55897 ,141.43 ,106.55
55918 ,166.71 ,148.05
55941 ,115.32 ,70.85
55961 ,134.58 ,96.48
55982 ,157.79 ,132.64
56004 ,133.19 ,94.50
56025 ,112.56 ,67.49
56045 ,105.46 ,59.25
56066 ,139.28 ,103.35
56088 ,127.02 ,85.95
56109 ,139.69 ,103.96
56130 ,157.98 ,132.95
56153 ,127.02 ,85.95
56173 ,147.28 ,115.55
56195 ,118.99 ,75.43
56216 ,105.46 ,59.25
56237 ,117.17 ,73.14
56257 ,100.74 ,54.06
56279 ,104.10 ,57.73
56299 ,98.88 ,52.08
56318 ,135.00 ,97.09
56340 ,118.51 ,74.82
56360 ,128.26 ,87.63
56381 ,128.93 ,88.55
56401 ,121.26 ,78.32
56423 ,103.68 ,57.27
56443 ,117.41 ,73.44
56464 ,109.20 ,63.52
56485 ,112.05 ,66.88
56506 ,123.25 ,80.92
56526 ,129.15 ,88.85
56548 ,116.07 ,71.76
56568 ,86.85 ,40.18
56588 ,130.14 ,90.23
56609 ,125.32 ,83.66
56630 ,100.74 ,54.06
56650 ,107.48 ,61.54
56672 ,109.85 ,64.29
56692 ,94.43 ,47.50
56712 ,60.63 ,19.58
56731 ,128.93 ,88.55
56753 ,113.07 ,68.10
56773 ,102.57 ,56.05
56794 ,124.75 ,82.90
56815 ,103.13 ,56.66
56836 ,111.15 ,65.81
56856 ,123.25 ,80.92
56878 ,125.78 ,84.27
56898 ,82.62 ,36.37
56918 ,105.87 ,59.71
56939 ,102.01 ,55.44
56960 ,121.49 ,78.63
56980 ,126.23 ,84.89
57000 ,98.88 ,52.08
57021 ,118.99 ,75.43
57041 ,134.36 ,96.18
57062 ,142.13 ,107.62
57084 ,118.51 ,74.82
57105 ,106.68 ,60.63
57125 ,100.17 ,53.45
57147 ,117.66 ,73.75
57167 ,103.68 ,57.27
57188 ,104.37 ,58.03
57209 ,101.59 ,54.98
57230 ,100.74 ,54.06
57250 ,96.68 ,49.79
57271 ,99.74 ,53.00
57290 ,95.34 ,48.42
57310 ,81.05 ,34.99
57329 ,70.87 ,26.75
57350 ,101.59 ,54.98
57370 ,87.99 ,41.25
57390 ,90.72 ,43.84
57410 ,49.44 ,13.02
57430 ,0.00 ,-26.65
57449 ,0.00 ,-58.54
57469 ,0.00 ,-80.82
57489 ,0.00 ,-99.58
57508 ,0.00 ,-117.59
57529 ,0.00 ,-127.20
57550 ,0.00 ,-134.07
57571 ,0.00 ,-151.46
57591 ,0.00 ,-178.77
57613 ,0.00 ,-217.53
57633 ,0.00 ,-273.98
57654 ,0.00 ,-346.76
57675 ,0.00 ,-391.16
57696 ,0.00 ,-425.64
57716 ,0.00 ,-482.55
57738 ,0.00 ,-524.51
57758 ,0.00 ,-506.81
57779 ,0.00 ,-529.09
57799 ,0.00 ,-544.65
57821 ,0.00 ,-493.39
57841 ,0.00 ,-554.11
57862 ,0.00 ,-520.85
57883 ,0.00 ,-526.80
57904 ,0.00 ,-522.22
57924 ,0.00 ,-497.66
57946 ,0.00 ,-468.67
57966 ,0.00 ,-485.76
57987 ,0.00 ,-482.10
58008 ,0.00 ,-445.63
58029 ,0.00 ,-462.41
58049 ,0.00 ,-446.39
58071 ,0.00 ,-410.84
58091 ,0.00 ,-401.99
58112 ,0.00 ,-410.84
58132 ,0.00 ,-378.04
58153 ,0.00 ,-417.71
58174 ,0.00 ,-402.60
58194 ,0.00 ,-411.91
58216 ,0.00 ,-369.80
58236 ,0.00 ,-391.16
58257 ,0.00 ,-378.04
58278 ,0.00 ,-339.59
58299 ,0.00 ,-370.10
58319 ,0.00 ,-366.90
58341 ,0.00 ,-374.99
58361 ,0.00 ,-340.50
58382 ,0.00 ,-350.42
58403 ,0.00 ,-345.84
58424 ,0.00 ,-331.04
58444 ,0.00 ,-329.98
58465 ,0.00 ,-324.79
58486 ,0.00 ,-313.19
58507 ,0.00 ,-310.45
58527 ,0.00 ,-298.39
58549 ,0.00 ,-297.63
58569 ,0.00 ,-277.03
58590 ,0.00 ,-279.93
58611 ,0.00 ,-288.78
58632 ,0.00 ,-260.86
58652 ,0.00 ,-253.69
58674 ,0.00 ,-253.69
58694 ,0.00 ,-240.11
58715 ,0.00 ,-232.63
58736 ,0.00 ,-234.00
58757 ,0.00 ,-218.14
58777 ,0.00 ,-221.80
58798 ,0.00 ,-223.78
58819 ,0.00 ,-213.86
58840 ,0.00 ,-214.47
58860 ,0.00 ,-210.20
58882 ,0.00 ,-218.75
58902 ,0.00 ,-208.37
58923 ,0.00 ,-205.32
58944 ,0.00 ,-199.83
58964 ,0.00 ,-204.40
58985 ,0.00 ,-202.42
59006 ,0.00 ,-194.79
59027 ,0.00 ,-201.66
59047 ,0.00 ,-197.84
59069 ,0.00 ,-188.23
59089 ,0.00 ,-187.31
59110 ,0.00 ,-183.04
59130 ,0.00 ,-176.79
59152 ,0.00 ,-167.63
59172 ,0.00 ,-159.39
59193 ,0.00 ,-152.37
59214 ,0.00 ,-141.54
59235 ,0.00 ,-133.45
59255 ,0.00 ,-125.22
59277 ,0.00 ,-108.43
59297 ,0.00 ,-89.97
59317 ,0.00 ,-73.19
59337 ,0.00 ,-47.71
59357 ,31.81 ,5.39
59375 ,124.06 ,81.99
59396 ,163.68 ,142.71
59418 ,129.37 ,89.16
59439 ,126.23 ,84.89
59459 ,150.74 ,121.05
59482 ,140.61 ,105.33
59503 ,171.03 ,155.83
59525 ,144.93 ,111.89
59547 ,152.16 ,123.34
59569 ,150.36 ,120.44
59590 ,150.17 ,120.13
59613 ,132.22 ,93.12
59633 ,145.52 ,112.81
59655 ,154.03 ,126.39
59677 ,153.00 ,124.71
59699 ,130.14 ,90.23
59719 ,139.90 ,104.26
59742 ,150.93 ,121.35
59763 ,133.40 ,94.80
59784 ,127.25 ,86.26
59805 ,128.93 ,88.55
59826 ,124.75 ,82.90
59846 ,118.99 ,75.43
59868 ,106.95 ,60.93
59888 ,116.07 ,71.76
59909 ,127.25 ,86.26
59929 ,121.49 ,78.63
59951 ,96.68 ,49.79
59970 ,106.14 ,60.01
59991 ,118.75 ,75.12
60012 ,114.70 ,70.09
60033 ,106.41 ,60.32
60053 ,103.68 ,57.27
60075 ,104.65 ,58.34
60095 ,101.31 ,54.67
60115 ,91.82 ,44.91
60136 ,86.85 ,40.18
60155 ,96.08 ,49.18
60175 ,75.94 ,30.72
60194 ,89.45 ,42.62
60215 ,87.34 ,40.64
60234 ,92.13 ,45.21
60254 ,90.08 ,43.23
60274 ,101.03 ,54.37
60295 ,96.38 ,49.49
60314 ,110.63 ,65.20
60336 ,113.44 ,68.56
60356 ,94.73 ,47.81
60376 ,89.45 ,42.62
60395 ,93.06 ,46.13
60416 ,96.38 ,49.49
60435 ,109.20 ,63.52
60455 ,106.41 ,60.32
60477 ,102.57 ,56.05
60497 ,93.82 ,46.89
60517 ,122.78 ,80.31
60538 ,91.03 ,44.15
60558 ,117.90 ,74.05
60578 ,105.87 ,59.71
60600 ,102.57 ,56.05
60620 ,125.78 ,84.27
60641 ,114.45 ,69.78
60661 ,101.31 ,54.67
60683 ,104.92 ,58.64
60703 ,85.18 ,38.65
60723 ,85.85 ,39.26
60743 ,87.99 ,41.25
60763 ,81.75 ,35.60
60782 ,78.35 ,32.70
60803 ,58.46 ,18.21
60822 ,0.00 ,-17.34
60841 ,0.00 ,-66.01
60861 ,0.00 ,-106.75
60882 ,0.00 ,-122.93
60903 ,0.00 ,-125.52
60923 ,0.00 ,-123.84
60945 ,0.00 ,-113.31
60965 ,0.00 ,-100.80
60986 ,0.00 ,-87.68
61006 ,0.00 ,-73.19
61026 ,0.00 ,-61.74
61045 ,0.00 ,-57.78
61066 ,0.00 ,-64.34
61085 ,0.00 ,-73.95
61105 ,0.00 ,-79.14
61124 ,0.00 ,-82.49
61145 ,0.00 ,-91.04
61164 ,0.00 ,-97.60
61184 ,0.00 ,-100.80
61205 ,0.00 ,-103.09
61225 ,0.00 ,-112.40
61246 ,0.00 ,-119.26
61267 ,0.00 ,-140.32
61288 ,0.00 ,-175.41
61308 ,0.00 ,-226.68
61330 ,0.00 ,-296.41
61350 ,0.00 ,-424.27
61371 ,0.00 ,-427.63
61391 ,0.00 ,-506.20
61413 ,0.00 ,-586.00
61433 ,0.00 ,-700.44
61454 ,0.00 ,-718.29
61475 ,0.00 ,-666.56
61496 ,0.00 ,-699.83
61516 ,0.00 ,-676.18
61538 ,0.00 ,-665.04
61558 ,0.00 ,-613.92
61579 ,0.00 ,-616.82
61600 ,0.00 ,-634.07
61621 ,0.00 ,-645.66
61641 ,0.00 ,-664.28
61663 ,0.00 ,-591.95
61683 ,0.00 ,-587.99
61704 ,0.00 ,-594.24
61724 ,0.00 ,-576.39
61746 ,0.00 ,-580.66
61766 ,0.00 ,-601.41
61787 ,0.00 ,-541.91
61808 ,0.00 ,-542.98
61829 ,0.00 ,-501.93
61849 ,0.00 ,-511.70
61871 ,0.00 ,-513.99
61891 ,0.00 ,-536.41
61912 ,0.00 ,-500.86
61933 ,0.00 ,-500.86
61954 ,0.00 ,-468.67
61974 ,0.00 ,-490.64
61996 ,0.00 ,-460.43
62016 ,0.00 ,-460.13
62036 ,0.00 ,-477.52
62057 ,0.00 ,-453.26
62078 ,0.00 ,-460.74
62099 ,0.00 ,-437.85
62119 ,0.00 ,-434.19
62141 ,0.00 ,-445.02
62161 ,0.00 ,-413.44
62182 ,0.00 ,-408.86
62203 ,0.00 ,-411.45
62224 ,0.00 ,-391.47
62244 ,0.00 ,-409.16
62266 ,0.00 ,-396.35
62286 ,0.00 ,-393.45
62307 ,0.00 ,-392.84
62328 ,0.00 ,-361.25
62349 ,0.00 ,-352.10
62369 ,0.00 ,-335.93
62390 ,0.00 ,-347.06
62411 ,0.00 ,-326.47
62432 ,0.00 ,-330.28
62452 ,0.00 ,-309.84
62474 ,0.00 ,-323.11
62494 ,0.00 ,-305.56
62515 ,0.00 ,-305.87
62536 ,0.00 ,-304.95
62557 ,0.00 ,-296.41
62577 ,0.00 ,-292.75
62599 ,0.00 ,-275.66
62619 ,0.00 ,-270.01
62640 ,0.00 ,-258.87
62661 ,0.00 ,-250.33
62682 ,0.00 ,-239.80
62702 ,0.00 ,-240.87
62723 ,0.00 ,-236.90
62744 ,0.00 ,-234.61
62765 ,0.00 ,-229.27
62785 ,0.00 ,-222.41
62807 ,0.00 ,-217.53
62827 ,0.00 ,-217.83
62848 ,0.00 ,-212.64
62869 ,0.00 ,-207.91
62889 ,0.00 ,-194.18
62910 ,0.00 ,-194.79
62931 ,0.00 ,-189.30
62952 ,0.00 ,-185.03
62972 ,0.00 ,-185.33
62994 ,0.00 ,-179.08
63014 ,0.00 ,-171.14
63035 ,0.00 ,-169.46
63055 ,0.00 ,-165.19
63077 ,0.00 ,-161.38
63097 ,0.00 ,-155.73
63118 ,0.00 ,-146.58
63139 ,0.00 ,-141.54
63160 ,0.00 ,-138.34
63180 ,0.00 ,-138.03
63202 ,0.00 ,-135.74
63222 ,0.00 ,-131.78
63243 ,0.00 ,-127.81
63264 ,0.00 ,-121.86
63285 ,0.00 ,-118.35
63305 ,0.00 ,-117.89
63327 ,0.00 ,-114.99
63347 ,0.00 ,-114.38
63368 ,0.00 ,-109.81
63388 ,0.00 ,-107.82
63410 ,0.00 ,-104.16
63430 ,0.00 ,-103.55
63451 ,0.00 ,-104.16
63472 ,0.00 ,-104.16
63493 ,0.00 ,-103.09
63513 ,0.00 ,-100.19
63535 ,0.00 ,-98.21
63554 ,0.00 ,-74.86
63574 ,0.00 ,-59.76
63594 ,0.00 ,-47.71
63613 ,0.00 ,-32.91
63633 ,0.00 ,-9.87
63651 ,54.67 ,15.92
63672 ,81.75 ,35.60
63691 ,93.06 ,46.13
63711 ,104.92 ,58.64
63732 ,116.93 ,72.83
63753 ,132.22 ,93.12
63773 ,135.43 ,97.70
